row_id,stem摘要,原因分类,row_granularity,source_type,exam_year,original_id,bg_len,所属组(若已定),整题行span,has_answer
9096,【背景资料】某新建别墅群项目，总建筑面积 45000m²，各幢别墅均为地下 1 层，地上 3 层，砖混结构。某施工总承包单位项目部按幢编制了单幢工程施工进度计划。某幢计划工期为 180d，施工进度计划见图 1。 现场监理工程师在审核该进度计划后，要求施工单位制定进度计划和包括材料,整题行(一行含问题1~4)，不是单个小问，subquestion_index 应留空,whole_case,REAL_EXAM,2017,EXAM_1A433000_P0009_01_CASE_cb41e405,520,2017-case1,"[1, 4]",True
9097,某新建别墅群项目，总建筑面积45000m²，各幢别墅均为地下1层，地上3层，砖混结构。某施工总承包单位项目部按幢编制了单幢工程施工作业进度计划。某幢计划工期为180d，施工进度计划见图1。现场监理工程师在审核该进度计划后，要求施工单位制定进度计划和包括材料需求计划在内的资源需求计,整题行(一行含问题1~3)，不是单个小问，subquestion_index 应留空,whole_case,REAL_EXAM,2017,EXAM_1A433000_P0010_04_CASE_b470326f,538,2017-case1,"[1, 3]",True
17079,【背景资料】某新建别墅群项目，总建筑面积 45000m²，各幢别墅均为地下 1 层，地上 3 层，砖混结构。某施工总承包单位项目部按幢编制了单幢工程施工进度计划。某幢计划工期为 180d，施工进度计划见图 1。 现场监理工程师在审核该进度计划后，要求施工单位制定进度计划和包括材料,整题行(一行含问题1~4)，不是单个小问，subquestion_index 应留空,whole_case,REAL_EXAM,2017,EXAM_2017_1A433000_2d338b24,520,2017-case1,"[1, 4]",True
17080,某新建别墅群项目，总建筑面积45000m²，各幢别墅均为地下1层，地上3层，砖混结构。某施工总承包单位项目部按幢编制了单幢工程施工作业进度计划。某幢计划工期为180d，施工进度计划见图1。现场监理工程师在审核该进度计划后，要求施工单位制定进度计划和包括材料需求计划在内的资源需求计,整题行(一行含问题1~3)，不是单个小问，subquestion_index 应留空,whole_case,REAL_EXAM,2017,EXAM_2017_1A433000_6e0c0a7f,538,2017-case1,"[1, 3]",True
9098,【背景资料】某新建住宅工程项目，建筑面积 23000m²，地下 2 层，地上 18 层，现浇钢筋混凝土剪力墙结构，项目实行项目总承包管理。 施工总承包单位项目部技术负责人组织编制了项目质量计划，由项目经理审核后报监理单位审批，该质量计划要求建立的施工过程质量管理记录有：使用机具的,整题行(一行含问题1~4)，不是单个小问，subquestion_index 应留空,whole_case,REAL_EXAM,2017,EXAM_1A434000_P0010_02_CASE_88a93cfa,390,2017-case2,"[1, 4]",True
9099,【背景资料】 某新建住宅工程项目，建筑面积 23000m²，地下 2 层，地上 18 层，现浇钢筋混凝土剪力墙结构，项目实行项目总承包管理。 施工总承包单位项目部技术负责人组织编制了项目质量计划，由项目经理审核后报监理单位审批，该质量计划要求建立的施工过程质量管理记录有：使用机具,整题行(一行含问题1~4)，不是单个小问，subquestion_index 应留空,whole_case,REAL_EXAM,2017,EXAM_1A434000_P0011_01_CASE_84ee4b91,392,2017-case2,"[1, 4]",True
17082,【背景资料】某新建住宅工程项目，建筑面积 23000m²，地下 2 层，地上 18 层，现浇钢筋混凝土剪力墙结构，项目实行项目总承包管理。 施工总承包单位项目部技术负责人组织编制了项目质量计划，由项目经理审核后报监理单位审批，该质量计划要求建立的施工过程质量管理记录有：使用机具的,整题行(一行含问题1~4)，不是单个小问，subquestion_index 应留空,whole_case,REAL_EXAM,2017,EXAM_2017_1A434000_ec9b1bf4,390,2017-case2,"[1, 4]",True
17083,【背景资料】 某新建住宅工程项目，建筑面积 23000m²，地下 2 层，地上 18 层，现浇钢筋混凝土剪力墙结构，项目实行项目总承包管理。 施工总承包单位项目部技术负责人组织编制了项目质量计划，由项目经理审核后报监理单位审批，该质量计划要求建立的施工过程质量管理记录有：使用机具,整题行(一行含问题1~4)，不是单个小问，subquestion_index 应留空,whole_case,REAL_EXAM,2017,EXAM_2017_1A434000_c0e52ca3,392,2017-case2,"[1, 4]",True
9100,【背景资料】 某新建仓储工程，建筑面积 8000m²，地下 1 层，地上 1 层，采用钢筋混凝土筏板基础，建筑高度 12m；地下室为钢筋混凝土框架结构，地上部分为钢结构；筏板基础混凝土等级为 C30，内配双层钢筋网、主筋为Φ20 螺纹钢，基础筏板下三七灰土夯实，无混凝土垫层。 施,整题行(一行含问题1~4)，不是单个小问，subquestion_index 应留空,whole_case,REAL_EXAM,2017,EXAM_1A436000_P0012_02_CASE_860d661a,479,2017-case3,"[1, 4]",True
17085,【背景资料】 某新建仓储工程，建筑面积 8000m²，地下 1 层，地上 1 层，采用钢筋混凝土筏板基础，建筑高度 12m；地下室为钢筋混凝土框架结构，地上部分为钢结构；筏板基础混凝土等级为 C30，内配双层钢筋网、主筋为Φ20 螺纹钢，基础筏板下三七灰土夯实，无混凝土垫层。 施,整题行(一行含问题1~4)，不是单个小问，subquestion_index 应留空,whole_case,REAL_EXAM,2017,EXAM_2017_1A436000_561ebb9e,479,2017-case3,"[1, 4]",True
9101,【背景资料】 某建设单位投资兴建一办公楼，投资概算 25000.00 万元，建筑面积 21000m²；钢筋混凝土框架-剪力墙结构，地下 2 层，层高 4.5m 地上 18 层。层高 3.6m；采取工程总承包交钥匙方式对外公开招标，招标范围为工程至交付使用全过程。经公开招投标，A ,整题行(一行含问题1~5)，不是单个小问，subquestion_index 应留空,whole_case,REAL_EXAM,2017,EXAM_1A432000_P0013_01_CASE_2b9fb1f9,488,2017-case4,"[1, 5]",True
17086,【背景资料】 某建设单位投资兴建一办公楼，投资概算 25000.00 万元，建筑面积 21000m²；钢筋混凝土框架-剪力墙结构，地下 2 层，层高 4.5m 地上 18 层。层高 3.6m；采取工程总承包交钥匙方式对外公开招标，招标范围为工程至交付使用全过程。经公开招投标，A ,整题行(一行含问题1~5)，不是单个小问，subquestion_index 应留空,whole_case,REAL_EXAM,2017,EXAM_2017_1A432000_1d5b9d70,488,2017-case4,"[1, 5]",True
9102,【背景资料】 某新建办公楼工程，总建筑面积 68000m²，地下 2 层，地上 30 层，人工挖孔桩基础，设计桩长 18m，基础埋深 8.5m，地下水为-4.5m；裙房 6 层，檐口高 28m；主楼高度 128m，钢筋混凝土框架-核心筒结构。建设单位与施工单位签订了施工总承包合同,整题行(一行含问题1~5)，不是单个小问，subquestion_index 应留空,whole_case,REAL_EXAM,2017,EXAM_1A436000_P0015_01_CASE_169e8d8a,243,2017-case5,"[1, 5]",True
9103,【背景资料】 某新建办公楼工程，总建筑面积 68000m²，地下 2 层，地上 30 层，人工挖孔桩基础，设计桩长 18m，基础埋深 8.5m，地下水为-4.5m；裙房 6 层，檐口高 28m；主楼高度 128m，钢筋混凝土框架-核心筒结构。建设单位与施工单位签订了施工总承包合同,整题行(一行含问题1~5)，不是单个小问，subquestion_index 应留空,whole_case,REAL_EXAM,2017,EXAM_1A436000_P0016_02_CASE_169e8d8a,243,2017-case5,"[1, 5]",True
17087,【背景资料】 某新建办公楼工程，总建筑面积 68000m²，地下 2 层，地上 30 层，人工挖孔桩基础，设计桩长 18m，基础埋深 8.5m，地下水为-4.5m；裙房 6 层，檐口高 28m；主楼高度 128m，钢筋混凝土框架-核心筒结构。建设单位与施工单位签订了施工总承包合同,整题行(一行含问题1~5)，不是单个小问，subquestion_index 应留空,whole_case,REAL_EXAM,2017,EXAM_2017_1A436000_b6834dfe,243,2017-case5,"[1, 5]",True
8770,一建筑施工场地，东西长 110m，南北宽 70m，拟建建筑物首层平面 80m×40m，地下 2 层，地上 6/20 层，檐口高 26/68m，建筑面积约 48000m²。施工场地部分临时设施平面布置示意图见图 1。图中布置施工临时设施有：现场办公室，木工加工及堆场，钢筋加工及堆场,整题行(一行含问题1~3)，不是单个小问，subquestion_index 应留空,whole_case,REAL_EXAM,2018,AUTO_37c79698b269d9e9,153,2018-case1,"[1, 3]",True
9149,一建筑施工场地，东西长 110m，南北宽 70m，拟建建筑物首层平面 80m×40m，地下 2 层，地上 6/20 层，檐口高 26/68m，建筑面积约 48000m²。施工场地部分临时设施平面布置示意图见图 1。图中布置施工临时设施有：现场办公室，木工加工及堆场，钢筋加工及堆场,整题行(一行含问题1~3)，不是单个小问，subquestion_index 应留空,whole_case,REAL_EXAM,2018,EXAM_1A431000_P0011_03_CASE_424e6181,153,2018-case1,"[1, 3]",True
9150,一建筑施工场地，东西长 110m，南北宽 70m，拟建建筑物首层平面 80m×40m，地下 2 层，地上 6/20 层，檐口高 26/68m，建筑面积约 48000m²。施工场地部分临时设施平面布置示意图见图 1。图中布置施工临时设施有：现场办公室，木工加工及堆场，钢筋加工及堆场,整题行(一行含问题1~3)，不是单个小问，subquestion_index 应留空,whole_case,REAL_EXAM,2018,EXAM_1A433000_P0011_01_CASE_424e6181,153,2018-case1,"[1, 3]",True
17118,一建筑施工场地，东西长 110m，南北宽 70m，拟建建筑物首层平面 80m×40m，地下 2 层，地上 6/20 层，檐口高 26/68m，建筑面积约 48000m²。施工场地部分临时设施平面布置示意图见图 1。图中布置施工临时设施有：现场办公室，木工加工及堆场，钢筋加工及堆场,整题行(一行含问题1~3)，不是单个小问，subquestion_index 应留空,whole_case,REAL_EXAM,2018,EXAM_2018_1A431000_19092cc8,153,2018-case1,"[1, 3]",True
17119,一建筑施工场地，东西长 110m，南北宽 70m，拟建建筑物首层平面 80m×40m，地下 2 层，地上 6/20 层，檐口高 26/68m，建筑面积约 48000m²。施工场地部分临时设施平面布置示意图见图 1。图中布置施工临时设施有：现场办公室，木工加工及堆场，钢筋加工及堆场,整题行(一行含问题1~3)，不是单个小问，subquestion_index 应留空,whole_case,REAL_EXAM,2018,EXAM_2018_1A433000_8caf6e6c,153,2018-case1,"[1, 3]",True
8771,某高校图书馆工程地下二层地上五层，建筑面积约 35000 平方米现浇钢筋混凝土框架结构部分屋面为正向抽空四角锥网架结构施工单位与建设单位签订了施工总承包合同合同工期为 21 个月。 在工程开工前施工单位按照收集依据、划分施工过程（段）计算劳动量、优化并绘制正式进度计划图等步骤编制,整题行(一行含问题1~4)，不是单个小问，subquestion_index 应留空,whole_case,REAL_EXAM,2018,AUTO_71cd2805d948d9be,360,2018-case2,"[1, 4]",True
9151,某高校图书馆工程地下二层地上五层，建筑面积约 35000 平方米现浇钢筋混凝土框架结构部分屋面为正向抽空四角锥网架结构施工单位与建设单位签订了施工总承包合同合同工期为 21 个月。 在工程开工前施工单位按照收集依据、划分施工过程（段）计算劳动量、优化并绘制正式进度计划图等步骤编制,整题行(一行含问题1~4)，不是单个小问，subquestion_index 应留空,whole_case,REAL_EXAM,2018,EXAM_1A433000_P0012_02_CASE_19d44850,360,2018-case2,"[1, 4]",True
17121,某高校图书馆工程地下二层地上五层，建筑面积约 35000 平方米现浇钢筋混凝土框架结构部分屋面为正向抽空四角锥网架结构施工单位与建设单位签订了施工总承包合同合同工期为 21 个月。 在工程开工前施工单位按照收集依据、划分施工过程（段）计算劳动量、优化并绘制正式进度计划图等步骤编制,整题行(一行含问题1~4)，不是单个小问，subquestion_index 应留空,whole_case,REAL_EXAM,2018,EXAM_2018_1A433000_1a8bf33b,360,2018-case2,"[1, 4]",True
8779,【背景资料】 某开发商拟建一城市综合体项目，预计总投资十五亿元。发包方式采用施工总承包，施工单位承担部分垫资，按月度实际完成工作量的75%支付工程款，工程质量为合格，保修金为3%，合同总工期为32个月。 某总包单位对该开发商社会信誉、偿债备付率、利息备付率等偿债能力及其他情况进行,整题行(一行含问题1~3)，不是单个小问，subquestion_index 应留空,whole_case,REAL_EXAM,2018,AUTO_cd34f8610e53c6ac,461,2018-case4,"[1, 3]",True
9171,【背景资料】 某开发商拟建一城市综合体项目，预计总投资十五亿元。发包方式采用施工总承包，施工单位承担部分垫资，按月度实际完成工作量的75%支付工程款，工程质量为合格，保修金为3%，合同总工期为32个月。 某总包单位对该开发商社会信誉、偿债备付率、利息备付率等偿债能力及其他情况进行,整题行(一行含问题1~3)，不是单个小问，subquestion_index 应留空,whole_case,REAL_EXAM,2018,EXAM_1A432000_P0017_01_CASE_ec2c074a,461,2018-case4,"[1, 3]",True
17130,【背景资料】 某开发商拟建一城市综合体项目，预计总投资十五亿元。发包方式采用施工总承包，施工单位承担部分垫资，按月度实际完成工作量的75%支付工程款，工程质量为合格，保修金为3%，合同总工期为32个月。 某总包单位对该开发商社会信誉、偿债备付率、利息备付率等偿债能力及其他情况进行,整题行(一行含问题1~3)，不是单个小问，subquestion_index 应留空,whole_case,REAL_EXAM,2018,EXAM_2018_1A432000_deb178f6,461,2018-case4,"[1, 3]",True
8815,【背景资料】 某新建住宅工程，建筑面积22000㎡，地下一层，地上十六层，框架-剪力墙结构，抗震设防烈度7度。 施工单位项目部在施工前，由项目技术负责人组织编写了项目质量计划书，报请施工单位质量管理部门审批后实施。质量计划要求项目部施工过程中建立包括使用机具和设备管理记录，图纸、,整题行(一行含问题1~4)，不是单个小问，subquestion_index 应留空,whole_case,REAL_EXAM,2019,AUTO_54a3f5374d8220a4,460,2019-case3,"[1, 4]",True
9232,【背景资料】 某新建住宅工程，建筑面积22000㎡，地下一层，地上十六层，框架-剪力墙结构，抗震设防烈度7度。 施工单位项目部在施工前，由项目技术负责人组织编写了项目质量计划书，报请施工单位质量管理部门审批后实施。质量计划要求项目部施工过程中建立包括使用机具和设备管理记录，图纸、,整题行(一行含问题1~4)，不是单个小问，subquestion_index 应留空,whole_case,REAL_EXAM,2019,EXAM_1A434000_P0013_01_CASE_f613d903,460,2019-case3,"[1, 4]",True
17175,【背景资料】 某新建住宅工程，建筑面积22000㎡，地下一层，地上十六层，框架-剪力墙结构，抗震设防烈度7度。 施工单位项目部在施工前，由项目技术负责人组织编写了项目质量计划书，报请施工单位质量管理部门审批后实施。质量计划要求项目部施工过程中建立包括使用机具和设备管理记录，图纸、,整题行(一行含问题1~4)，不是单个小问，subquestion_index 应留空,whole_case,REAL_EXAM,2019,EXAM_2019_1A434000_74304350,460,2019-case3,"[1, 4]",True
8816,【背景资料】 某施工单位通过竞标承建一工程项目，甲乙双方通过协商对工程合同协议书（编号HT-XY-201909001），以及专用合同条款（编号HT-ZY-201909001）和通用合同条款（编号HT-TY-201909001）修改意见达成一致签订了施工合同。确认包括投标函、中标通,整题行(一行含问题1~4)，不是单个小问，subquestion_index 应留空,whole_case,REAL_EXAM,2019,AUTO_6eb4d443e95977e4,220,2019-case4,"[1, 4]",True
8817,【背景资料】 某施工单位通过竞标承建一工程项目，甲乙双方通过协商对工程合同协议书（编号HT-XY-201909001），以及专用合同条款（编号HT-ZY-201909001）和通用合同条款（编号HT-TY-201909001）修改意见达成一致签订了施工合同。确认包括投标函、中标通,整题行(一行含问题1~5)，不是单个小问，subquestion_index 应留空,whole_case,REAL_EXAM,2019,AUTO_8f17923e0f3dac5d,564,2019-case4,"[1, 5]",True
8825,【背景资料】 某施工单位通过竞标承建一工程项目，甲乙双方通过协商对工程合同协议书（编号HT-XY-201909001），以及专用合同条款（编号HT-ZY-201909001）和通用合同条款（编号HT-TY-201909001）修改意见达成一致签订了施工合同。确认包括投标函、中标通,整题行(一行含问题1~5)，不是单个小问，subquestion_index 应留空,whole_case,REAL_EXAM,2019,AUTO_d24f0fb3f2cb4344,564,2019-case4,"[1, 5]",True
9233,【背景资料】 某施工单位通过竞标承建一工程项目，甲乙双方通过协商对工程合同协议书（编号HT-XY-201909001），以及专用合同条款（编号HT-ZY-201909001）和通用合同条款（编号HT-TY-201909001）修改意见达成一致签订了施工合同。确认包括投标函、中标通,整题行(一行含问题1~4)，不是单个小问，subquestion_index 应留空,whole_case,REAL_EXAM,2019,EXAM_1A432000_P0014_02_CASE_e593af0d,220,2019-case4,"[1, 4]",True
9234,【背景资料】 某施工单位通过竞标承建一工程项目，甲乙双方通过协商对工程合同协议书（编号HT-XY-201909001），以及专用合同条款（编号HT-ZY-201909001）和通用合同条款（编号HT-TY-201909001）修改意见达成一致签订了施工合同。确认包括投标函、中标通,整题行(一行含问题1~5)，不是单个小问，subquestion_index 应留空,whole_case,REAL_EXAM,2019,EXAM_1A432000_P0015_01_CASE_e593af0d,564,2019-case4,"[1, 5]",True
17176,【背景资料】 某施工单位通过竞标承建一工程项目，甲乙双方通过协商对工程合同协议书（编号HT-XY-201909001），以及专用合同条款（编号HT-ZY-201909001）和通用合同条款（编号HT-TY-201909001）修改意见达成一致签订了施工合同。确认包括投标函、中标通,整题行(一行含问题1~4)，不是单个小问，subquestion_index 应留空,whole_case,REAL_EXAM,2019,EXAM_2019_1A432000_72fd3f1c,220,2019-case4,"[1, 4]",True
17177,【背景资料】 某施工单位通过竞标承建一工程项目，甲乙双方通过协商对工程合同协议书（编号HT-XY-201909001），以及专用合同条款（编号HT-ZY-201909001）和通用合同条款（编号HT-TY-201909001）修改意见达成一致签订了施工合同。确认包括投标函、中标通,整题行(一行含问题1~5)，不是单个小问，subquestion_index 应留空,whole_case,REAL_EXAM,2019,EXAM_2019_1A432000_b7e4e49f,564,2019-case4,"[1, 5]",True
9235,【背景资料】 某高级住宅工程，建筑面积8000m²，由3栋塔楼构成，地下2层（含车库），地上28层，底板厚度800mm，由A施工总承包单位承建。合同约定工程最终达到绿色建筑评价二星级。 工程开始施工正值冬季，A施工单位项目部编制了冬期施工专项方案，根据当地资源和气候情况对底板混凝,整题行(一行含问题1~5)，不是单个小问，subquestion_index 应留空,whole_case,REAL_EXAM,2019,EXAM_1A432000_P0017_01_CASE_8677f6d8,478,2019-case5,"[1, 5]",True
17178,【背景资料】 某高级住宅工程，建筑面积8000m²，由3栋塔楼构成，地下2层（含车库），地上28层，底板厚度800mm，由A施工总承包单位承建。合同约定工程最终达到绿色建筑评价二星级。 工程开始施工正值冬季，A施工单位项目部编制了冬期施工专项方案，根据当地资源和气候情况对底板混凝,整题行(一行含问题1~5)，不是单个小问，subquestion_index 应留空,whole_case,REAL_EXAM,2019,EXAM_2019_1A432000_f0d76bcd,478,2019-case5,"[1, 5]",True
9304,【背景资料】 招标文件中内容“投标人为本省一级资质证书的企业，投标保证金500.00万”，投标有效期从3月1日到4月15日。投标人对投标人提出的疑问，以书面形式回复对应的投标人。5月17日中标人以1.7亿的中标价签订合同。 发包人负责采购的装配式混凝土构件，提前一个月运抵合同约定,整题行(一行含问题1~4)，不是单个小问，subquestion_index 应留空,whole_case,REAL_EXAM,2020,EXAM_1A432000_P0015_01_CASE_59e8ef8d,282,2020-case3,"[1, 4]",True
17221,【背景资料】 招标文件中内容“投标人为本省一级资质证书的企业，投标保证金500.00万”，投标有效期从3月1日到4月15日。投标人对投标人提出的疑问，以书面形式回复对应的投标人。5月17日中标人以1.7亿的中标价签订合同。 发包人负责采购的装配式混凝土构件，提前一个月运抵合同约定,整题行(一行含问题1~4)，不是单个小问，subquestion_index 应留空,whole_case,REAL_EXAM,2020,EXAM_2020_1A432000_28261c08,282,2020-case3,"[1, 4]",True
9307,【背景资料】 招标工程量清单中钢筋分项工程的综合单价是4433元/t，钢筋材料暂估价2500元/t，工程量260t。结算时钢筋实际使用250t，业主签字确认的钢筋材料单价是3500元/t，施工单位根据已确认的钢筋材料单价重新提交了钢筋分项的综合单价是6206.2元。钢筋损耗率2%,整题行(一行含问题1~4)，不是单个小问，subquestion_index 应留空,whole_case,REAL_EXAM,2020,EXAM_1A434000_P0016_02_CASE_6e8a3c95,205,2020-case4,"[1, 4]",True
17224,【背景资料】 招标工程量清单中钢筋分项工程的综合单价是4433元/t，钢筋材料暂估价2500元/t，工程量260t。结算时钢筋实际使用250t，业主签字确认的钢筋材料单价是3500元/t，施工单位根据已确认的钢筋材料单价重新提交了钢筋分项的综合单价是6206.2元。钢筋损耗率2%,整题行(一行含问题1~4)，不是单个小问，subquestion_index 应留空,whole_case,REAL_EXAM,2020,EXAM_2020_1A434000_4b09b537,205,2020-case4,"[1, 4]",True
8921,【背景资料】某工程项目，地上15~18层，地下2层，钢筋混凝土剪力墙结构，总建筑面积57000m²。施工单位中标后成立项目经理部组织施工。 项目经理部计划施工组织方式采用流水施工根据劳动力储备和工程结构特点确定流水施工的工艺参数、时间参数和空间参数，如空间参数中的施工段、施工层划,整题行(一行含问题1~5)，不是单个小问，subquestion_index 应留空,whole_case,REAL_EXAM,2021,AUTO_61113bfed261f227,587,2021-case2,"[1, 5]",True
8922,【背景资料】某工程项目，地上15~18层，地下2层，钢筋混凝土剪力墙结构，总建筑面积57000m²。施工单位中标后成立项目经理部组织施工。 项目经理部计划施工组织方式采用流水施工根据劳动力储备和工程结构特点确定流水施工的工艺参数、时间参数和空间参数，如空间参数中的施工段、施工层划,整题行(一行含问题1~5)，不是单个小问，subquestion_index 应留空,whole_case,REAL_EXAM,2021,AUTO_02c5e7a8b6e53f0d,587,2021-case2,"[1, 5]",True
9441,【背景资料】某工程项目，地上15~18层，地下2层，钢筋混凝土剪力墙结构，总建筑面积57000m²。施工单位中标后成立项目经理部组织施工。 项目经理部计划施工组织方式采用流水施工根据劳动力储备和工程结构特点确定流水施工的工艺参数、时间参数和空间参数，如空间参数中的施工段、施工层划,整题行(一行含问题1~5)，不是单个小问，subquestion_index 应留空,whole_case,REAL_EXAM,2021,EXAM_1A433000_P0019_01_CASE_b3e40f65,587,2021-case2,"[1, 5]",True
9442,【背景资料】某工程项目，地上15~18层，地下2层，钢筋混凝土剪力墙结构，总建筑面积57000m²。施工单位中标后成立项目经理部组织施工。 项目经理部计划施工组织方式采用流水施工根据劳动力储备和工程结构特点确定流水施工的工艺参数、时间参数和空间参数，如空间参数中的施工段、施工层划,整题行(一行含问题1~5)，不是单个小问，subquestion_index 应留空,whole_case,REAL_EXAM,2021,EXAM_1A433000_P0020_02_CASE_b3e40f65,587,2021-case2,"[1, 5]",True
17286,【背景资料】某工程项目，地上15~18层，地下2层，钢筋混凝土剪力墙结构，总建筑面积57000m²。施工单位中标后成立项目经理部组织施工。 项目经理部计划施工组织方式采用流水施工根据劳动力储备和工程结构特点确定流水施工的工艺参数、时间参数和空间参数，如空间参数中的施工段、施工层划,整题行(一行含问题1~5)，不是单个小问，subquestion_index 应留空,whole_case,REAL_EXAM,2021,EXAM_2021_1A433000_5d52992f,587,2021-case2,"[1, 5]",True
9443,【背景资料】 某施工单位承建一高档住宅楼工程。钢筋混凝土剪力墙结构，地下2层，地上26层，建筑面积36000㎡。 施工单位项目部根据该工程特点，编制了施工期变形测量专项方案”，明确了建筑测量精度等级为等，规定了两类变形测量基准点设置均不少于4个。 首层楼板混凝土出现明显的塑态收缩,整题行(一行含问题1~4)，不是单个小问，subquestion_index 应留空,whole_case,REAL_EXAM,2021,EXAM_1A433000_P0021_01_CASE_ff3b7def,366,2021-case3,"[1, 4]",True
17287,【背景资料】 某施工单位承建一高档住宅楼工程。钢筋混凝土剪力墙结构，地下2层，地上26层，建筑面积36000㎡。 施工单位项目部根据该工程特点，编制了施工期变形测量专项方案”，明确了建筑测量精度等级为等，规定了两类变形测量基准点设置均不少于4个。 首层楼板混凝土出现明显的塑态收缩,整题行(一行含问题1~4)，不是单个小问，subquestion_index 应留空,whole_case,REAL_EXAM,2021,EXAM_2021_1A433000_31af3a35,366,2021-case3,"[1, 4]",True
9445,【背景资料】某新建住宅楼工程，建筑面积 25000m²，装配式钢筋混凝土结构。建设单位编制了招标工程量清单等招标文件，其中部分条款内容为：本工程实行施工总承包模式，承包范围为土建、电气等全部工程内容，质量标准为合格，开工前业主向承包商支付合同工程造价的 25%作为预付备料款，保修,整题行(一行含问题1~6)，不是单个小问，subquestion_index 应留空,whole_case,REAL_EXAM,2021,EXAM_1A432000_P0023_01_CASE_38bf8461,583,2021-case4,"[1, 6]",True
17290,【背景资料】某新建住宅楼工程，建筑面积 25000m²，装配式钢筋混凝土结构。建设单位编制了招标工程量清单等招标文件，其中部分条款内容为：本工程实行施工总承包模式，承包范围为土建、电气等全部工程内容，质量标准为合格，开工前业主向承包商支付合同工程造价的 25%作为预付备料款，保修,整题行(一行含问题1~6)，不是单个小问，subquestion_index 应留空,whole_case,REAL_EXAM,2021,EXAM_2021_1A432000_1fce428a,583,2021-case4,"[1, 6]",True
8919,【背景资料】某住宅工程由7栋单体组成，地下2层，地上10~13层，总建筑面积1.5万m²。施工总承包单位中标后成立项目经理部组织施工。 项目总工程师编制了《临时用电组织设计》，其内容包括：总配电箱设在用电设备相对集中的区域；电缆直接埋地敷设，穿过临时设施时应设置警示标识并进行保护,整题行(一行含问题1~5)，不是单个小问，subquestion_index 应留空,whole_case,REAL_EXAM,2021,AUTO_cde04d4191c69405,753,2021-case5,"[1, 5]",True
9446,【背景资料】某住宅工程由7栋单体组成，地下2层，地上10~13层，总建筑面积1.5万m²。施工总承包单位中标后成立项目经理部组织施工。 项目总工程师编制了《临时用电组织设计》，其内容包括：总配电箱设在用电设备相对集中的区域；电缆直接埋地敷设，穿过临时设施时应设置警示标识并进行保护,整题行(一行含问题1~5)，不是单个小问，subquestion_index 应留空,whole_case,REAL_EXAM,2021,EXAM_1A436000_P0025_01_CASE_46c8dda0,753,2021-case5,"[1, 5]",True
17291,【背景资料】某住宅工程由7栋单体组成，地下2层，地上10~13层，总建筑面积1.5万m²。施工总承包单位中标后成立项目经理部组织施工。 项目总工程师编制了《临时用电组织设计》，其内容包括：总配电箱设在用电设备相对集中的区域；电缆直接埋地敷设，穿过临时设施时应设置警示标识并进行保护,整题行(一行含问题1~5)，不是单个小问，subquestion_index 应留空,whole_case,REAL_EXAM,2021,EXAM_2021_1A436000_d9d4eafe,753,2021-case5,"[1, 5]",True
9475,【背景资料】 某新建办公楼工程，地下1层，地上18层，总建筑面积2.1万㎡。钢筋混凝土核心筒，外框采用钢结构。 总承包在工程施工准备阶段，根据合同要求编制了工程施工网络进度计划如图2。在进度计划审查时，监理工程师提出在工作A和工作E含有特殊施工技术，涉及知识产权保护，须由同一专业,整题行(一行含问题1~4)，不是单个小问，subquestion_index 应留空,whole_case,REAL_EXAM,2022,EXAM_1A433000_P0013_01_CASE_dbdb418b,395,2022-case2,"[1, 4]",True
17319,【背景资料】 某新建办公楼工程，地下1层，地上18层，总建筑面积2.1万㎡。钢筋混凝土核心筒，外框采用钢结构。 总承包在工程施工准备阶段，根据合同要求编制了工程施工网络进度计划如图2。在进度计划审查时，监理工程师提出在工作A和工作E含有特殊施工技术，涉及知识产权保护，须由同一专业,整题行(一行含问题1~4)，不是单个小问，subquestion_index 应留空,whole_case,REAL_EXAM,2022,EXAM_2022_1A433000_3dcf5b1f,395,2022-case2,"[1, 4]",True
9476,【背景资料】 某新建医院工程，地下2层，地上8~16层，总建筑面积11.8万㎡。基坑深度9.8m，沉管灌注桩基础，钢筋混凝土结构。 施工单位在桩基础专项施工方案中，根据工程所在地含水量较小的土质特点，确定沉管灌注桩选用单打法成桩工艺，其成桩过程包括桩机就位、锤击（振动）沉管、上料,整题行(一行含问题1~4)，不是单个小问，subquestion_index 应留空,whole_case,REAL_EXAM,2022,EXAM_1A432000_P0015_01_CASE_2fcd3ae3,319,2022-case3,"[1, 4]",True
17320,【背景资料】 某新建医院工程，地下2层，地上8~16层，总建筑面积11.8万㎡。基坑深度9.8m，沉管灌注桩基础，钢筋混凝土结构。 施工单位在桩基础专项施工方案中，根据工程所在地含水量较小的土质特点，确定沉管灌注桩选用单打法成桩工艺，其成桩过程包括桩机就位、锤击（振动）沉管、上料,整题行(一行含问题1~4)，不是单个小问，subquestion_index 应留空,whole_case,REAL_EXAM,2022,EXAM_2022_1A432000_d999306a,319,2022-case3,"[1, 4]",True
9477,【背景资料】 建设单位发布某新建工程招标文件，部分条款有：发包范围为土建、水电、通风空调、消防、装饰等工程，实行施工总承包管理；投标限额为65000.00万元，暂列金额为1500.00万元；工程款按月度完成工作量的80%支付；质量保修金为5%，履约保证金为15%；钢材指定采购本市,整题行(一行含问题1~5)，不是单个小问，subquestion_index 应留空,whole_case,REAL_EXAM,2022,EXAM_1A432000_P0016_02_CASE_325867cb,442,2022-case4,"[1, 5]",True
9478,【背景资料】 建设单位发布某新建工程招标文件，部分条款有：发包范围为土建、水电、通风空调、消防、装饰等工程，实行施工总承包管理；投标限额为65000.00万元，暂列金额为1500.00万元；工程款按月度完成工作量的80%支付；质量保修金为5%，履约保证金为15%；钢材指定采购本市,整题行(一行含问题1~5)，不是单个小问，subquestion_index 应留空,whole_case,REAL_EXAM,2022,EXAM_1A436000_P0017_01_CASE_325867cb,434,2022-case4,"[1, 5]",True
17321,【背景资料】 建设单位发布某新建工程招标文件，部分条款有：发包范围为土建、水电、通风空调、消防、装饰等工程，实行施工总承包管理；投标限额为65000.00万元，暂列金额为1500.00万元；工程款按月度完成工作量的80%支付；质量保修金为5%，履约保证金为15%；钢材指定采购本市,整题行(一行含问题1~5)，不是单个小问，subquestion_index 应留空,whole_case,REAL_EXAM,2022,EXAM_2022_1A432000_331badb1,442,2022-case4,"[1, 5]",True
17322,【背景资料】 建设单位发布某新建工程招标文件，部分条款有：发包范围为土建、水电、通风空调、消防、装饰等工程，实行施工总承包管理；投标限额为65000.00万元，暂列金额为1500.00万元；工程款按月度完成工作量的80%支付；质量保修金为5%，履约保证金为15%；钢材指定采购本市,整题行(一行含问题1~5)，不是单个小问，subquestion_index 应留空,whole_case,REAL_EXAM,2022,EXAM_2022_1A436000_4788e223,434,2022-case4,"[1, 5]",True
9479,【背景资料】 某酒店工程，建筑面积2.5万㎡，地下1层，地上12层。其中标准层10层，每层标准客房18间，35㎡/间。裙房设宴会厅1200㎡，层高9m。施工单位中标后开始组织施工。 施工企业安全生产管理部门对项目贯彻企业安全生产管理制度情况进行检查，检查内容有：安全生产教育培训、,整题行(一行含问题1~6)，不是单个小问，subquestion_index 应留空,whole_case,REAL_EXAM,2022,EXAM_1A436000_P0018_02_CASE_9854da5e,582,2022-case5,"[1, 6]",True
17323,【背景资料】 某酒店工程，建筑面积2.5万㎡，地下1层，地上12层。其中标准层10层，每层标准客房18间，35㎡/间。裙房设宴会厅1200㎡，层高9m。施工单位中标后开始组织施工。 施工企业安全生产管理部门对项目贯彻企业安全生产管理制度情况进行检查，检查内容有：安全生产教育培训、,整题行(一行含问题1~6)，不是单个小问，subquestion_index 应留空,whole_case,REAL_EXAM,2022,EXAM_2022_1A436000_07544572,582,2022-case5,"[1, 6]",True
8978,某新建住宅小区，单位工程分别为地下2层，地上9~12层，总建筑面积15.5万平方米。各单位为贯彻落实《建设工程质量检测管理办法》（住房和城乡建设部第57号令）要求，在工程施工质量检测管理中做了以下工作： 1. 建设单位委托具有相应资质的检测机构负责本工程质量检测工作。 2. 监理,整题行(一行含问题1~4)，不是单个小问，subquestion_index 应留空,whole_case,REAL_EXAM,2023,AUTO_315f1716f1c8cfec,358,2023-case1,"[1, 4]",True
8979,某新建住宅小区，单位工程分别为地下2层，地上9~12层，总建筑面积15.5万平方米。各单位为贯彻落实《建设工程质量检测管理办法》（住房和城乡建设部第57号令）要求，在工程施工质量检测管理中做了以下工作： 1. 建设单位委托具有相应资质的检测机构负责本工程质量检测工作。 2. 监理,整题行(一行含问题1~4)，不是单个小问，subquestion_index 应留空,whole_case,REAL_EXAM,2023,AUTO_f1e1da727e4f6ff2,359,2023-case1,"[1, 4]",True
8980,某新建住宅小区，单位工程分别为地下2层，地上9~12层，总建筑面积15.5万平方米。各单位为贯彻落实《建设工程质量检测管理办法》（住房和城乡建设部第57号令）要求，在工程施工质量检测管理中做了以下工作： 1. 建设单位委托具有相应资质的检测机构负责本工程质量检测工作。 2. 监理,整题行(一行含问题1~4)，不是单个小问，subquestion_index 应留空,whole_case,REAL_EXAM,2023,AUTO_c45553e84bb0ba35,356,2023-case1,"[1, 4]",True
9502,某新建住宅小区，单位工程分别为地下2层，地上9~12层，总建筑面积15.5万平方米。各单位为贯彻落实《建设工程质量检测管理办法》（住房和城乡建设部第57号令）要求，在工程施工质量检测管理中做了以下工作： 1. 建设单位委托具有相应资质的检测机构负责本工程质量检测工作。 2. 监理,整题行(一行含问题1~4)，不是单个小问，subquestion_index 应留空,whole_case,REAL_EXAM,2023,EXAM_1A434000_P0010_02_CASE_6818e8f2,392,2023-case1,"[1, 4]",True
17352,某新建住宅小区，单位工程分别为地下2层，地上9~12层，总建筑面积15.5万平方米。各单位为贯彻落实《建设工程质量检测管理办法》（住房和城乡建设部第57号令）要求，在工程施工质量检测管理中做了以下工作： 1. 建设单位委托具有相应资质的检测机构负责本工程质量检测工作。 2. 监理,整题行(一行含问题1~4)，不是单个小问，subquestion_index 应留空,whole_case,REAL_EXAM,2023,EXAM_2023_1A434000_1d28bd2e,392,2023-case1,"[1, 4]",True
17353,某新建住宅小区，单位工程分别为地下2层，地上9~12层，总建筑面积15.5万平方米。各单位为贯彻落实《建设工程质量检测管理办法》（住房和城乡建设部第57号令）要求，在工程施工质量检测管理中做了以下工作： 1. 建设单位委托具有相应资质的检测机构负责本工程质量检测工作。 2. 监理,整题行(一行含问题1~4)，不是单个小问，subquestion_index 应留空,whole_case,REAL_EXAM,2023,EXAM_2023_1A434000_35fec693,358,2023-case1,"[1, 4]",True
17354,某新建住宅小区，单位工程分别为地下2层，地上9~12层，总建筑面积15.5万平方米。各单位为贯彻落实《建设工程质量检测管理办法》（住房和城乡建设部第57号令）要求，在工程施工质量检测管理中做了以下工作： 1. 建设单位委托具有相应资质的检测机构负责本工程质量检测工作。 2. 监理,整题行(一行含问题1~4)，不是单个小问，subquestion_index 应留空,whole_case,REAL_EXAM,2023,EXAM_2023_1A434000_f194c85d,359,2023-case1,"[1, 4]",True
17355,某新建住宅小区，单位工程分别为地下2层，地上9~12层，总建筑面积15.5万平方米。各单位为贯彻落实《建设工程质量检测管理办法》（住房和城乡建设部第57号令）要求，在工程施工质量检测管理中做了以下工作： 1. 建设单位委托具有相应资质的检测机构负责本工程质量检测工作。 2. 监理,整题行(一行含问题1~4)，不是单个小问，subquestion_index 应留空,whole_case,REAL_EXAM,2023,EXAM_2023_1A434000_f841c4d7,356,2023-case1,"[1, 4]",True
9657,【背景资料】某新建保障房项目，单位工程为地下2层，地上9~12层，总建筑面积155万平方米，施工总承包单位按照合同组建项目进场施工项目部根据工程计划进场的混凝土搅拌运输车、串筒部分混凝土和土方施工机具照片见图1。 #### 图--1 - A: 混凝土搅拌运输车 - B: 混凝土固,整题行(一行含问题1~5)，不是单个小问，subquestion_index 应留空,whole_case,REAL_EXAM,2024,EXAM_1A433000_P0011_01_CASE_2446ab79,425,2024-case1,"[1, 5]",True
9659,【背景资料】 某新建保障房项目，单位工程为地下2层，地上9-12层，总建筑面积155万平方米，施工总承包单位按照合同组建项目进场施工项目部根据工程计划进场的混凝土搅拌运输车、串筒部分混凝土和土方施工机具照片见图1。 #### 图1 施工机械照片 - A: 混凝土搅拌运输车 - B,整题行(一行含问题1~5)，不是单个小问，subquestion_index 应留空,whole_case,REAL_EXAM,2024,EXAM_1A430000_P0013_05_CASE_da712ea7,425,2024-case1,"[1, 5]",True
17415,【背景资料】某新建保障房项目，单位工程为地下2层，地上9~12层，总建筑面积155万平方米，施工总承包单位按照合同组建项目进场施工项目部根据工程计划进场的混凝土搅拌运输车、串筒部分混凝土和土方施工机具照片见图1。 #### 图--1 - A: 混凝土搅拌运输车 - B: 混凝土固,整题行(一行含问题1~5)，不是单个小问，subquestion_index 应留空,whole_case,REAL_EXAM,2024,EXAM_2024_1A433000_b8b41b4b,425,2024-case1,"[1, 5]",True
17419,【背景资料】 某新建保障房项目，单位工程为地下2层，地上9-12层，总建筑面积155万平方米，施工总承包单位按照合同组建项目进场施工项目部根据工程计划进场的混凝土搅拌运输车、串筒部分混凝土和土方施工机具照片见图1。 #### 图1 施工机械照片 - A: 混凝土搅拌运输车 - B,整题行(一行含问题1~5)，不是单个小问，subquestion_index 应留空,whole_case,REAL_EXAM,2024,EXAM_2024_1A430000_41e2dd11,425,2024-case1,"[1, 5]",True
9658,【背景资料】某商品住宅项目，地下2层，地上12~18层，装配式剪力墙结构，总建筑面积8.4万平方米。施工总承包单位中标后组建项目部进场施工。项目部编制了网络进度计划，如图2所示。施工过程中发生了以下事件：①由于设计变更，致使工作E工程量增加，作业时间延长2周；②施工单位的施工机械,整题行(一行含问题1~5)，不是单个小问，subquestion_index 应留空,whole_case,REAL_EXAM,2024,EXAM_1A433000_P0012_02_CASE_684ab169,625,2024-case2,"[1, 5]",True
9660,【背景资料】某商品住宅项目，地下2层，地上12~18层，装配式剪力墙结构，总建筑面积8.4万平方米。施工总承包单位中标后组建项目部进场施工。项目部编制了网络进度计划，如图2所示。施工过程中发生了以下事件：①由于设计变更，致使工作E工程量增加，作业时间延长2周；②施工单位的施工机械,整题行(一行含问题1~5)，不是单个小问，subquestion_index 应留空,whole_case,REAL_EXAM,2024,EXAM_1A433000_P0013_01_CASE_684ab169,592,2024-case2,"[1, 5]",True
17418,【背景资料】某商品住宅项目，地下2层，地上12~18层，装配式剪力墙结构，总建筑面积8.4万平方米。施工总承包单位中标后组建项目部进场施工。项目部编制了网络进度计划，如图2所示。施工过程中发生了以下事件：①由于设计变更，致使工作E工程量增加，作业时间延长2周；②施工单位的施工机械,整题行(一行含问题1~5)，不是单个小问，subquestion_index 应留空,whole_case,REAL_EXAM,2024,EXAM_2024_1A433000_8feaf9ba,625,2024-case2,"[1, 5]",True
17420,【背景资料】某商品住宅项目，地下2层，地上12~18层，装配式剪力墙结构，总建筑面积8.4万平方米。施工总承包单位中标后组建项目部进场施工。项目部编制了网络进度计划，如图2所示。施工过程中发生了以下事件：①由于设计变更，致使工作E工程量增加，作业时间延长2周；②施工单位的施工机械,整题行(一行含问题1~5)，不是单个小问，subquestion_index 应留空,whole_case,REAL_EXAM,2024,EXAM_2024_1A433000_33ab1c3e,592,2024-case2,"[1, 5]",True
9662,【背景资料】某施工单位中标新建教学楼工程，建筑面积2.46万平方米，地上4层钢筋混凝土框架-剪力墙结构，部分楼板采用预制钢筋混凝土看合板，砌体采用空心混凝土砌块，外立面为玻璃和石材幕墙，部分内墙采用装饰抹灰工艺。 项目部建立了质量保证体系并制定质量管理制度，要求施工重要工序和关键,整题行(一行含问题1~5)，不是单个小问，subquestion_index 应留空,whole_case,REAL_EXAM,2024,EXAM_1A434000_P0014_02_CASE_e494088f,448,2024-case3,"[1, 5]",True
17422,【背景资料】某施工单位中标新建教学楼工程，建筑面积2.46万平方米，地上4层钢筋混凝土框架-剪力墙结构，部分楼板采用预制钢筋混凝土看合板，砌体采用空心混凝土砌块，外立面为玻璃和石材幕墙，部分内墙采用装饰抹灰工艺。 项目部建立了质量保证体系并制定质量管理制度，要求施工重要工序和关键,整题行(一行含问题1~5)，不是单个小问，subquestion_index 应留空,whole_case,REAL_EXAM,2024,EXAM_2024_1A434000_4f38295f,448,2024-case3,"[1, 5]",True
9663,### 案例背景 建设单位编制了投资兴建某工程的招标文件，部分要求有：承包模式为施工总承包，报价采用工程量清单计价，投标单位须遵守工程量清单使用范围等强制性内容的规定。投标单位承担项目的进度、质量、安全等管理责任，应对招标文件中要求的技术标准、质量、投标有效期等作出实质性响应，中,整题行(一行含问题1~5)，不是单个小问，subquestion_index 应留空,whole_case,REAL_EXAM,2024,EXAM_1A432000_P0015_01_CASE_5f5ddbb0,664,2024-case4,"[1, 5]",True
17423,### 案例背景 建设单位编制了投资兴建某工程的招标文件，部分要求有：承包模式为施工总承包，报价采用工程量清单计价，投标单位须遵守工程量清单使用范围等强制性内容的规定。投标单位承担项目的进度、质量、安全等管理责任，应对招标文件中要求的技术标准、质量、投标有效期等作出实质性响应，中,整题行(一行含问题1~5)，不是单个小问，subquestion_index 应留空,whole_case,REAL_EXAM,2024,EXAM_2024_1A432000_5beacc2f,664,2024-case4,"[1, 5]",True
9664,【背景资料】 某办公楼工程，建筑面积5.2万平方米地下2层，地上20层，采用桩基础。地上部分为框架-剪力墙结构。基坑采用桩+放坡形式支护，施工时需要降水。 项目部组建后开始施工。项目总工程师向管理人员进行基础工程施工方案交底，其中基础施工安全控制主要内容包括：边坡与基坑支护安全，,整题行(一行含问题1~5)，不是单个小问，subquestion_index 应留空,whole_case,REAL_EXAM,2024,EXAM_1A436000_P0017_01_CASE_709f284f,545,2024-case5,"[1, 5]",True
17424,【背景资料】 某办公楼工程，建筑面积5.2万平方米地下2层，地上20层，采用桩基础。地上部分为框架-剪力墙结构。基坑采用桩+放坡形式支护，施工时需要降水。 项目部组建后开始施工。项目总工程师向管理人员进行基础工程施工方案交底，其中基础施工安全控制主要内容包括：边坡与基坑支护安全，,整题行(一行含问题1~5)，不是单个小问，subquestion_index 应留空,whole_case,REAL_EXAM,2024,EXAM_2024_1A436000_435f6784,545,2024-case5,"[1, 5]",True
9053,【背景资料】新建保障房住宅小区工程，地下 2 层，地上 8~10 层，总建筑面积 18.5 万平方米。基础采用钢筋混凝土灌注桩，地上为装配式钢混凝土结构。项目部遵循《绿色建造技术导则（试行）》（建办质〔2021〕9 号）规定，结合工程施工需要，积极应用云计算、移动通信、机器人等与,整题行(一行含问题1~4)，不是单个小问，subquestion_index 应留空,whole_case,REAL_EXAM,2025,AUTO_71ace61fce50b425,465,2025-case1,"[1, 4]",True
9680,【背景资料】新建保障房住宅小区工程，地下 2 层，地上 8~10 层，总建筑面积 18.5 万平方米。基础采用钢筋混凝土灌注桩，地上为装配式钢混凝土结构。项目部遵循《绿色建造技术导则（试行）》（建办质〔2021〕9 号）规定，结合工程施工需要，积极应用云计算、移动通信、机器人等与,整题行(一行含问题1~4)，不是单个小问，subquestion_index 应留空,whole_case,REAL_EXAM,2025,EXAM_1A433000_P0009_01_CASE_3b88b608,465,2025-case1,"[1, 4]",True
17445,【背景资料】新建保障房住宅小区工程，地下 2 层，地上 8~10 层，总建筑面积 18.5 万平方米。基础采用钢筋混凝土灌注桩，地上为装配式钢混凝土结构。项目部遵循《绿色建造技术导则（试行）》（建办质〔2021〕9 号）规定，结合工程施工需要，积极应用云计算、移动通信、机器人等与,整题行(一行含问题1~4)，不是单个小问，subquestion_index 应留空,whole_case,REAL_EXAM,2025,EXAM_2025_1A433000_a99fc8bf,465,2025-case1,"[1, 4]",True
9059,【案例背景】某学校学术交流中心工程，地下 2 层，地上 5 层，钢框架-钢筋混凝土剪力墙结构，总建筑面积 1.6 万平方米。项目部制订的施工进度网络计划见图 2。施工中发生以下事件： ① 工作 C 使用的主要材料进场复验不合格，在监理工程师见证下退场并重新订货，致使其计划作业时间,整题行(一行含问题1~5)，不是单个小问，subquestion_index 应留空,whole_case,REAL_EXAM,2025,AUTO_231cffbc98f360e6,494,2025-case2,"[1, 5]",True
9698,【案例背景】某学校学术交流中心工程，地下 2 层，地上 5 层，钢框架-钢筋混凝土剪力墙结构，总建筑面积 1.6 万平方米。项目部制订的施工进度网络计划见图 2。施工中发生以下事件： ① 工作 C 使用的主要材料进场复验不合格，在监理工程师见证下退场并重新订货，致使其计划作业时间,整题行(一行含问题1~5)，不是单个小问，subquestion_index 应留空,whole_case,REAL_EXAM,2025,EXAM_1A433000_P0010_02_CASE_50191619,494,2025-case2,"[1, 5]",True
9699,【背景资料】 某学校学术交流中心工程，地下2层，地上5层，钢框架-钢筋混凝土剪力墙结构，总建筑面积1.6万平方米。项目部制订的施工进度网络计划见图2。施工中发生以下事件： ①工作C使用的主要材料进场复验不合格，在监理工程师见证下退场并重新订货，致使其计划作业时间延长2个月； ②因,整题行(一行含问题1~5)，不是单个小问，subquestion_index 应留空,whole_case,REAL_EXAM,2025,EXAM_1A433000_P0011_01_CASE_8d654c99,494,2025-case2,"[1, 5]",True
17452,【案例背景】某学校学术交流中心工程，地下 2 层，地上 5 层，钢框架-钢筋混凝土剪力墙结构，总建筑面积 1.6 万平方米。项目部制订的施工进度网络计划见图 2。施工中发生以下事件： ① 工作 C 使用的主要材料进场复验不合格，在监理工程师见证下退场并重新订货，致使其计划作业时间,整题行(一行含问题1~5)，不是单个小问，subquestion_index 应留空,whole_case,REAL_EXAM,2025,EXAM_2025_1A433000_6f65f8ae,494,2025-case2,"[1, 5]",True
17453,【背景资料】 某学校学术交流中心工程，地下2层，地上5层，钢框架-钢筋混凝土剪力墙结构，总建筑面积1.6万平方米。项目部制订的施工进度网络计划见图2。施工中发生以下事件： ①工作C使用的主要材料进场复验不合格，在监理工程师见证下退场并重新订货，致使其计划作业时间延长2个月； ②因,整题行(一行含问题1~5)，不是单个小问，subquestion_index 应留空,whole_case,REAL_EXAM,2025,EXAM_2025_1A433000_c97e3953,494,2025-case2,"[1, 5]",True
9700,【背景资料】 某住宅工程，地下2层，地上8-12层，总建筑面积为16.5万平方米。基础为钢筋混凝土灌注桩，地上为钢筋混凝土剪力墙结构，部分楼板为叠合板。 - 桩基专业分包施工过程中，在现场随意留置了灌注桩混凝土强度检验试件。 - 桩基工程完工后，按要求对灌注桩的桩身缺陷和桩位偏差,整题行(一行含问题1~4)，不是单个小问，subquestion_index 应留空,whole_case,REAL_EXAM,2025,EXAM_1A413000_P0012_02_CASE_1658d403,335,2025-case3,"[1, 4]",True
17455,【背景资料】 某住宅工程，地下2层，地上8-12层，总建筑面积为16.5万平方米。基础为钢筋混凝土灌注桩，地上为钢筋混凝土剪力墙结构，部分楼板为叠合板。 - 桩基专业分包施工过程中，在现场随意留置了灌注桩混凝土强度检验试件。 - 桩基工程完工后，按要求对灌注桩的桩身缺陷和桩位偏差,整题行(一行含问题1~4)，不是单个小问，subquestion_index 应留空,whole_case,REAL_EXAM,2025,EXAM_2025_1A413000_a5262653,335,2025-case3,"[1, 4]",True
8784,【背景资料】 2、本工程设计采用了某种新材料，总包单位为此支付给检测单位检验试验费 460 万元，要求开发商承担。 3、工程主体完工 3 个月后总包单位为配合开发商自行发包的燃气等专业工程施工，脚手架留置比计划延长 2 个月拆除。为此要求开发商支付 2 个月脚手架租赁费 68.0,"题级组已定，小问序号无原文证据(granularity=ambiguous_multi, has_answer=True)",ambiguous_multi,REAL_EXAM,2018,AUTO_138b90c3a72f492f,175,2018-case5,"[2, 5]",True
17136,【背景资料】 2、本工程设计采用了某种新材料，总包单位为此支付给检测单位检验试验费 460 万元，要求开发商承担。 3、工程主体完工 3 个月后总包单位为配合开发商自行发包的燃气等专业工程施工，脚手架留置比计划延长 2 个月拆除。为此要求开发商支付 2 个月脚手架租赁费 68.0,"题级组已定，小问序号无原文证据(granularity=ambiguous_multi, has_answer=True)",ambiguous_multi,REAL_EXAM,2018,EXAM_2018_1A432000_68a5b13e,175,2018-case5,"[2, 5]",True
17220,【背景资料】某工程项目部根据当地政府要求进行新冠疫情后复工，按照住建部《房屋市政工程复工复产指南》（建办质〔2020〕8号）规定，制定了《项目疫情防控措施》，其中规定有：（1）施工现场采取封闭式管理，严格施工区等“四区”分区，并设置隔离区和符合标准的隔离室；（2）根据工程规模和务,"题级组已定，小问序号无原文证据(granularity=no_question_text, has_answer=False)",no_question_text,REAL_EXAM,2020,EXAM_2020_1A433000_4736eb81,376,2020-case1,,False
17235,【背景资料】 公司安全部门在年初的安全检查规划中，按照相关要求明确了对项目安全检查的主要形式，包括定期安全检查、开工、复工安全检查、季节性安全检查等。确保项目施工过程中全覆盖。 进入夏季后，公司项目管理部对该项目工人宿舍和食堂进行了检查。个别宿舍内床铺均为2层，住有18人，设置有,"题级组已定，小问序号无原文证据(granularity=no_question_text, has_answer=False)",no_question_text,REAL_EXAM,2020,EXAM_2020_1A436000_94fc2598,513,2020-case5,,False
17285,【背景资料】某工程项目，地上15~18层，地下2层，钢筋混凝土剪力墙结构，总建筑面积57000㎡。施工单位中标后成立项目经理部组织施工。 项目经理部计划施工组织方式采用流水施工，根据劳动力储备和工程结构特点确定流水施工的工艺参数、时间参数和空间参数，如空间参数中的施工段、施工层划,"题级组已定，小问序号无原文证据(granularity=no_question_text, has_answer=False)",no_question_text,REAL_EXAM,2021,EXAM_2021_1A433000_f3e3ba8f,462,2021-case2,,False
17317,【背景资料】新建住宅小区，单位工程地下2~3层，地上2~12层，总建筑面积12.5万m²。 施工总承包单位项目部为落实住房和城乡建设部《房屋建筑和市政基础设施工程危及生产安全施工工艺、设备和材料淘汰目录（第一批）》要求，在施工组织设计中明确了建筑工程禁止和限制使用的施工工艺、设备,"题级组已定，小问序号无原文证据(granularity=no_question_text, has_answer=False)",no_question_text,REAL_EXAM,2022,EXAM_2022_1A433000_f4917de4,481,2022-case1,,False
17370,【背景资料】某新建商品住宅项目，建筑面积2.4万平方米，地下二层，地上十六层，由两栋结构类型与建筑规模完全相同的单体建筑组成。总承包项目部进场后，绘制了进度计划网络图如图2所示。 **图2 项目进度计划网络图（月）** - 节点①→②：围护及开挖1，耗时3个月 - 节点②→③：基,"题级组已定，小问序号无原文证据(granularity=no_question_text, has_answer=False)",no_question_text,REAL_EXAM,2023,EXAM_2023_1A433000_ae95d621,367,2023-case2,,False
17381,【背景资料】某施工单位承接一工程，双方按《建设工程施工合同（示范文本）》（GF-2020-0216）签订了工程总承包合同。合同部分内客：质量为合格，工期6个月，按月度完成量的85%支付进度款，分部分项工程费见表4-1。 #### 表4-1 分部分项工程费 | 名称 | 工程量 |,"题级组已定，小问序号无原文证据(granularity=no_question_text, has_answer=False)",no_question_text,REAL_EXAM,2023,EXAM_2023_1A432000_7dc984ed,313,2023-case4,,False
17463,【背景资料】 某旧城改造工程，建筑面积20.50万平方米，总投资12.80亿元，建设单位（甲方）采用工程总承包模式发包。甲方鉴于工程潜在的投标人数量等条件，确定对投标人进行资格预审。招标文件约定：实行公开招投标；采用工程量清单计价；工期自2020年3月1日起至2023年3月31日,"题级组已定，小问序号无原文证据(granularity=no_question_text, has_answer=False)",no_question_text,REAL_EXAM,2025,EXAM_2025_1A432000_de95be25,462,2025-case4,,False
7773,下列哪项不属于建筑物的围护体系？,非案例题:教材自动生成考核题被误标 question_type=case_study,no_question_text,TEXTBOOK_ASSESSMENT,,AUTO_d76b3501cf8eeced_ASSESS,15,,,True
7774,某住宅项目已完成方案设计，下一步应进行什么设计？,非案例题:教材自动生成考核题被误标 question_type=case_study,no_question_text,TEXTBOOK_ASSESSMENT,,AUTO_ddb8cc4951373370_ASSESS,22,,,True
7775,下列哪项属于专项设计？,非案例题:教材自动生成考核题被误标 question_type=case_study,no_question_text,TEXTBOOK_ASSESSMENT,,AUTO_5a74128f826f6de5_ASSESS,10,,,True
7776,下列哪项不属于建筑设计的基本要求？,非案例题:教材自动生成考核题被误标 question_type=case_study,no_question_text,TEXTBOOK_ASSESSMENT,,AUTO_17f80b48b02625a7_ASSESS,16,,,True
7778,下列哪项不是减少采光眩光的有效措施？,非案例题:教材自动生成考核题被误标 question_type=case_study,no_question_text,TEXTBOOK_ASSESSMENT,,AUTO_02c7568edbde7351_ASSESS,17,,,True
7779,下列哪种灯具在一般照明中不应使用？,非案例题:教材自动生成考核题被误标 question_type=case_study,no_question_text,TEXTBOOK_ASSESSMENT,,AUTO_d373c845b16d10b0_ASSESS,16,,,True
7780,下列哪项不属于降低住宅噪声的措施？,非案例题:教材自动生成考核题被误标 question_type=case_study,no_question_text,TEXTBOOK_ASSESSMENT,,AUTO_f3da648cd099c91b_ASSESS,16,,,True
7781,下列哪项不是提高墙体热阻值的有效措施？,非案例题:教材自动生成考核题被误标 question_type=case_study,no_question_text,TEXTBOOK_ASSESSMENT,,AUTO_46220cec8d1075cf_ASSESS,18,,,True
7782,下列哪项不属于屋面隔热措施？,非案例题:教材自动生成考核题被误标 question_type=case_study,no_question_text,TEXTBOOK_ASSESSMENT,,AUTO_b6eae4dc28763ed3_ASSESS,13,,,True
7784,当公共建筑进深超过40m时，应采取何种措施以保证自然通风？,非案例题:教材自动生成考核题被误标 question_type=case_study,no_question_text,TEXTBOOK_ASSESSMENT,,AUTO_cbd12674ae89522f_ASSESS,26,,,True
7785,当土壤氡浓度在30000~50000Bq/m³之间时，应对基础采取什么措施？,非案例题:教材自动生成考核题被误标 question_type=case_study,no_question_text,TEXTBOOK_ASSESSMENT,,AUTO_0075bb47a59effbb_ASSESS,30,,,True
7786,某地发生M=6.5的地震，属于什么类型？可能造成什么影响？,非案例题:教材自动生成考核题被误标 question_type=case_study,no_question_text,TEXTBOOK_ASSESSMENT,,AUTO_582513e7fe7bbda0_ASSESS,23,,,True
7787,下列哪一类建筑属于‘重点设防类’？,非案例题:教材自动生成考核题被误标 question_type=case_study,no_question_text,TEXTBOOK_ASSESSMENT,,AUTO_b32c31b040b634bb_ASSESS,14,,,True
7788,下列哪项不属于建筑结构抗震体系的基本要求？,非案例题:教材自动生成考核题被误标 question_type=case_study,no_question_text,TEXTBOOK_ASSESSMENT,,AUTO_f94184fc4cd06542_ASSESS,20,,,True
7789,下列关于混凝土结构房屋抗震设计的说法中，错误的是？,非案例题:教材自动生成考核题被误标 question_type=case_study,no_question_text,TEXTBOOK_ASSESSMENT,,AUTO_cd2d886954075d34_ASSESS,23,,,True
7790,关于砌体结构房屋的构造要求，下列说法错误的是？,非案例题:教材自动生成考核题被误标 question_type=case_study,no_question_text,TEXTBOOK_ASSESSMENT,,AUTO_9711bfb6dd3d03b6_ASSESS,21,,,True
7791,关于钢结构房屋的梁柱连接，下列说法正确的是？,非案例题:教材自动生成考核题被误标 question_type=case_study,no_question_text,TEXTBOOK_ASSESSMENT,,AUTO_90c00f45d73f5c9a_ASSESS,20,,,True
7792,关于建筑消能减震措施，下列说法正确的是？,非案例题:教材自动生成考核题被误标 question_type=case_study,no_question_text,TEXTBOOK_ASSESSMENT,,AUTO_ff6a8707c0415cc8_ASSESS,18,,,True
7793,关于消能部件的安装顺序，下列说法正确的是？,非案例题:教材自动生成考核题被误标 question_type=case_study,no_question_text,TEXTBOOK_ASSESSMENT,,AUTO_d98c41c7c80b3bc5_ASSESS,19,,,True
7794,关于隔震支座的出厂检验，下列说法正确的是？,非案例题:教材自动生成考核题被误标 question_type=case_study,no_question_text,TEXTBOOK_ASSESSMENT,,AUTO_77bd5183f53d8f3c_ASSESS,19,,,True
7795,下列哪项不属于楼面构造的基本要求？,非案例题:教材自动生成考核题被误标 question_type=case_study,no_question_text,TEXTBOOK_ASSESSMENT,,AUTO_03c19af80d489616_ASSESS,16,,,True
7796,下列关于地面构造的说法中，错误的是？,非案例题:教材自动生成考核题被误标 question_type=case_study,no_question_text,TEXTBOOK_ASSESSMENT,,AUTO_c373763aba07cdcf_ASSESS,16,,,True
7797,关于墙体防潮层设置，下列说法正确的是？,非案例题:教材自动生成考核题被误标 question_type=case_study,no_question_text,TEXTBOOK_ASSESSMENT,,AUTO_ac43fee72e35055e_ASSESS,17,,,True
7799,关于散水的设计要求，下列说法错误的是？,非案例题:教材自动生成考核题被误标 question_type=case_study,no_question_text,TEXTBOOK_ASSESSMENT,,AUTO_1e74e5f7fdb35d1d_ASSESS,17,,,True
7800,医院病房楼的室内疏散楼梯最小净宽度应为多少？,非案例题:教材自动生成考核题被误标 question_type=case_study,no_question_text,TEXTBOOK_ASSESSMENT,,AUTO_a7d207db8d2b27ea_ASSESS,21,,,True
7802,住宅套内楼梯在两侧有墙的情况下，其梯段净宽不应小于多少米？,非案例题:教材自动生成考核题被误标 question_type=case_study,no_question_text,TEXTBOOK_ASSESSMENT,,AUTO_74ac90376ead1f17_ASSESS,27,,,True
7803,以电梯为主要垂直交通的高层建筑楼梯，其踏步最大高度不应大于多少米？,非案例题:教材自动生成考核题被误标 question_type=case_study,no_question_text,TEXTBOOK_ASSESSMENT,,AUTO_730282d4f1addd4c_ASSESS,31,,,True
7804,高层公共建筑的电梯台数最少应设置多少台？,非案例题:教材自动生成考核题被误标 question_type=case_study,no_question_text,TEXTBOOK_ASSESSMENT,,AUTO_bf21968609fb52b5_ASSESS,19,,,True
7805,民用建筑临空窗窗台净高低于 0.80m 时，应设置何种防护设施？,非案例题:教材自动生成考核题被误标 question_type=case_study,no_question_text,TEXTBOOK_ASSESSMENT,,AUTO_64f9111c2f5cb563_ASSESS,26,,,True
7806,关于防火门的设置要求，下列说法正确的是？,非案例题:教材自动生成考核题被误标 question_type=case_study,no_question_text,TEXTBOOK_ASSESSMENT,,AUTO_a8907eba2a13004f_ASSESS,18,,,True
7807,屋面最小坡度的确定依据不包括以下哪项？,非案例题:教材自动生成考核题被误标 question_type=case_study,no_question_text,TEXTBOOK_ASSESSMENT,,AUTO_b24dcabe19829cc0_ASSESS,18,,,True
7808,下列屋面类型中，最小坡度要求最大的是？,非案例题:教材自动生成考核题被误标 question_type=case_study,no_question_text,TEXTBOOK_ASSESSMENT,,AUTO_2d4b54fe019f32fe_ASSESS,17,,,True
7809,某地区为严寒区，拟建一坡度为50°的瓦屋面，应采取哪些安全措施？,非案例题:教材自动生成考核题被误标 question_type=case_study,no_question_text,TEXTBOOK_ASSESSMENT,,AUTO_83b02f557465e36c_ASSESS,28,,,True
7810,关于室内装修的规定，以下哪项是正确的？,非案例题:教材自动生成考核题被误标 question_type=case_study,no_question_text,TEXTBOOK_ASSESSMENT,,AUTO_8c0b3651af818763_ASSESS,17,,,True
7811,某业主想在客厅加装一个新窗户，是否允许？为什么？,非案例题:教材自动生成考核题被误标 question_type=case_study,no_question_text,TEXTBOOK_ASSESSMENT,,AUTO_576f0e67144d8888_ASSESS,21,,,True
7812,下列关于室内装修安全与材料使用的说法中，错误的是？,非案例题:教材自动生成考核题被误标 question_type=case_study,no_question_text,TEXTBOOK_ASSESSMENT,,AUTO_d1dee3184eb4560a_ASSESS,23,,,True
7813,下列哪项不是吊项的主要功能？,非案例题:教材自动生成考核题被误标 question_type=case_study,no_question_text,TEXTBOOK_ASSESSMENT,,AUTO_a3f08841e95d4095_ASSESS,13,,,True
7814,某项目吊项施工中，吊杆长2m，拟安装3kg灯具于龙骨上，请判断是否符合规范？,非案例题:教材自动生成考核题被误标 question_type=case_study,no_question_text,TEXTBOOK_ASSESSMENT,,AUTO_92b675268e2d9d87_ASSESS,31,,,True
7815,关于外墙饰面砖伸缩缝的说法，正确的是？,非案例题:教材自动生成考核题被误标 question_type=case_study,no_question_text,TEXTBOOK_ASSESSMENT,,AUTO_fe18b87df8ad8a06_ASSESS,17,,,True
7816,关于墙体裱糊工程，下列说法正确的是？,非案例题:教材自动生成考核题被误标 question_type=case_study,no_question_text,TEXTBOOK_ASSESSMENT,,AUTO_c9085bb3afb982f2_ASSESS,16,,,True
7817,下列关于变形缝设置的说法中，错误的是？,非案例题:教材自动生成考核题被误标 question_type=case_study,no_question_text,TEXTBOOK_ASSESSMENT,,AUTO_b61c15cc59a2113f_ASSESS,17,,,True
7818,下列哪项不属于结构的可靠性范畴？,非案例题:教材自动生成考核题被误标 question_type=case_study,no_question_text,TEXTBOOK_ASSESSMENT,,AUTO_1a76b08a4d1599e9_ASSESS,15,,,True
7819,根据规范，普通房屋和构筑物的设计工作年限是多少年？,非案例题:教材自动生成考核题被误标 question_type=case_study,no_question_text,TEXTBOOK_ASSESSMENT,,AUTO_49dadebd80dc47aa_ASSESS,23,,,True
7820,某业主在未报批的情况下，在住宅楼顶加建阳光房，此行为违反了哪些结构安全规定？,非案例题:教材自动生成考核题被误标 question_type=case_study,no_question_text,TEXTBOOK_ASSESSMENT,,AUTO_c6e006e28bd1c153_ASSESS,35,,,True
7821,下列哪项不属于结构正常使用极限状态的表现？,非案例题:教材自动生成考核题被误标 question_type=case_study,no_question_text,TEXTBOOK_ASSESSMENT,,AUTO_c49581c04044d1b6_ASSESS,20,,,True
7823,下列哪种情况属于裂缝控制等级Ⅰ？,非案例题:教材自动生成考核题被误标 question_type=case_study,no_question_text,TEXTBOOK_ASSESSMENT,,AUTO_d6171af60e19f030_ASSESS,14,,,True
7824,下列哪种环境属于Ⅲ类环境？,非案例题:教材自动生成考核题被误标 question_type=case_study,no_question_text,TEXTBOOK_ASSESSMENT,,AUTO_147eaa25f46427db_ASSESS,11,,,True
7825,在冻融环境中，当环境作用等级为D时，其对应的环境类别与作用等级代号是？,非案例题:教材自动生成考核题被误标 question_type=case_study,no_question_text,TEXTBOOK_ASSESSMENT,,AUTO_69686659b4c0b937_ASSESS,31,,,True
7826,在I-A环境下，设计使用年限为100年的板、墙构件，当混凝土强度等级为C30时，其钢筋最小保护层厚度应为多少？,非案例题:教材自动生成考核题被误标 question_type=case_study,no_question_text,TEXTBOOK_ASSESSMENT,,AUTO_79d0f48cc27c4697_ASSESS,46,,,True
7827,某工程位于高湿高温地区，采用C30混凝土，设计使用年限50年，直接接触土壤，请问其保护层厚度应如何确定？,非案例题:教材自动生成考核题被误标 question_type=case_study,no_question_text,TEXTBOOK_ASSESSMENT,,AUTO_15facb28a65d0512_ASSESS,46,,,True
7828,下列关于剪力墙结构的说法正确的是？,非案例题:教材自动生成考核题被误标 question_type=case_study,no_question_text,TEXTBOOK_ASSESSMENT,,AUTO_2017c8e170fe578c_ASSESS,16,,,True
7829,下列哪种结构体系适用于高度不超过170m的建筑？,非案例题:教材自动生成考核题被误标 question_type=case_study,no_question_text,TEXTBOOK_ASSESSMENT,,AUTO_f7f4fe9690518480_ASSESS,22,,,True
7830,下列哪项不属于结构正常使用极限状态？,非案例题:教材自动生成考核题被误标 question_type=case_study,no_question_text,TEXTBOOK_ASSESSMENT,,AUTO_ee06cc8f07fdd327_ASSESS,17,,,True
7831,下列哪种作用属于间接作用？,非案例题:教材自动生成考核题被误标 question_type=case_study,no_question_text,TEXTBOOK_ASSESSMENT,,AUTO_c2d64fb90f4b7440_ASSESS,12,,,True
7832,关于永久作用的说法，错误的是？,非案例题:教材自动生成考核题被误标 question_type=case_study,no_question_text,TEXTBOOK_ASSESSMENT,,AUTO_d60f1d90273808b6_ASSESS,13,,,True
7833,地下室顶板施工活荷载标准值不应小于多少？,非案例题:教材自动生成考核题被误标 question_type=case_study,no_question_text,TEXTBOOK_ASSESSMENT,,AUTO_e0bbf9a8dbff4ab3_ASSESS,19,,,True
7834,关于混凝土结构构件的最小截面尺寸，下列说法正确的是？,非案例题:教材自动生成考核题被误标 question_type=case_study,no_question_text,TEXTBOOK_ASSESSMENT,,AUTO_27f19bc9123b2114_ASSESS,24,,,True
7835,下列关于混凝土构件裂缝控制的说法中，错误的是？,非案例题:教材自动生成考核题被误标 question_type=case_study,no_question_text,TEXTBOOK_ASSESSMENT,,AUTO_66beb25fa8295175_ASSESS,21,,,True
7836,关于钢筋锚固长度的规定，下列说法正确的是？,非案例题:教材自动生成考核题被误标 question_type=case_study,no_question_text,TEXTBOOK_ASSESSMENT,,AUTO_bceeb70af25dcb56_ASSESS,19,,,True
7837,关于填充墙构造要求，下列说法错误的是？,非案例题:教材自动生成考核题被误标 question_type=case_study,no_question_text,TEXTBOOK_ASSESSMENT,,AUTO_d505b202a41759fd_ASSESS,17,,,True
7838,关于砌体结构中圈梁的构造要求，下列说法错误的是？,非案例题:教材自动生成考核题被误标 question_type=case_study,no_question_text,TEXTBOOK_ASSESSMENT,,AUTO_f6ab3a175bf6c567_ASSESS,22,,,True
7839,下列不属于多高层钢结构常用体系的是？,非案例题:教材自动生成考核题被误标 question_type=case_study,no_question_text,TEXTBOOK_ASSESSMENT,,AUTO_a04dd555a538abba_ASSESS,17,,,True
7840,下列关于钢结构连接的说法中，错误的是？,非案例题:教材自动生成考核题被误标 question_type=case_study,no_question_text,TEXTBOOK_ASSESSMENT,,AUTO_c103b1a50ad15e44_ASSESS,17,,,True
7841,关于装配式混凝土结构设计的基本规定，以下说法错误的是？,非案例题:教材自动生成考核题被误标 question_type=case_study,no_question_text,TEXTBOOK_ASSESSMENT,,AUTO_81a96bac4d09817c_ASSESS,25,,,True
7842,关于装配式钢结构建筑的结构设计，下列说法错误的是？,非案例题:教材自动生成考核题被误标 question_type=case_study,no_question_text,TEXTBOOK_ASSESSMENT,,AUTO_3c314bc5d9dfc530_ASSESS,23,,,True
7843,下列哪项不属于装配式装饰装修设计应满足的要求？,非案例题:教材自动生成考核题被误标 question_type=case_study,no_question_text,TEXTBOOK_ASSESSMENT,,AUTO_a60e0a7b7e362397_ASSESS,22,,,True
7844,下列哪项不是集成设计应遵循的原则？,非案例题:教材自动生成考核题被误标 question_type=case_study,no_question_text,TEXTBOOK_ASSESSMENT,,AUTO_f29cc1373dac7fee_ASSESS,16,,,True
7845,根据《城市道路管理条例》，下列关于城市道路占用的说法正确的是？,非案例题:教材自动生成考核题被误标 question_type=case_study,no_question_text,TEXTBOOK_ASSESSMENT,,AUTO_e657fefb86d312da_ASSESS,27,,,True
7846,根据《建设工程文件归档规范》，下列关于工程档案的说法错误的是？,非案例题:教材自动生成考核题被误标 question_type=case_study,no_question_text,TEXTBOOK_ASSESSMENT,,AUTO_942c58ac8acc20b7_ASSESS,27,,,True
7847,下列哪项不是申请领取施工许可证应具备的条件？,非案例题:教材自动生成考核题被误标 question_type=case_study,no_question_text,TEXTBOOK_ASSESSMENT,,AUTO_1f27511f4f5ffb67_ASSESS,21,,,True
7848,关于工程总承包项目经理的任职条件，以下哪项不属于必要条件？,非案例题:教材自动生成考核题被误标 question_type=case_study,no_question_text,TEXTBOOK_ASSESSMENT,,AUTO_16e886110ac889ec_ASSESS,27,,,True
7849,下列关于脚手架搭设的说法中，错误的是？,非案例题:教材自动生成考核题被误标 question_type=case_study,no_question_text,TEXTBOOK_ASSESSMENT,,AUTO_990b8e015fa6b21d_ASSESS,17,,,True
7850,关于脚手架拆除作业的规定，下列说法错误的是？,非案例题:教材自动生成考核题被误标 question_type=case_study,no_question_text,TEXTBOOK_ASSESSMENT,,AUTO_b5dfbee1acb337ea_ASSESS,20,,,True
7851,下列哪项不属于基坑工程的重大事故隐患？,非案例题:教材自动生成考核题被误标 question_type=case_study,no_question_text,TEXTBOOK_ASSESSMENT,,AUTO_b1d20cbe8d234792_ASSESS,18,,,True
7852,下列哪项不属于危险性较大的分部分项工程？,非案例题:教材自动生成考核题被误标 question_type=case_study,no_question_text,TEXTBOOK_ASSESSMENT,,AUTO_811e0bf98fe7284e_ASSESS,19,,,True
7853,下列哪项属于超过一定规模的危大工程？ A. 搭设高度 7m 的混凝土模板支撑工程 B. 起重量 250kN 的起重机械安装工程 C. 搭设高度 45m 的落地式钢管脚手架工程 D. 开挖深度 15m 的人工挖孔桩工程,非案例题:教材自动生成考核题被误标 question_type=case_study,no_question_text,TEXTBOOK_ASSESSMENT,,AUTO_21a50d7d559eed42_ASSESS,78,,,True
7854,根据《施工现场建筑垃圾减量化技术标准》JGJ/T 498—2024，住宅建筑在地下结构阶段，无机非金属类垃圾的估算量为多少 kg/m²？,非案例题:教材自动生成考核题被误标 question_type=case_study,no_question_text,TEXTBOOK_ASSESSMENT,,AUTO_87558dfb35591a80_ASSESS,50,,,True
7855,某公共建筑地下结构阶段产生的金属类工程弃料估算量为多少？,非案例题:教材自动生成考核题被误标 question_type=case_study,no_question_text,TEXTBOOK_ASSESSMENT,,AUTO_1f79d86ef1283ad7_ASSESS,27,,,True
7856,某工程地下建筑面积为2000㎡，地上为8000㎡，总建筑面积10000㎡，装配率为50%，请计算其金属类弃料估算总量。,非案例题:教材自动生成考核题被误标 question_type=case_study,no_question_text,TEXTBOOK_ASSESSMENT,,AUTO_00a46f152c0393ed_ASSESS,50,,,True
7857,下列哪个公式用于计算地下结构阶段的工程弃料单位面积估算量？,非案例题:教材自动生成考核题被误标 question_type=case_study,no_question_text,TEXTBOOK_ASSESSMENT,,AUTO_99ea41274abadbe5_ASSESS,28,,,True
7858,下列哪项不属于绿色建造中‘源头减量’的措施？,非案例题:教材自动生成考核题被误标 question_type=case_study,no_question_text,TEXTBOOK_ASSESSMENT,,AUTO_7e1f3c3299959000_ASSESS,19,,,True
7859,关于施工现场建筑垃圾的堆放高度，以下说法正确的是？,非案例题:教材自动生成考核题被误标 question_type=case_study,no_question_text,TEXTBOOK_ASSESSMENT,,AUTO_ac95c4fc6adec051_ASSESS,23,,,True
7860,根据《房屋建筑和市政基础设施工程危及生产安全施工工艺、设备和材料淘汰目录（第一批）》，下列哪项属于禁止使用的施工工艺？,非案例题:教材自动生成考核题被误标 question_type=case_study,no_question_text,TEXTBOOK_ASSESSMENT,,AUTO_e25d1d3a3ad4002a_ASSESS,52,,,True
7861,下列哪种设备在 25m 及以上建设工程中不得使用？,非案例题:教材自动生成考核题被误标 question_type=case_study,no_question_text,TEXTBOOK_ASSESSMENT,,AUTO_1611f6fb8c19d0a1_ASSESS,21,,,True
7862,根据《民用建筑通用规范》GB 55031—2022，下列哪项不属于不应计算建筑面积的空间？,非案例题:教材自动生成考核题被误标 question_type=case_study,no_question_text,TEXTBOOK_ASSESSMENT,,AUTO_09423e8634cfcecd_ASSESS,37,,,True
7863,关于民用建筑公共走廊净宽的规定，下列说法正确的是？,非案例题:教材自动生成考核题被误标 question_type=case_study,no_question_text,TEXTBOOK_ASSESSMENT,,AUTO_7647add11571f936_ASSESS,23,,,True
7864,关于栏杆高度的计算方法，下列说法正确的是？,非案例题:教材自动生成考核题被误标 question_type=case_study,no_question_text,TEXTBOOK_ASSESSMENT,,AUTO_cb4062b22f84fa2f_ASSESS,19,,,True
7865,下列哪种房间不应跨越变形缝？,非案例题:教材自动生成考核题被误标 question_type=case_study,no_question_text,TEXTBOOK_ASSESSMENT,,AUTO_2d0695aa16b54315_ASSESS,13,,,True
7867,下列关于建筑声环境设计的说法中，错误的是？,非案例题:教材自动生成考核题被误标 question_type=case_study,no_question_text,TEXTBOOK_ASSESSMENT,,AUTO_120da5b3502e7cb6_ASSESS,19,,,True
7868,普通教室的采光均匀度最低要求是多少？,非案例题:教材自动生成考核题被误标 question_type=case_study,no_question_text,TEXTBOOK_ASSESSMENT,,AUTO_1180b3f684dfe771_ASSESS,17,,,True
7869,下列哪个地区不需要进行保温设计？,非案例题:教材自动生成考核题被误标 question_type=case_study,no_question_text,TEXTBOOK_ASSESSMENT,,AUTO_ed5f548dee782d8a_ASSESS,15,,,True
7870,关于室内空气污染物控制措施的优先顺序，以下哪项正确？,非案例题:教材自动生成考核题被误标 question_type=case_study,no_question_text,TEXTBOOK_ASSESSMENT,,AUTO_2b58d15328b78fd8_ASSESS,24,,,True
7871,下列哪一项不属于施工过程质量控制中应设置质量控制点的部位？,非案例题:教材自动生成考核题被误标 question_type=case_study,no_question_text,TEXTBOOK_ASSESSMENT,,AUTO_fcfdedfaeba33ab6_ASSESS,28,,,True
7872,关于屋面工程的施工要求，下列说法错误的是？,非案例题:教材自动生成考核题被误标 question_type=case_study,no_question_text,TEXTBOOK_ASSESSMENT,,AUTO_49653d9ad3c14159_ASSESS,19,,,True
7873,下列哪项不属于特殊建设工程？,非案例题:教材自动生成考核题被误标 question_type=case_study,no_question_text,TEXTBOOK_ASSESSMENT,,AUTO_94bd0fddb41fda9d_ASSESS,13,,,True
7874,下列建筑中属于I类民用建筑工程的是？,非案例题:教材自动生成考核题被误标 question_type=case_study,no_question_text,TEXTBOOK_ASSESSMENT,,AUTO_55e087196376ce8d_ASSESS,16,,,True
7875,某石材内照射指数为1.2，外照射指数为1.4，其应归为哪类材料？,非案例题:教材自动生成考核题被误标 question_type=case_study,no_question_text,TEXTBOOK_ASSESSMENT,,AUTO_531bd5ad6589c493_ASSESS,27,,,True
7876,某幼儿园装修选用B类石材作为墙面材料是否合规？,非案例题:教材自动生成考核题被误标 question_type=case_study,no_question_text,TEXTBOOK_ASSESSMENT,,AUTO_f233624326548042_ASSESS,21,,,True
7877,人造木板甲醛释放量检测，争议时应以哪种方法为准？,非案例题:教材自动生成考核题被误标 question_type=case_study,no_question_text,TEXTBOOK_ASSESSMENT,,AUTO_1ba47318a50fde3c_ASSESS,22,,,True
7878,水性涂料中游离甲醛的限量是多少？,非案例题:教材自动生成考核题被误标 question_type=case_study,no_question_text,TEXTBOOK_ASSESSMENT,,AUTO_56ddd45555bd694d_ASSESS,15,,,True
7879,根据规范要求，防水涂料中苯的含量不应超过多少？,非案例题:教材自动生成考核题被误标 question_type=case_study,no_question_text,TEXTBOOK_ASSESSMENT,,AUTO_7367f6210a9605b1_ASSESS,21,,,True
7880,聚氨酯胶粘剂需要检测哪项有害物质？,非案例题:教材自动生成考核题被误标 question_type=case_study,no_question_text,TEXTBOOK_ASSESSMENT,,AUTO_38747b626d7fbf04_ASSESS,16,,,True
7881,某住宅项目拟在客厅铺设PVC地板并使用溶剂型胶粘剂，是否合规？,非案例题:教材自动生成考核题被误标 question_type=case_study,no_question_text,TEXTBOOK_ASSESSMENT,,AUTO_0b863483745bc396_ASSESS,26,,,True
7882,某项目多次使用同一设计方案，是否需要做样板间？,非案例题:教材自动生成考核题被误标 question_type=case_study,no_question_text,TEXTBOOK_ASSESSMENT,,AUTO_2683f96d85dc45e0_ASSESS,21,,,True
7883,民用建筑工程室内环境质量验收应在工程完工后多久进行？,非案例题:教材自动生成考核题被误标 question_type=case_study,no_question_text,TEXTBOOK_ASSESSMENT,,AUTO_a02d1d069ddef8d5_ASSESS,25,,,True
7884,关于民用建筑室内环境污染物检测，下列说法错误的是？,非案例题:教材自动生成考核题被误标 question_type=case_study,no_question_text,TEXTBOOK_ASSESSMENT,,AUTO_84aa1c8c2441465a_ASSESS,23,,,True
7885,关于地基基础设计工作年限，下列说法正确的是？,非案例题:教材自动生成考核题被误标 question_type=case_study,no_question_text,TEXTBOOK_ASSESSMENT,,AUTO_00003bf38fea3b96_ASSESS,20,,,True
7886,支护结构安全等级为一级时，其破坏后果属于？,非案例题:教材自动生成考核题被误标 question_type=case_study,no_question_text,TEXTBOOK_ASSESSMENT,,AUTO_62a3c2715bc566e1_ASSESS,19,,,True
7887,下列哪类建筑物必须在施工和使用期间进行沉降观测？,非案例题:教材自动生成考核题被误标 question_type=case_study,no_question_text,TEXTBOOK_ASSESSMENT,,AUTO_91dbf473aecfb30c_ASSESS,23,,,True
7888,某项目采用灌注桩，如何进行桩基验收检验？,非案例题:教材自动生成考核题被误标 question_type=case_study,no_question_text,TEXTBOOK_ASSESSMENT,,AUTO_3fe2a52d64791910_ASSESS,18,,,True
7889,筏形基础的混凝土强度等级最低应为多少？,非案例题:教材自动生成考核题被误标 question_type=case_study,no_question_text,TEXTBOOK_ASSESSMENT,,AUTO_aece62d77b2ba72e_ASSESS,18,,,True
7890,关于基坑土方开挖的规定，下列说法错误的是？,非案例题:教材自动生成考核题被误标 question_type=case_study,no_question_text,TEXTBOOK_ASSESSMENT,,AUTO_78308855e115ade0_ASSESS,19,,,True
7891,根据GB 55030-2022，下列哪项不属于防水材料的基本要求？,非案例题:教材自动生成考核题被误标 question_type=case_study,no_question_text,TEXTBOOK_ASSESSMENT,,AUTO_bcfda1b0f5f2fcb9_ASSESS,27,,,True
7892,下列哪项可以作为一道防水层？,非案例题:教材自动生成考核题被误标 question_type=case_study,no_question_text,TEXTBOOK_ASSESSMENT,,AUTO_bc8a2adeb5ecbf2c_ASSESS,13,,,True
7893,关于防水卷材施工，下列说法错误的是？,非案例题:教材自动生成考核题被误标 question_type=case_study,no_question_text,TEXTBOOK_ASSESSMENT,,AUTO_1859919f9a8d78c8_ASSESS,16,,,True
7894,关于强夯地基施工后的质量检测间隔时间，下列说法正确的是？,非案例题:教材自动生成考核题被误标 question_type=case_study,no_question_text,TEXTBOOK_ASSESSMENT,,AUTO_408989da277355f4_ASSESS,26,,,True
7895,关于高压喷射注浆地基施工，下列说法错误的是？,非案例题:教材自动生成考核题被误标 question_type=case_study,no_question_text,TEXTBOOK_ASSESSMENT,,AUTO_618d38938682f984_ASSESS,20,,,True
7896,关于水泥土搅拌桩施工，下列哪项不符合规范要求？,非案例题:教材自动生成考核题被误标 question_type=case_study,no_question_text,TEXTBOOK_ASSESSMENT,,AUTO_fd29dd44b03c749a_ASSESS,21,,,True
7897,土和灰土挤密桩施工时，整片处理的顺序应为？,非案例题:教材自动生成考核题被误标 question_type=case_study,no_question_text,TEXTBOOK_ASSESSMENT,,AUTO_7f90c40a2e7d6409_ASSESS,19,,,True
7898,CFG桩施工中，长螺旋钻孔灌注的混合料坍落度宜为？,非案例题:教材自动生成考核题被误标 question_type=case_study,no_question_text,TEXTBOOK_ASSESSMENT,,AUTO_bf894241a7f9486c_ASSESS,20,,,True
7899,关于地基承载力检验，下列说法正确的是？,非案例题:教材自动生成考核题被误标 question_type=case_study,no_question_text,TEXTBOOK_ASSESSMENT,,AUTO_3c2cb587f8131e5d_ASSESS,17,,,True
7900,某基坑深12m，周边有地铁隧道，应如何选择支护结构？,非案例题:教材自动生成考核题被误标 question_type=case_study,no_question_text,TEXTBOOK_ASSESSMENT,,AUTO_62c6d2c157b2b1a5_ASSESS,22,,,True
7901,关于地下连续墙的墙体厚度，下列哪项不符合规范？,非案例题:教材自动生成考核题被误标 question_type=case_study,no_question_text,TEXTBOOK_ASSESSMENT,,AUTO_e9387a19d9ba3d5b_ASSESS,21,,,True
7902,关于锚杆布置的要求，下列说法错误的是？,非案例题:教材自动生成考核题被误标 question_type=case_study,no_question_text,TEXTBOOK_ASSESSMENT,,AUTO_0598eacf370310ff_ASSESS,17,,,True
7903,关于真空井点的构造要求，下列说法正确的是？,非案例题:教材自动生成考核题被误标 question_type=case_study,no_question_text,TEXTBOOK_ASSESSMENT,,AUTO_fa094a8cb5e41bd2_ASSESS,19,,,True
7904,下列关于混凝土结构施工的说法中，哪一项是正确的？,非案例题:教材自动生成考核题被误标 question_type=case_study,no_question_text,TEXTBOOK_ASSESSMENT,,AUTO_9a894ba1331ced82_ASSESS,22,,,True
7905,设计工作年限为50年及以上的砌体结构工程，其施工质量控制等级应为？,非案例题:教材自动生成考核题被误标 question_type=case_study,no_question_text,TEXTBOOK_ASSESSMENT,,AUTO_f4111647772a7a15_ASSESS,31,,,True
7906,填充墙中，内墙蒸压加气混凝土砌块的最低强度等级是多少？,非案例题:教材自动生成考核题被误标 question_type=case_study,no_question_text,TEXTBOOK_ASSESSMENT,,AUTO_25bf17b8f5107971_ASSESS,25,,,True
7907,某多层砌体结构房屋中，承重墙梁是否可以采用无筋砌体构件支承？为什么？,非案例题:教材自动生成考核题被误标 question_type=case_study,no_question_text,TEXTBOOK_ASSESSMENT,,AUTO_4bcf60d85687d8f8_ASSESS,31,,,True
7908,根据《钢结构通用规范》，下列关于钢结构基本规定的说法中，哪一项是正确的？,非案例题:教材自动生成考核题被误标 question_type=case_study,no_question_text,TEXTBOOK_ASSESSMENT,,AUTO_cc60c5b62c67cf11_ASSESS,31,,,True
7909,下列关于钢结构焊缝质量等级的说法，正确的是？,非案例题:教材自动生成考核题被误标 question_type=case_study,no_question_text,TEXTBOOK_ASSESSMENT,,AUTO_bd0591a9a88693ab_ASSESS,20,,,True
7910,下列关于预制构件进场结构性能检验的说法，错误的是？,非案例题:教材自动生成考核题被误标 question_type=case_study,no_question_text,TEXTBOOK_ASSESSMENT,,AUTO_0c85e4e96e0e74eb_ASSESS,23,,,True
7911,关于预制构件灌浆连接的质量控制，下列说法正确的是？,非案例题:教材自动生成考核题被误标 question_type=case_study,no_question_text,TEXTBOOK_ASSESSMENT,,AUTO_20f6d4eecc82c836_ASSESS,23,,,True
7912,下列哪项不属于外围护系统验收前必须完成的试验？,非案例题:教材自动生成考核题被误标 question_type=case_study,no_question_text,TEXTBOOK_ASSESSMENT,,AUTO_27741c22b828124f_ASSESS,22,,,True
7913,根据《屋面工程质量验收规范》GB 50207—2012，关于屋面防水工程完工后的检查要求，下列说法正确的是？,非案例题:教材自动生成考核题被误标 question_type=case_study,no_question_text,TEXTBOOK_ASSESSMENT,,AUTO_d19c1d3a77996fa1_ASSESS,45,,,True
7914,关于屋面卷材防水层的施工要求，下列说法错误的是？,非案例题:教材自动生成考核题被误标 question_type=case_study,no_question_text,TEXTBOOK_ASSESSMENT,,AUTO_d12faf1fa2819494_ASSESS,22,,,True
7915,关于屋面细部构造中水落口的施工要求，下列说法正确的是？,非案例题:教材自动生成考核题被误标 question_type=case_study,no_question_text,TEXTBOOK_ASSESSMENT,,AUTO_480e101fe80e4289_ASSESS,25,,,True
7916,根据 GB 50210—2018，下列哪项不属于装饰装修工程的基本规定？,非案例题:教材自动生成考核题被误标 question_type=case_study,no_question_text,TEXTBOOK_ASSESSMENT,,AUTO_5103519681137c5f_ASSESS,29,,,True
7917,关于抹灰工程的加强措施，下列说法正确的是？,非案例题:教材自动生成考核题被误标 question_type=case_study,no_question_text,TEXTBOOK_ASSESSMENT,,AUTO_350925fd56315b03_ASSESS,19,,,True
7918,根据《建筑设计防火规范》，下列哪项不属于装饰材料的燃烧性能等级？,非案例题:教材自动生成考核题被误标 question_type=case_study,no_question_text,TEXTBOOK_ASSESSMENT,,AUTO_04f58d77fbbc37df_ASSESS,28,,,True
7919,某住宅建筑高度为 80m，采用 B₁ 级保温材料，其外保温系统应满足哪些防火要求？,非案例题:教材自动生成考核题被误标 question_type=case_study,no_question_text,TEXTBOOK_ASSESSMENT,,AUTO_03553968718f43cf_ASSESS,32,,,True
7920,根据《建筑内部装修防火施工及验收规范》GB 50354—2005，以下哪项属于必须进行见证取样检验的材料？,非案例题:教材自动生成考核题被误标 question_type=case_study,no_question_text,TEXTBOOK_ASSESSMENT,,AUTO_695880bc8a860f32_ASSESS,45,,,True
7921,根据《建筑节能与可再生能源利用通用规范》GB 55015—2021，下列关于新建居住建筑平均节能率的说法正确的是？,非案例题:教材自动生成考核题被误标 question_type=case_study,no_question_text,TEXTBOOK_ASSESSMENT,,AUTO_d00eb97fd93b3042_ASSESS,49,,,True
7922,下列哪项不属于夏热冬冷地区门窗节能工程复验的内容？,非案例题:教材自动生成考核题被误标 question_type=case_study,no_question_text,TEXTBOOK_ASSESSMENT,,AUTO_71bde60ddb2f1a86_ASSESS,24,,,True
7923,下列哪项不属于墙体节能工程中保温隔热材料的进场复验内容？,非案例题:教材自动生成考核题被误标 question_type=case_study,no_question_text,TEXTBOOK_ASSESSMENT,,AUTO_ed2bd8615c5b9887_ASSESS,27,,,True
7924,关于屋面节能工程隐蔽验收内容，以下哪项不属于必须验收的部位？,非案例题:教材自动生成考核题被误标 question_type=case_study,no_question_text,TEXTBOOK_ASSESSMENT,,AUTO_f96dd376b4fd668f_ASSESS,28,,,True
7925,绿色建筑评价总得分的计算公式是什么？,非案例题:教材自动生成考核题被误标 question_type=case_study,no_question_text,TEXTBOOK_ASSESSMENT,,AUTO_7a51f2effa872929_ASSESS,17,,,True
7926,下列哪一项不属于绿色建筑‘资源节约’指标的控制项？,非案例题:教材自动生成考核题被误标 question_type=case_study,no_question_text,TEXTBOOK_ASSESSMENT,,AUTO_cfd60565b8211a10_ASSESS,22,,,True
7927,根据《绿色建造技术导则（试行）》，以下哪项不属于绿色设计的要求？,非案例题:教材自动生成考核题被误标 question_type=case_study,no_question_text,TEXTBOOK_ASSESSMENT,,AUTO_d943f9f1266564dd_ASSESS,26,,,True
7928,下列关于绿色施工的说法中，哪一项不符合《绿色施工导则》的要求？,非案例题:教材自动生成考核题被误标 question_type=case_study,no_question_text,TEXTBOOK_ASSESSMENT,,AUTO_51c7132418af97da_ASSESS,27,,,True
7929,关于建筑碳排放计算，下列说法正确的是？,非案例题:教材自动生成考核题被误标 question_type=case_study,no_question_text,TEXTBOOK_ASSESSMENT,,AUTO_da7f388bf8713190_ASSESS,17,,,True
7930,在建材生产及运输阶段碳排放计算中，若某类建筑材料的重量占比小于多少时，可不予计算？,非案例题:教材自动生成考核题被误标 question_type=case_study,no_question_text,TEXTBOOK_ASSESSMENT,,AUTO_9caadddef08e366e_ASSESS,38,,,True
7931,地下室顶板施工活荷载标准值不应小于多少？,非案例题:教材自动生成考核题被误标 question_type=case_study,no_question_text,TEXTBOOK_ASSESSMENT,,AUTO_edd5b6e261a076b1_ASSESS,19,,,True
7932,关于混凝土结构构件的最小截面尺寸，下列说法正确的是？,非案例题:教材自动生成考核题被误标 question_type=case_study,no_question_text,TEXTBOOK_ASSESSMENT,,AUTO_6567a4d9fce529ac_ASSESS,24,,,True
7933,下列关于混凝土构件裂缝控制的说法中，错误的是？,非案例题:教材自动生成考核题被误标 question_type=case_study,no_question_text,TEXTBOOK_ASSESSMENT,,AUTO_04393290035953fd_ASSESS,21,,,True
7934,关于钢筋锚固长度的规定，下列说法正确的是？,非案例题:教材自动生成考核题被误标 question_type=case_study,no_question_text,TEXTBOOK_ASSESSMENT,,AUTO_6f081ddb91302d0c_ASSESS,19,,,True
7935,关于混凝土保护层厚度的规定，下列说法错误的是？,非案例题:教材自动生成考核题被误标 question_type=case_study,no_question_text,TEXTBOOK_ASSESSMENT,,AUTO_c88b98f4e76fbcdb_ASSESS,21,,,True
7936,关于砌体结构设计的基本要求，下列说法正确的是？,非案例题:教材自动生成考核题被误标 question_type=case_study,no_question_text,TEXTBOOK_ASSESSMENT,,AUTO_bd5fe62f4dfcf537_ASSESS,21,,,True
7937,关于填充墙构造要求，下列说法错误的是？,非案例题:教材自动生成考核题被误标 question_type=case_study,no_question_text,TEXTBOOK_ASSESSMENT,,AUTO_6c67e752edc3b9a4_ASSESS,17,,,True
7938,关于砌体结构中圈梁的构造要求，下列说法错误的是？,非案例题:教材自动生成考核题被误标 question_type=case_study,no_question_text,TEXTBOOK_ASSESSMENT,,AUTO_604c985cd8e73b11_ASSESS,22,,,True
7939,下列关于钢结构连接的说法中，错误的是？,非案例题:教材自动生成考核题被误标 question_type=case_study,no_question_text,TEXTBOOK_ASSESSMENT,,AUTO_9601bf2bbb306959_ASSESS,17,,,True
7940,关于装配式混凝土结构中预制剪力墙的接缝设计，下列说法正确的是？,非案例题:教材自动生成考核题被误标 question_type=case_study,no_question_text,TEXTBOOK_ASSESSMENT,,AUTO_11e9b83179fff11a_ASSESS,29,,,True
7941,下列关于碳素结构钢牌号Q235-AF的描述，正确的是？,非案例题:教材自动生成考核题被误标 question_type=case_study,no_question_text,TEXTBOOK_ASSESSMENT,,AUTO_f7d87379b31cf3da_ASSESS,21,,,True
7942,下列关于热轧带肋钢筋的说法中，错误的是？,非案例题:教材自动生成考核题被误标 question_type=case_study,no_question_text,TEXTBOOK_ASSESSMENT,,AUTO_230fce055e052c3a_ASSESS,18,,,True
7943,下列关于建筑钢材拉伸性能的说法中，错误的是？,非案例题:教材自动生成考核题被误标 question_type=case_study,no_question_text,TEXTBOOK_ASSESSMENT,,AUTO_db211ab670a7eed9_ASSESS,20,,,True
7944,下列关于钢材中碳元素影响的说法，错误的是？,非案例题:教材自动生成考核题被误标 question_type=case_study,no_question_text,TEXTBOOK_ASSESSMENT,,AUTO_5a0dcaa22f8a1af4_ASSESS,19,,,True
7945,下列哪种水泥代号表示普通硅酸盐水泥？,非案例题:教材自动生成考核题被误标 question_type=case_study,no_question_text,TEXTBOOK_ASSESSMENT,,AUTO_5e30f1429326e148_ASSESS,17,,,True
7946,下列关于水泥凝结时间的说法正确的是？,非案例题:教材自动生成考核题被误标 question_type=case_study,no_question_text,TEXTBOOK_ASSESSMENT,,AUTO_4c635f185af91eaa_ASSESS,17,,,True
7947,下列哪种水泥最适合用于大体积混凝土工程？,非案例题:教材自动生成考核题被误标 question_type=case_study,no_question_text,TEXTBOOK_ASSESSMENT,,AUTO_b0c7b042aee097b1_ASSESS,19,,,True
7948,关于混凝土用砂的颗粒级配，下列说法正确的是？,非案例题:教材自动生成考核题被误标 question_type=case_study,no_question_text,TEXTBOOK_ASSESSMENT,,AUTO_fc8088ef04bbf714_ASSESS,20,,,True
7949,下列关于粗骨料最大粒径的说法，错误的是？,非案例题:教材自动生成考核题被误标 question_type=case_study,no_question_text,TEXTBOOK_ASSESSMENT,,AUTO_2dd04146cf48b4d8_ASSESS,18,,,True
7950,下列哪种材料属于活性矿物掺合料？,非案例题:教材自动生成考核题被误标 question_type=case_study,no_question_text,TEXTBOOK_ASSESSMENT,,AUTO_33a278eb66729993_ASSESS,15,,,True
7951,下列哪项不是影响混凝土和易性的主要因素？,非案例题:教材自动生成考核题被误标 question_type=case_study,no_question_text,TEXTBOOK_ASSESSMENT,,AUTO_6f21dce049f78a91_ASSESS,19,,,True
7952,C30混凝土的强度标准值范围是多少？,非案例题:教材自动生成考核题被误标 question_type=case_study,no_question_text,TEXTBOOK_ASSESSMENT,,AUTO_82b005ccdb63c990_ASSESS,16,,,True
7953,下列关于混凝土强度等级的说法，正确的是？,非案例题:教材自动生成考核题被误标 question_type=case_study,no_question_text,TEXTBOOK_ASSESSMENT,,AUTO_941c2867a45d4844_ASSESS,18,,,True
7954,下列关于混凝土外加剂的说法中，错误的是？,非案例题:教材自动生成考核题被误标 question_type=case_study,no_question_text,TEXTBOOK_ASSESSMENT,,AUTO_a09d4b44b1bfb579_ASSESS,18,,,True
7955,下列关于混凝土外加剂使用的说法中，错误的是？,非案例题:教材自动生成考核题被误标 question_type=case_study,no_question_text,TEXTBOOK_ASSESSMENT,,AUTO_f562827450031638_ASSESS,20,,,True
7956,下列关于烧结砖的说法中，正确的是？,非案例题:教材自动生成考核题被误标 question_type=case_study,no_question_text,TEXTBOOK_ASSESSMENT,,AUTO_702bc3880573bf5a_ASSESS,15,,,True
7957,下列关于砌块的说法中，错误的是？,非案例题:教材自动生成考核题被误标 question_type=case_study,no_question_text,TEXTBOOK_ASSESSMENT,,AUTO_f1d83fc0fb4ee3d2_ASSESS,14,,,True
7958,下列关于砂浆强度等级的说法中，正确的是？,非案例题:教材自动生成考核题被误标 question_type=case_study,no_question_text,TEXTBOOK_ASSESSMENT,,AUTO_71cf138e077fb2a3_ASSESS,18,,,True
7959,M10 砂浆适用于哪种砌体？,非案例题:教材自动生成考核题被误标 question_type=case_study,no_question_text,TEXTBOOK_ASSESSMENT,,AUTO_f19bb6ab4614dc19_ASSESS,11,,,True
7960,下列哪种砂浆适用于蒸压灰砂普通砖砌体？,非案例题:教材自动生成考核题被误标 question_type=case_study,no_question_text,TEXTBOOK_ASSESSMENT,,AUTO_f79ea2f264c6ae98_ASSESS,18,,,True
7961,含水饱和环境下，混凝土砌块的最低强度等级应为多少？,非案例题:教材自动生成考核题被误标 question_type=case_study,no_question_text,TEXTBOOK_ASSESSMENT,,AUTO_84ceae2842eb53ba_ASSESS,23,,,True
7962,某建筑位于腐蚀性环境3类区域，应如何选择砌体材料？,非案例题:教材自动生成考核题被误标 question_type=case_study,no_question_text,TEXTBOOK_ASSESSMENT,,AUTO_d6637b170bbe3c3e_ASSESS,23,,,True
7963,天然花岗石板材按表面加工程度可分为哪几类？,非案例题:教材自动生成考核题被误标 question_type=case_study,no_question_text,TEXTBOOK_ASSESSMENT,,AUTO_1a70266273b0f986_ASSESS,20,,,True
7964,B类天然石材可用于哪些部位？,非案例题:教材自动生成考核题被误标 question_type=case_study,no_question_text,TEXTBOOK_ASSESSMENT,,AUTO_01eb69a41f9a98c3_ASSESS,12,,,True
7965,镜面板材适用于哪些部位？,非案例题:教材自动生成考核题被误标 question_type=case_study,no_question_text,TEXTBOOK_ASSESSMENT,,AUTO_c518d6b27848d022_ASSESS,11,,,True
7967,天然大理石板材的通用厚度是多少？,非案例题:教材自动生成考核题被误标 question_type=case_study,no_question_text,TEXTBOOK_ASSESSMENT,,AUTO_27a3f2bbf0974157_ASSESS,15,,,True
7968,天然大理石常用于哪些场所？,非案例题:教材自动生成考核题被误标 question_type=case_study,no_question_text,TEXTBOOK_ASSESSMENT,,AUTO_b5cfaffb9969b736_ASSESS,12,,,True
7969,下列哪种人造石材目前应用较多？,非案例题:教材自动生成考核题被误标 question_type=case_study,no_question_text,TEXTBOOK_ASSESSMENT,,AUTO_b9b12e5eabfd0be9_ASSESS,14,,,True
7970,下列哪项属于低吸水率砖（Ⅰ类）？,非案例题:教材自动生成考核题被误标 question_type=case_study,no_question_text,TEXTBOOK_ASSESSMENT,,AUTO_ee8d33f6683bdfe1_ASSESS,12,,,True
7971,下列哪种树属于软木材？,非案例题:教材自动生成考核题被误标 question_type=case_study,no_question_text,TEXTBOOK_ASSESSMENT,,AUTO_4c3399dd882f4e16_ASSESS,10,,,True
7972,下列关于木材湿胀干缩的说法中，正确的是？,非案例题:教材自动生成考核题被误标 question_type=case_study,no_question_text,TEXTBOOK_ASSESSMENT,,AUTO_2281ffe9f379be1c_ASSESS,18,,,True
7973,木材的顺纹抗拉强度与横纹抗拉强度相比如何？,非案例题:教材自动生成考核题被误标 question_type=case_study,no_question_text,TEXTBOOK_ASSESSMENT,,AUTO_70f1f8c2d516f281_ASSESS,20,,,True
7974,关于实木地板的技术要求，以下说法正确的有？,非案例题:教材自动生成考核题被误标 question_type=case_study,no_question_text,TEXTBOOK_ASSESSMENT,,AUTO_facb43b41c4cef1b_ASSESS,19,,,True
7975,某办公楼需要铺设地面，要求耐磨、易清洁、成本适中，请推荐合适的地板类型并说明理由。,非案例题:教材自动生成考核题被误标 question_type=case_study,no_question_text,TEXTBOOK_ASSESSMENT,,AUTO_bd29b279da42c7b9_ASSESS,36,,,True
7976,下列关于中密度纤维板的说法正确的是？,非案例题:教材自动生成考核题被误标 question_type=case_study,no_question_text,TEXTBOOK_ASSESSMENT,,AUTO_005cd31d05b1eda3_ASSESS,17,,,True
7977,下列关于平板玻璃的说法中，错误的是？,非案例题:教材自动生成考核题被误标 question_type=case_study,no_question_text,TEXTBOOK_ASSESSMENT,,AUTO_718e044334bb9937_ASSESS,16,,,True
7978,下列关于钢化玻璃的说法中，错误的是？,非案例题:教材自动生成考核题被误标 question_type=case_study,no_question_text,TEXTBOOK_ASSESSMENT,,AUTO_731974ae9f8626f3_ASSESS,16,,,True
7979,下列关于防火玻璃的说法中，正确的是？,非案例题:教材自动生成考核题被误标 question_type=case_study,no_question_text,TEXTBOOK_ASSESSMENT,,AUTO_70ac4902a51c7bc8_ASSESS,16,,,True
7980,下列关于夹层玻璃的说法中，错误的是？,非案例题:教材自动生成考核题被误标 question_type=case_study,no_question_text,TEXTBOOK_ASSESSMENT,,AUTO_3937ed5c1b258862_ASSESS,16,,,True
7981,下列关于着色玻璃的说法中，正确的是？,非案例题:教材自动生成考核题被误标 question_type=case_study,no_question_text,TEXTBOOK_ASSESSMENT,,AUTO_cf7c80742cc4d1cf_ASSESS,16,,,True
7982,阳光控制镀膜玻璃安装时，膜层面应朝向？,非案例题:教材自动生成考核题被误标 question_type=case_study,no_question_text,TEXTBOOK_ASSESSMENT,,AUTO_9c2861b0811c7f9d_ASSESS,17,,,True
7983,关于中空玻璃的特性，下列说法错误的是？,非案例题:教材自动生成考核题被误标 question_type=case_study,no_question_text,TEXTBOOK_ASSESSMENT,,AUTO_581c9a10cac999cb_ASSESS,17,,,True
7984,下列关于建筑腻子的说法中，错误的是？,非案例题:教材自动生成考核题被误标 question_type=case_study,no_question_text,TEXTBOOK_ASSESSMENT,,AUTO_cb9fc8893bb84164_ASSESS,16,,,True
7985,下列哪项不属于复层涂料的常见类型？A. 单色型 B. 多彩型 C. 厚浆型 D. 水泥型,非案例题:教材自动生成考核题被误标 question_type=case_study,no_question_text,TEXTBOOK_ASSESSMENT,,AUTO_d0e67d33e3444876_ASSESS,28,,,True
7986,下列关于装饰不锈钢板的说法中，错误的是？,非案例题:教材自动生成考核题被误标 question_type=case_study,no_question_text,TEXTBOOK_ASSESSMENT,,AUTO_7aa5a788b2dabc53_ASSESS,18,,,True
7987,下列不属于彩色涂层钢板按基板类型分类的是？,非案例题:教材自动生成考核题被误标 question_type=case_study,no_question_text,TEXTBOOK_ASSESSMENT,,AUTO_e47ec0c34d334629_ASSESS,20,,,True
7988,下列关于彩色压型钢板的说法中，正确的是？,非案例题:教材自动生成考核题被误标 question_type=case_study,no_question_text,TEXTBOOK_ASSESSMENT,,AUTO_8217796f73d2dd5b_ASSESS,18,,,True
7989,下列不属于轻钢龙骨断面形状的是？,非案例题:教材自动生成考核题被误标 question_type=case_study,no_question_text,TEXTBOOK_ASSESSMENT,,AUTO_e7137c489152512d_ASSESS,15,,,True
7990,下列关于铝质波纹板和压型板的说法，正确的是？,非案例题:教材自动生成考核题被误标 question_type=case_study,no_question_text,TEXTBOOK_ASSESSMENT,,AUTO_089abf371751478f_ASSESS,20,,,True
7991,下列哪种材料不属于铝合金门窗的主要构成部分？,非案例题:教材自动生成考核题被误标 question_type=case_study,no_question_text,TEXTBOOK_ASSESSMENT,,AUTO_6be121b6b3f3534d_ASSESS,21,,,True
7992,下列哪项不属于建筑功能材料？,非案例题:教材自动生成考核题被误标 question_type=case_study,no_question_text,TEXTBOOK_ASSESSMENT,,AUTO_0be35e450b88ca9b_ASSESS,13,,,True
7993,下列哪种材料不属于柔性防水材料？,非案例题:教材自动生成考核题被误标 question_type=case_study,no_question_text,TEXTBOOK_ASSESSMENT,,AUTO_f2f08f30561cb4ef_ASSESS,15,,,True
7994,下列哪种不属于改性沥青防水卷材？,非案例题:教材自动生成考核题被误标 question_type=case_study,no_question_text,TEXTBOOK_ASSESSMENT,,AUTO_2d9da8a278e52cec_ASSESS,15,,,True
7995,SBS卷材最适合用于哪种环境？,非案例题:教材自动生成考核题被误标 question_type=case_study,no_question_text,TEXTBOOK_ASSESSMENT,,AUTO_09ace768ce7f74d5_ASSESS,11,,,True
7996,下列哪种不属于高分子防水卷材？,非案例题:教材自动生成考核题被误标 question_type=case_study,no_question_text,TEXTBOOK_ASSESSMENT,,AUTO_5873329e7045ee3c_ASSESS,14,,,True
7997,下列哪项不是防水卷材的性能指标？,非案例题:教材自动生成考核题被误标 question_type=case_study,no_question_text,TEXTBOOK_ASSESSMENT,,AUTO_4a694f880d45058e_ASSESS,15,,,True
7998,下列哪种不属于防水涂料的分类方式？,非案例题:教材自动生成考核题被误标 question_type=case_study,no_question_text,TEXTBOOK_ASSESSMENT,,AUTO_1270b4614bcacc06_ASSESS,16,,,True
7999,下列哪项不属于建筑密封材料的分类？,非案例题:教材自动生成考核题被误标 question_type=case_study,no_question_text,TEXTBOOK_ASSESSMENT,,AUTO_f83ef7d3d02ecd38_ASSESS,16,,,True
8000,下列哪种防火涂料在高温下会膨胀发泡？,非案例题:教材自动生成考核题被误标 question_type=case_study,no_question_text,TEXTBOOK_ASSESSMENT,,AUTO_bce157e7be4edd8d_ASSESS,17,,,True
8001,下列关于防火涂料的说法中，错误的是？,非案例题:教材自动生成考核题被误标 question_type=case_study,no_question_text,TEXTBOOK_ASSESSMENT,,AUTO_72c39c86b18d68f4_ASSESS,16,,,True
8002,下列关于影响保温材料导热系数的因素，说法正确的是？,非案例题:教材自动生成考核题被误标 question_type=case_study,no_question_text,TEXTBOOK_ASSESSMENT,,AUTO_9cbb0c4992f88302_ASSESS,23,,,True
8003,下列关于岩棉、矿渣棉制品的说法中，错误的是？,非案例题:教材自动生成考核题被误标 question_type=case_study,no_question_text,TEXTBOOK_ASSESSMENT,,AUTO_5078fa88c315b015_ASSESS,19,,,True
8004,玻璃棉制品的主要用途不包括以下哪项？,非案例题:教材自动生成考核题被误标 question_type=case_study,no_question_text,TEXTBOOK_ASSESSMENT,,AUTO_7320ae8f8a05940a_ASSESS,17,,,True
8005,中空玻璃微珠保温隔热材料的主要性能不包括以下哪项？,非案例题:教材自动生成考核题被误标 question_type=case_study,no_question_text,TEXTBOOK_ASSESSMENT,,AUTO_829ff1d9dce84abb_ASSESS,24,,,True
8006,下列关于激光经纬仪的说法中，错误的是？,非案例题:教材自动生成考核题被误标 question_type=case_study,no_question_text,TEXTBOOK_ASSESSMENT,,AUTO_85b9c473c8e0955e_ASSESS,17,,,True
8007,下列哪项不是全站仪的基本组成部分？,非案例题:教材自动生成考核题被误标 question_type=case_study,no_question_text,TEXTBOOK_ASSESSMENT,,AUTO_e1f91042fcbc1a06_ASSESS,16,,,True
8008,施工测量中，以下哪些属于基本工作？,非案例题:教材自动生成考核题被误标 question_type=case_study,no_question_text,TEXTBOOK_ASSESSMENT,,AUTO_becdc2be75a2b685_ASSESS,15,,,True
8009,某大型建筑工地，如何合理建立施工控制网？,非案例题:教材自动生成考核题被误标 question_type=case_study,no_question_text,TEXTBOOK_ASSESSMENT,,AUTO_23be3d7f4c6d65c8_ASSESS,18,,,True
8010,建筑物定位时，控制桩的作用是什么？,非案例题:教材自动生成考核题被误标 question_type=case_study,no_question_text,TEXTBOOK_ASSESSMENT,,AUTO_0973f8c775257c71_ASSESS,15,,,True
8011,竣工图实测应在何种基础上进行？,非案例题:教材自动生成考核题被误标 question_type=case_study,no_question_text,TEXTBOOK_ASSESSMENT,,AUTO_02d3e36f58c0e663_ASSESS,14,,,True
8012,已知长度测设中，若差值较大且点位落在桩外，应如何处理？,非案例题:教材自动生成考核题被误标 question_type=case_study,no_question_text,TEXTBOOK_ASSESSMENT,,AUTO_791e379d01845bf0_ASSESS,24,,,True
8013,已知角度测设的关键是什么？,非案例题:教材自动生成考核题被误标 question_type=case_study,no_question_text,TEXTBOOK_ASSESSMENT,,AUTO_99e79a255d344aff_ASSESS,12,,,True
8014,某建筑场地为方格网，应选用哪种平面位置测设方法？为什么？,非案例题:教材自动生成考核题被误标 question_type=case_study,no_question_text,TEXTBOOK_ASSESSMENT,,AUTO_77788df3589ea00b_ASSESS,25,,,True
8015,在建筑物细部点高程测设中，若已知水准点 A 的高程为 $H_A$，后视读数为 $a$，待测点 B 的设计高程为 $H_B$，则前视读数 $b$ 应为多少？,非案例题:教材自动生成考核题被误标 question_type=case_study,no_question_text,TEXTBOOK_ASSESSMENT,,AUTO_bba9ffc442663e80_ASSESS,45,,,True
8016,下列关于施工期间变形监测的说法，错误的是？,非案例题:教材自动生成考核题被误标 question_type=case_study,no_question_text,TEXTBOOK_ASSESSMENT,,AUTO_4eacfd0611733146_ASSESS,19,,,True
8017,关于民用高层建筑沉降观测频率，下列说法正确的是？,非案例题:教材自动生成考核题被误标 question_type=case_study,no_question_text,TEXTBOOK_ASSESSMENT,,AUTO_aa1d6ed6a32d0b1a_ASSESS,22,,,True
8018,判断建筑沉降是否稳定的依据是什么？,非案例题:教材自动生成考核题被误标 question_type=case_study,no_question_text,TEXTBOOK_ASSESSMENT,,AUTO_30e6d4f52b6dbac2_ASSESS,16,,,True
8019,主体结构封顶后水平位移观测频率是多少？,非案例题:教材自动生成考核题被误标 question_type=case_study,no_question_text,TEXTBOOK_ASSESSMENT,,AUTO_8ce557c974cf2718_ASSESS,18,,,True
8020,倾斜观测的推荐频率是多少？,非案例题:教材自动生成考核题被误标 question_type=case_study,no_question_text,TEXTBOOK_ASSESSMENT,,AUTO_cb4f9672da13cc28_ASSESS,12,,,True
8021,某基坑监测发现周边地面出现裂缝，应采取哪些措施？,非案例题:教材自动生成考核题被误标 question_type=case_study,no_question_text,TEXTBOOK_ASSESSMENT,,AUTO_0a38dab0533c1328_ASSESS,22,,,True
8022,下列哪项不属于土的工程分类？,非案例题:教材自动生成考核题被误标 question_type=case_study,no_question_text,TEXTBOOK_ASSESSMENT,,AUTO_e6962a5b13360486_ASSESS,13,,,True
8023,下列哪种土属于四类土？,非案例题:教材自动生成考核题被误标 question_type=case_study,no_question_text,TEXTBOOK_ASSESSMENT,,AUTO_fa3039bdd5ddb664_ASSESS,10,,,True
8024,下列关于土的分类说法正确的是？,非案例题:教材自动生成考核题被误标 question_type=case_study,no_question_text,TEXTBOOK_ASSESSMENT,,AUTO_a18917f76172b782_ASSESS,14,,,True
8025,某边坡土体内摩擦角为30°，若坡度为35°，是否稳定？,非案例题:教材自动生成考核题被误标 question_type=case_study,no_question_text,TEXTBOOK_ASSESSMENT,,AUTO_cffbabe2799fdcf3_ASSESS,22,,,True
8026,下列关于土的物理力学性质的说法中，错误的是？,非案例题:教材自动生成考核题被误标 question_type=case_study,no_question_text,TEXTBOOK_ASSESSMENT,,AUTO_c20df0909787d1a5_ASSESS,20,,,True
8027,某项目基坑开挖前，施工单位未提供岩土勘察报告，是否符合规定？请说明理由。,非案例题:教材自动生成考核题被误标 question_type=case_study,no_question_text,TEXTBOOK_ASSESSMENT,,AUTO_c3b435f2457d2fa4_ASSESS,32,,,True
8028,下列哪种支护方式适用于地下水位较低、深度不大的基坑？,非案例题:教材自动生成考核题被误标 question_type=case_study,no_question_text,TEXTBOOK_ASSESSMENT,,AUTO_9a1e1ec86b7feec8_ASSESS,24,,,True
8029,关于灌注桩排桩支护的施工要求，下列说法错误的是？,非案例题:教材自动生成考核题被误标 question_type=case_study,no_question_text,TEXTBOOK_ASSESSMENT,,AUTO_8bc4d2639ed44dad_ASSESS,22,,,True
8030,关于地下连续墙施工，下列说法错误的是？,非案例题:教材自动生成考核题被误标 question_type=case_study,no_question_text,TEXTBOOK_ASSESSMENT,,AUTO_2ee7e58cb55740ec_ASSESS,17,,,True
8031,关于土钉墙施工，下列说法错误的是？,非案例题:教材自动生成考核题被误标 question_type=case_study,no_question_text,TEXTBOOK_ASSESSMENT,,AUTO_c5d0869b0d6941c6_ASSESS,15,,,True
8032,关于板桩围护墙施工的说法，错误的是？,非案例题:教材自动生成考核题被误标 question_type=case_study,no_question_text,TEXTBOOK_ASSESSMENT,,AUTO_97b8ec45ade375fc_ASSESS,16,,,True
8033,下列关于水泥土重力式围护墙的说法，正确的是？,非案例题:教材自动生成考核题被误标 question_type=case_study,no_question_text,TEXTBOOK_ASSESSMENT,,AUTO_85a287ae19db7ba2_ASSESS,20,,,True
8034,某基坑采用钢筋混凝土支撑，如何安全拆除？,非案例题:教材自动生成考核题被误标 question_type=case_study,no_question_text,TEXTBOOK_ASSESSMENT,,AUTO_6c34a4f480a86a1e_ASSESS,18,,,True
8035,锚杆张拉时，黏性土层应保持多长时间？,非案例题:教材自动生成考核题被误标 question_type=case_study,no_question_text,TEXTBOOK_ASSESSMENT,,AUTO_aa775fa1c43602d1_ASSESS,16,,,True
8036,下列哪项不属于必须实施基坑监测的工程？,非案例题:教材自动生成考核题被误标 question_type=case_study,no_question_text,TEXTBOOK_ASSESSMENT,,AUTO_7d326bbcce620f36_ASSESS,18,,,True
8037,下列哪项不属于基坑工程中必须立即报警的情况？,非案例题:教材自动生成考核题被误标 question_type=case_study,no_question_text,TEXTBOOK_ASSESSMENT,,AUTO_5c6c30326ea966b5_ASSESS,21,,,True
8038,某基坑开挖深度为 4m，位于软土地区，如何选择合适的降水方式？,非案例题:教材自动生成考核题被误标 question_type=case_study,no_question_text,TEXTBOOK_ASSESSMENT,,AUTO_c90933abb54faf85_ASSESS,26,,,True
8039,轻型井点适用于哪种渗透系数范围的土层？,非案例题:教材自动生成考核题被误标 question_type=case_study,no_question_text,TEXTBOOK_ASSESSMENT,,AUTO_8679024b9dd927a7_ASSESS,18,,,True
8040,下列关于喷射井点的说法中，错误的是？,非案例题:教材自动生成考核题被误标 question_type=case_study,no_question_text,TEXTBOOK_ASSESSMENT,,AUTO_547cfd403a6d49c2_ASSESS,16,,,True
8041,下列关于真空降水管井的说法中，正确的是？,非案例题:教材自动生成考核题被误标 question_type=case_study,no_question_text,TEXTBOOK_ASSESSMENT,,AUTO_d3d7168c98756565_ASSESS,18,,,True
8042,某基坑周边地下水丰富，如何设计有效的截水方案？,非案例题:教材自动生成考核题被误标 question_type=case_study,no_question_text,TEXTBOOK_ASSESSMENT,,AUTO_e4f4a66c3f746ec5_ASSESS,21,,,True
8043,某基坑降水可能影响邻近地铁隧道，应采取什么措施？,非案例题:教材自动生成考核题被误标 question_type=case_study,no_question_text,TEXTBOOK_ASSESSMENT,,AUTO_b73fbe72704369a2_ASSESS,22,,,True
8044,下列关于土方开挖的说法中，正确的是？,非案例题:教材自动生成考核题被误标 question_type=case_study,no_question_text,TEXTBOOK_ASSESSMENT,,AUTO_7589873a48491069_ASSESS,16,,,True
8045,关于浅基坑开挖的说法，正确的有？,非案例题:教材自动生成考核题被误标 question_type=case_study,no_question_text,TEXTBOOK_ASSESSMENT,,AUTO_98e3c3b848d9c290_ASSESS,14,,,True
8046,某深基坑采用逆作法施工，应如何组织开挖？,非案例题:教材自动生成考核题被误标 question_type=case_study,no_question_text,TEXTBOOK_ASSESSMENT,,AUTO_54e1c3adda779a35_ASSESS,18,,,True
8047,关于基坑开挖的说法，正确的是？,非案例题:教材自动生成考核题被误标 question_type=case_study,no_question_text,TEXTBOOK_ASSESSMENT,,AUTO_e548c62a24758352_ASSESS,13,,,True
8048,某深基坑采用逆作法施工，应如何组织开挖？,非案例题:教材自动生成考核题被误标 question_type=case_study,no_question_text,TEXTBOOK_ASSESSMENT,,AUTO_0437791d3e6aed34_ASSESS,18,,,True
8049,岩石基坑开挖应采取什么方法？,非案例题:教材自动生成考核题被误标 question_type=case_study,no_question_text,TEXTBOOK_ASSESSMENT,,AUTO_21f247d73e111cd6_ASSESS,13,,,True
8050,下列关于填方土料选择的说法中，正确的是？,非案例题:教材自动生成考核题被误标 question_type=case_study,no_question_text,TEXTBOOK_ASSESSMENT,,AUTO_dc3bdd342adf53fa_ASSESS,18,,,True
8051,下列哪项不属于天然地基验槽的内容？,非案例题:教材自动生成考核题被误标 question_type=case_study,no_question_text,TEXTBOOK_ASSESSMENT,,AUTO_96694cdc75681810_ASSESS,16,,,True
8052,下列哪项不属于轻型动力触探检验的内容？,非案例题:教材自动生成考核题被误标 question_type=case_study,no_question_text,TEXTBOOK_ASSESSMENT,,AUTO_82ea2594ed3b4056_ASSESS,18,,,True
8054,某工程场地存在软弱土层，拟采用换填地基处理，请说明其适用条件和施工要求。,非案例题:教材自动生成考核题被误标 question_type=case_study,no_question_text,TEXTBOOK_ASSESSMENT,,AUTO_e219bfa7a1295462_ASSESS,33,,,True
8055,关于换填地基的压实系数要求，下列说法正确的是？,非案例题:教材自动生成考核题被误标 question_type=case_study,no_question_text,TEXTBOOK_ASSESSMENT,,AUTO_3813d44c44f03769_ASSESS,21,,,True
8056,某场地为高饱和度粉土，需进行地基处理，应选用何种强夯方法？说明理由。,非案例题:教材自动生成考核题被误标 question_type=case_study,no_question_text,TEXTBOOK_ASSESSMENT,,AUTO_3eb4d43276b485f8_ASSESS,30,,,True
8057,CFG桩适用于哪些地基类型？,非案例题:教材自动生成考核题被误标 question_type=case_study,no_question_text,TEXTBOOK_ASSESSMENT,,AUTO_342ca0a0da32395a_ASSESS,10,,,True
8058,下列哪种复合地基适用于处理地下水位以下的黏性土、粉土、砂土等地基？,非案例题:教材自动生成考核题被误标 question_type=case_study,no_question_text,TEXTBOOK_ASSESSMENT,,AUTO_46d275beeed8b916_ASSESS,30,,,True
8059,关于锤击沉桩法的施工要求，下列说法错误的是？,非案例题:教材自动生成考核题被误标 question_type=case_study,no_question_text,TEXTBOOK_ASSESSMENT,,AUTO_e8c9610e3d709465_ASSESS,20,,,True
8060,关于静压桩施工，下列说法错误的是？,非案例题:教材自动生成考核题被误标 question_type=case_study,no_question_text,TEXTBOOK_ASSESSMENT,,AUTO_6398803d5aa08aa8_ASSESS,15,,,True
8061,下列哪种不属于钢筋混凝土灌注桩的施工方法？,非案例题:教材自动生成考核题被误标 question_type=case_study,no_question_text,TEXTBOOK_ASSESSMENT,,AUTO_93ced731a150436a_ASSESS,20,,,True
8062,请写出泥浆护壁灌注桩的施工工艺流程。,非案例题:教材自动生成考核题被误标 question_type=case_study,no_question_text,TEXTBOOK_ASSESSMENT,,AUTO_18c89abf382e15bc_ASSESS,17,,,True
8063,关于泥浆护壁灌注桩清孔后的沉渣厚度，下列说法正确的是？,非案例题:教材自动生成考核题被误标 question_type=case_study,no_question_text,TEXTBOOK_ASSESSMENT,,AUTO_ef9ce0f031027cbf_ASSESS,25,,,True
8064,关于沉管灌注桩施工，下列说法错误的是？,非案例题:教材自动生成考核题被误标 question_type=case_study,no_question_text,TEXTBOOK_ASSESSMENT,,AUTO_45c246b25df298d9_ASSESS,17,,,True
8065,关于桩基检测，下列说法错误的是？,非案例题:教材自动生成考核题被误标 question_type=case_study,no_question_text,TEXTBOOK_ASSESSMENT,,AUTO_ed4f8119abe6ad22_ASSESS,14,,,True
8066,关于基础底板钢筋弯钩方向的说法，正确的是？,非案例题:教材自动生成考核题被误标 question_type=case_study,no_question_text,TEXTBOOK_ASSESSMENT,,AUTO_88cc190e3356d86a_ASSESS,19,,,True
8067,关于杯形基础模板施工的说法，正确的是？,非案例题:教材自动生成考核题被误标 question_type=case_study,no_question_text,TEXTBOOK_ASSESSMENT,,AUTO_2e9fd3e6176cb71d_ASSESS,17,,,True
8068,关于独立基础混凝土浇筑的说法，正确的是？,非案例题:教材自动生成考核题被误标 question_type=case_study,no_question_text,TEXTBOOK_ASSESSMENT,,AUTO_e0b5e5a96eb652e0_ASSESS,18,,,True
8069,关于大体积混凝土配合比设计，以下哪项说法正确？,非案例题:教材自动生成考核题被误标 question_type=case_study,no_question_text,TEXTBOOK_ASSESSMENT,,AUTO_3dfb44c0ae561aad_ASSESS,21,,,True
8070,关于大体积混凝土施工，以下说法错误的是？,非案例题:教材自动生成考核题被误标 question_type=case_study,no_question_text,TEXTBOOK_ASSESSMENT,,AUTO_604bc467d7a063df_ASSESS,18,,,True
8071,关于大体积混凝土浇筑体的温度控制，下列说法错误的是？,非案例题:教材自动生成考核题被误标 question_type=case_study,no_question_text,TEXTBOOK_ASSESSMENT,,AUTO_46de5bba83997e7b_ASSESS,24,,,True
8072,关于模板支撑脚手架的设计，下列说法错误的是？,非案例题:教材自动生成考核题被误标 question_type=case_study,no_question_text,TEXTBOOK_ASSESSMENT,,AUTO_86fd5e76b383cbe6_ASSESS,20,,,True
8073,关于现浇混凝土结构模板拆除，下列说法正确的是？,非案例题:教材自动生成考核题被误标 question_type=case_study,no_question_text,TEXTBOOK_ASSESSMENT,,AUTO_b06d54471058c638_ASSESS,21,,,True
8074,下列关于钢筋连接的说法中，错误的是？,非案例题:教材自动生成考核题被误标 question_type=case_study,no_question_text,TEXTBOOK_ASSESSMENT,,AUTO_61e04bc9a749b1a0_ASSESS,16,,,True
8075,关于框架梁钢筋接头位置的说法，正确的是？,非案例题:教材自动生成考核题被误标 question_type=case_study,no_question_text,TEXTBOOK_ASSESSMENT,,AUTO_9d454b9aa7de24df_ASSESS,18,,,True
8076,当普通钢筋混凝土的最大水胶比为0.55时，其最小胶凝材料用量应为多少？,非案例题:教材自动生成考核题被误标 question_type=case_study,no_question_text,TEXTBOOK_ASSESSMENT,,AUTO_e0a08479b1c333ac_ASSESS,32,,,True
8077,某工程需使用抗渗混凝土，设计水胶比为0.50，请判断其胶凝材料用量是否满足要求？,非案例题:教材自动生成考核题被误标 question_type=case_study,no_question_text,TEXTBOOK_ASSESSMENT,,AUTO_c3a17bf3a666f265_ASSESS,36,,,True
8078,当混凝土粗骨料最大粒径为35mm时，输送泵管内径不应小于多少？,非案例题:教材自动生成考核题被误标 question_type=case_study,no_question_text,TEXTBOOK_ASSESSMENT,,AUTO_1df58a39652c683a_ASSESS,27,,,True
8079,某工程浇筑柱子时，在底部未铺设水泥砂浆，直接浇筑混凝土，是否符合规范？,非案例题:教材自动生成考核题被误标 question_type=case_study,no_question_text,TEXTBOOK_ASSESSMENT,,AUTO_c84d334378f8e3dc_ASSESS,31,,,True
8080,关于施工缝的留设位置，下列说法正确的是？,非案例题:教材自动生成考核题被误标 question_type=case_study,no_question_text,TEXTBOOK_ASSESSMENT,,AUTO_64b194e872995189_ASSESS,18,,,True
8081,关于混凝土养护时间的规定，下列说法正确的是？,非案例题:教材自动生成考核题被误标 question_type=case_study,no_question_text,TEXTBOOK_ASSESSMENT,,AUTO_1e344f700d205f7a_ASSESS,20,,,True
8082,关于后张法预应力筋张拉，下列说法正确的是？,非案例题:教材自动生成考核题被误标 question_type=case_study,no_question_text,TEXTBOOK_ASSESSMENT,,AUTO_9ca0b7e4a9f6167b_ASSESS,19,,,True
8083,关于砌筑砂浆的稠度选择，下列说法正确的是？,非案例题:教材自动生成考核题被误标 question_type=case_study,no_question_text,TEXTBOOK_ASSESSMENT,,AUTO_0d52b671520ca6f0_ASSESS,19,,,True
8084,关于烧结砖砌体施工中灰缝宽度的规定，下列说法正确的是？,非案例题:教材自动生成考核题被误标 question_type=case_study,no_question_text,TEXTBOOK_ASSESSMENT,,AUTO_c0047791db74b208_ASSESS,25,,,True
8085,关于混凝土小型空心砌块砌体工程，下列说法正确的是？,非案例题:教材自动生成考核题被误标 question_type=case_study,no_question_text,TEXTBOOK_ASSESSMENT,,AUTO_d3633e091d62599a_ASSESS,23,,,True
8086,关于蒸压加气混凝土砌块砌筑，下列说法正确的是？,非案例题:教材自动生成考核题被误标 question_type=case_study,no_question_text,TEXTBOOK_ASSESSMENT,,AUTO_e10be7d4ff8f9748_ASSESS,21,,,True
8087,下列关于焊接作业环境条件的说法，错误的是？,非案例题:教材自动生成考核题被误标 question_type=case_study,no_question_text,TEXTBOOK_ASSESSMENT,,AUTO_c17a198567e7eedb_ASSESS,19,,,True
8088,高强度螺栓安装时，冲钉穿入数量不宜多于安装螺栓数量的多少？,非案例题:教材自动生成考核题被误标 question_type=case_study,no_question_text,TEXTBOOK_ASSESSMENT,,AUTO_2ca804099b99f6d1_ASSESS,27,,,True
8089,关于钢结构安装，下列说法正确的是？,非案例题:教材自动生成考核题被误标 question_type=case_study,no_question_text,TEXTBOOK_ASSESSMENT,,AUTO_8ac2895988f63c4a_ASSESS,15,,,True
8090,关于单层钢结构安装，下列说法正确的是？,非案例题:教材自动生成考核题被误标 question_type=case_study,no_question_text,TEXTBOOK_ASSESSMENT,,AUTO_c78f60a2491f1434_ASSESS,17,,,True
8091,下列哪种施工方法适用于支点较少的空间网格结构？,非案例题:教材自动生成考核题被误标 question_type=case_study,no_question_text,TEXTBOOK_ASSESSMENT,,AUTO_c9356bdf58b63899_ASSESS,22,,,True
8092,压型金属板与钢梁的锚固支承长度最小应为多少？,非案例题:教材自动生成考核题被误标 question_type=case_study,no_question_text,TEXTBOOK_ASSESSMENT,,AUTO_6a9a7b4af2b4e7f0_ASSESS,21,,,True
8093,钢结构涂装时，环境相对湿度不应大于多少？,非案例题:教材自动生成考核题被误标 question_type=case_study,no_question_text,TEXTBOOK_ASSESSMENT,,AUTO_3cf010bc002c6efe_ASSESS,18,,,True
8094,装配式混凝土建筑施工准备中应遵循什么原则？,非案例题:教材自动生成考核题被误标 question_type=case_study,no_question_text,TEXTBOOK_ASSESSMENT,,AUTO_4f58fdf43293e5c2_ASSESS,20,,,True
8095,装配式混凝土结构施工专项方案中不应包含以下哪项内容？,非案例题:教材自动生成考核题被误标 question_type=case_study,no_question_text,TEXTBOOK_ASSESSMENT,,AUTO_29641160676bf89a_ASSESS,25,,,True
8096,关于预制构件吊装时吊索水平夹角的要求，下列说法正确的是？,非案例题:教材自动生成考核题被误标 question_type=case_study,no_question_text,TEXTBOOK_ASSESSMENT,,AUTO_34f8cdf82e74bafc_ASSESS,26,,,True
8097,关于预制构件存放，下列说法错误的是？,非案例题:教材自动生成考核题被误标 question_type=case_study,no_question_text,TEXTBOOK_ASSESSMENT,,AUTO_c9994a716e3fd937_ASSESS,16,,,True
8098,某项目在安装预制柱时，仅设置了单道临时支撑，是否符合规范要求？请说明理由。,非案例题:教材自动生成考核题被误标 question_type=case_study,no_question_text,TEXTBOOK_ASSESSMENT,,AUTO_04cc471994df338e_ASSESS,33,,,True
8099,某项目在安装预制柱时，未设置调平装置，直接就位，是否符合规范？,非案例题:教材自动生成考核题被误标 question_type=case_study,no_question_text,TEXTBOOK_ASSESSMENT,,AUTO_c8d30c67dd546909_ASSESS,27,,,True
8100,某项目在安装夹芯保温外墙板时，未在保温部位封堵，是否符合规范？,非案例题:教材自动生成考核题被误标 question_type=case_study,no_question_text,TEXTBOOK_ASSESSMENT,,AUTO_5681aa657386c861_ASSESS,28,,,True
8101,关于预制构件存放的要求，下列说法正确的是？,非案例题:教材自动生成考核题被误标 question_type=case_study,no_question_text,TEXTBOOK_ASSESSMENT,,AUTO_fa6ac8f1bc37e166_ASSESS,19,,,True
8102,关于预制柱安装顺序，下列说法正确的是？,非案例题:教材自动生成考核题被误标 question_type=case_study,no_question_text,TEXTBOOK_ASSESSMENT,,AUTO_d452faa7d5e88956_ASSESS,17,,,True
8103,关于预制剪力墙板安装，下列说法正确的是？,非案例题:教材自动生成考核题被误标 question_type=case_study,no_question_text,TEXTBOOK_ASSESSMENT,,AUTO_b00947995c47abfc_ASSESS,18,,,True
8104,关于装配式混凝土结构灌浆施工，下列说法错误的是？,非案例题:教材自动生成考核题被误标 question_type=case_study,no_question_text,TEXTBOOK_ASSESSMENT,,AUTO_adb1fd421b83f471_ASSESS,22,,,True
8105,关于钢-混凝土组合结构施工，下列说法正确的是？,非案例题:教材自动生成考核题被误标 question_type=case_study,no_question_text,TEXTBOOK_ASSESSMENT,,AUTO_be223aa294da6363_ASSESS,20,,,True
8106,下列关于脚手架安全等级的说法，正确的是？,非案例题:教材自动生成考核题被误标 question_type=case_study,no_question_text,TEXTBOOK_ASSESSMENT,,AUTO_4825d99cec8f4917_ASSESS,18,,,True
8107,关于脚手架连墙件的设置，下列说法正确的是？,非案例题:教材自动生成考核题被误标 question_type=case_study,no_question_text,TEXTBOOK_ASSESSMENT,,AUTO_d59c169f0ecb9ac2_ASSESS,19,,,True
8108,关于平屋面防水等级与做法，下列说法正确的是？,非案例题:教材自动生成考核题被误标 question_type=case_study,no_question_text,TEXTBOOK_ASSESSMENT,,AUTO_abbf2e7ee9bdc70d_ASSESS,20,,,True
8109,下列哪项是种植屋面的正确构造层次？,非案例题:教材自动生成考核题被误标 question_type=case_study,no_question_text,TEXTBOOK_ASSESSMENT,,AUTO_48f84fa5cb1d55a9_ASSESS,16,,,True
8110,关于屋面找坡的说法，错误的是？,非案例题:教材自动生成考核题被误标 question_type=case_study,no_question_text,TEXTBOOK_ASSESSMENT,,AUTO_b1ac8bb60c37d6bc_ASSESS,13,,,True
8111,关于找平层分格缝的说法，正确的是？,非案例题:教材自动生成考核题被误标 question_type=case_study,no_question_text,TEXTBOOK_ASSESSMENT,,AUTO_a03123e1cc8aa619_ASSESS,15,,,True
8112,严寒地区屋面热桥部位无需采取保温措施？,非案例题:教材自动生成考核题被误标 question_type=case_study,no_question_text,TEXTBOOK_ASSESSMENT,,AUTO_f1932d3a89af3675_ASSESS,18,,,True
8113,涂膜防水层胎体增强材料宜采用哪种材料？,非案例题:教材自动生成考核题被误标 question_type=case_study,no_question_text,TEXTBOOK_ASSESSMENT,,AUTO_234880447dbf2e55_ASSESS,18,,,True
8114,某项目屋面卷材施工，发现搭接缝位于天沟底部，请分析其问题及整改措施。,非案例题:教材自动生成考核题被误标 question_type=case_study,no_question_text,TEXTBOOK_ASSESSMENT,,AUTO_2910ea05e4455949_ASSESS,31,,,True
8115,厚度小于 3mm 的改性沥青防水卷材，是否可以采用热熔法施工？,非案例题:教材自动生成考核题被误标 question_type=case_study,no_question_text,TEXTBOOK_ASSESSMENT,,AUTO_3821ebcdbb9ea8ea_ASSESS,25,,,True
8116,关于涂膜防水施工，下列说法正确的是？,非案例题:教材自动生成考核题被误标 question_type=case_study,no_question_text,TEXTBOOK_ASSESSMENT,,AUTO_4752f6afb6ee0450_ASSESS,16,,,True
8117,某项目在防水层上直接铺设细石混凝土保护层，是否合规？为什么？,非案例题:教材自动生成考核题被误标 question_type=case_study,no_question_text,TEXTBOOK_ASSESSMENT,,AUTO_1624bd8245b0afe7_ASSESS,27,,,True
8118,关于屋面保温层施工，下列说法正确的是？,非案例题:教材自动生成考核题被误标 question_type=case_study,no_question_text,TEXTBOOK_ASSESSMENT,,AUTO_f604ff96b2a76637_ASSESS,17,,,True
8119,关于倒置式屋面保温层的构造要求，下列说法正确的是？,非案例题:教材自动生成考核题被误标 question_type=case_study,no_question_text,TEXTBOOK_ASSESSMENT,,AUTO_8b96b9b1fb536022_ASSESS,23,,,True
8120,下列关于种植屋面耐根穿刺防水材料厚度的说法中，错误的是？,非案例题:教材自动生成考核题被误标 question_type=case_study,no_question_text,TEXTBOOK_ASSESSMENT,,AUTO_d1f8a1121ab3256f_ASSESS,26,,,True
8121,下列哪种保温系统属于‘粘贴保温板薄抹灰’类型？,非案例题:教材自动生成考核题被误标 question_type=case_study,no_question_text,TEXTBOOK_ASSESSMENT,,AUTO_44c85fea10f32571_ASSESS,20,,,True
8122,下列哪种保温系统属于无机保温板内保温系统？,非案例题:教材自动生成考核题被误标 question_type=case_study,no_question_text,TEXTBOOK_ASSESSMENT,,AUTO_efacbcbc50897731_ASSESS,20,,,True
8123,关于防火隔离带的施工要求，下列说法错误的是？,非案例题:教材自动生成考核题被误标 question_type=case_study,no_question_text,TEXTBOOK_ASSESSMENT,,AUTO_e54584b8baa59148_ASSESS,20,,,True
8124,某地下工程采用明挖法施工，设计防水等级为二级，则其防水做法中至少应设置几道防水措施？,非案例题:教材自动生成考核题被误标 question_type=case_study,no_question_text,TEXTBOOK_ASSESSMENT,,AUTO_dd766273b2616981_ASSESS,39,,,True
8125,在明挖法地下工程中，对于变形缝的防水设防措施，下列哪项是必须采用的？,非案例题:教材自动生成考核题被误标 question_type=case_study,no_question_text,TEXTBOOK_ASSESSMENT,,AUTO_21c6e431adf45fa0_ASSESS,31,,,True
8126,防水混凝土的水胶比最大值是多少？,非案例题:教材自动生成考核题被误标 question_type=case_study,no_question_text,TEXTBOOK_ASSESSMENT,,AUTO_76a62491c0c7d3ca_ASSESS,15,,,True
8127,防水混凝土分层浇筑的最大厚度是多少？,非案例题:教材自动生成考核题被误标 question_type=case_study,no_question_text,TEXTBOOK_ASSESSMENT,,AUTO_e9276bc09be58ef2_ASSESS,17,,,True
8128,关于防水混凝土施工缝的设置，下列说法错误的是？,非案例题:教材自动生成考核题被误标 question_type=case_study,no_question_text,TEXTBOOK_ASSESSMENT,,AUTO_2116e0f8ffc34e84_ASSESS,21,,,True
8129,关于卷材防水层施工，下列说法正确的是？,非案例题:教材自动生成考核题被误标 question_type=case_study,no_question_text,TEXTBOOK_ASSESSMENT,,AUTO_22212978f976d324_ASSESS,17,,,True
8130,关于涂料防水层施工，下列说法错误的是？,非案例题:教材自动生成考核题被误标 question_type=case_study,no_question_text,TEXTBOOK_ASSESSMENT,,AUTO_7548fe46ee20a3b1_ASSESS,17,,,True
8131,根据表3.5-5，一级防水等级的防水做法要求是什么？,非案例题:教材自动生成考核题被误标 question_type=case_study,no_question_text,TEXTBOOK_ASSESSMENT,,AUTO_07952b920fda59f4_ASSESS,22,,,True
8132,淋浴区墙面防水层翻起高度不应小于多少？,非案例题:教材自动生成考核题被误标 question_type=case_study,no_question_text,TEXTBOOK_ASSESSMENT,,AUTO_6f54839181109eac_ASSESS,18,,,True
8133,关于室内防水层施工，下列说法正确的是？,非案例题:教材自动生成考核题被误标 question_type=case_study,no_question_text,TEXTBOOK_ASSESSMENT,,AUTO_96e7095f590d5670_ASSESS,17,,,True
8134,下列关于轻质隔墙施工的说法中，错误的是？,非案例题:教材自动生成考核题被误标 question_type=case_study,no_question_text,TEXTBOOK_ASSESSMENT,,AUTO_15daf974a5f6002f_ASSESS,18,,,True
8135,关于轻钢龙骨隔墙中通贯横撑龙骨的设置，下列说法正确的是？,非案例题:教材自动生成考核题被误标 question_type=case_study,no_question_text,TEXTBOOK_ASSESSMENT,,AUTO_b1835575e7f641da_ASSESS,26,,,True
8136,消火栓可以安装在轻钢龙骨隔墙上吗？,非案例题:教材自动生成考核题被误标 question_type=case_study,no_question_text,TEXTBOOK_ASSESSMENT,,AUTO_acf94e75575bcd2f_ASSESS,16,,,True
8137,下列哪种情况需要安装横撑龙骨？,非案例题:教材自动生成考核题被误标 question_type=case_study,no_question_text,TEXTBOOK_ASSESSMENT,,AUTO_c928f9b5b8ab8d4d_ASSESS,14,,,True
8138,关于轻型门框的制作，下列说法正确的是？,非案例题:教材自动生成考核题被误标 question_type=case_study,no_question_text,TEXTBOOK_ASSESSMENT,,AUTO_04c16f1536113a48_ASSESS,17,,,True
8139,关于罩面板自攻螺钉的间距，下列说法正确的是？,非案例题:教材自动生成考核题被误标 question_type=case_study,no_question_text,TEXTBOOK_ASSESSMENT,,AUTO_864b6d495b464669_ASSESS,20,,,True
8140,关于岩棉板的固定，下列说法正确的是？,非案例题:教材自动生成考核题被误标 question_type=case_study,no_question_text,TEXTBOOK_ASSESSMENT,,AUTO_018c894d4e186f04_ASSESS,16,,,True
8142,关于加气混凝土隔墙板的安装，下列说法正确的是？,非案例题:教材自动生成考核题被误标 question_type=case_study,no_question_text,TEXTBOOK_ASSESSMENT,,AUTO_c12ae9fa23ee4f27_ASSESS,21,,,True
8143,关于吊项工程中主龙骨的安装要求，下列说法正确的是？,非案例题:教材自动生成考核题被误标 question_type=case_study,no_question_text,TEXTBOOK_ASSESSMENT,,AUTO_632d26de5dddd41c_ASSESS,23,,,True
8144,关于纸面石膏板安装，下列说法错误的是？,非案例题:教材自动生成考核题被误标 question_type=case_study,no_question_text,TEXTBOOK_ASSESSMENT,,AUTO_80d681cf424c9d47_ASSESS,17,,,True
8145,下列不属于整体面层的是？,非案例题:教材自动生成考核题被误标 question_type=case_study,no_question_text,TEXTBOOK_ASSESSMENT,,AUTO_c22c7b04cffbee5b_ASSESS,11,,,True
8146,下列关于装饰装修材料技术要求的说法中，错误的是？,非案例题:教材自动生成考核题被误标 question_type=case_study,no_question_text,TEXTBOOK_ASSESSMENT,,AUTO_0e2fe19c7572518d_ASSESS,22,,,True
8147,下列不属于装饰装修施工环境要求的是？,非案例题:教材自动生成考核题被误标 question_type=case_study,no_question_text,TEXTBOOK_ASSESSMENT,,AUTO_bfd53814d152a7a2_ASSESS,17,,,True
8148,关于竹、木地板施工，下列说法正确的是？,非案例题:教材自动生成考核题被误标 question_type=case_study,no_question_text,TEXTBOOK_ASSESSMENT,,AUTO_4b2a9a4b8f60b348_ASSESS,16,,,True
8149,关于地毯铺设，下列说法错误的是？,非案例题:教材自动生成考核题被误标 question_type=case_study,no_question_text,TEXTBOOK_ASSESSMENT,,AUTO_b56ed09c148bd73d_ASSESS,14,,,True
8150,关于涂饰工程，下列说法错误的是？,非案例题:教材自动生成考核题被误标 question_type=case_study,no_question_text,TEXTBOOK_ASSESSMENT,,AUTO_c418f4729b5ab897_ASSESS,14,,,True
8151,关于乳胶漆施工工艺，下列说法正确的是？,非案例题:教材自动生成考核题被误标 question_type=case_study,no_question_text,TEXTBOOK_ASSESSMENT,,AUTO_eba1aa4f392dc73d_ASSESS,17,,,True
8152,下列关于裱糊施工的说法中，正确的是？,非案例题:教材自动生成考核题被误标 question_type=case_study,no_question_text,TEXTBOOK_ASSESSMENT,,AUTO_54c97be3d3800d1f_ASSESS,16,,,True
8153,关于饰面板工程的施工要求，下列说法正确的是？,非案例题:教材自动生成考核题被误标 question_type=case_study,no_question_text,TEXTBOOK_ASSESSMENT,,AUTO_b1b9cd767346bf6e_ASSESS,20,,,True
8154,关于饰面砖粘贴施工，下列说法错误的是？,非案例题:教材自动生成考核题被误标 question_type=case_study,no_question_text,TEXTBOOK_ASSESSMENT,,AUTO_b1bb27e4f84fbe3c_ASSESS,17,,,True
8155,下列不属于玻璃幕墙的是？,非案例题:教材自动生成考核题被误标 question_type=case_study,no_question_text,TEXTBOOK_ASSESSMENT,,AUTO_da16dbecc7ce54cb_ASSESS,11,,,True
8156,在幕墙施工前，需要复测哪些内容？,非案例题:教材自动生成考核题被误标 question_type=case_study,no_question_text,TEXTBOOK_ASSESSMENT,,AUTO_940ddc4a6b9f5436_ASSESS,14,,,True
8157,关于构件式玻璃幕墙立柱安装的说法，错误的是？,非案例题:教材自动生成考核题被误标 question_type=case_study,no_question_text,TEXTBOOK_ASSESSMENT,,AUTO_39c6e284179c581c_ASSESS,20,,,True
8158,关于全玻幕墙的施工要求，下列说法正确的是？,非案例题:教材自动生成考核题被误标 question_type=case_study,no_question_text,TEXTBOOK_ASSESSMENT,,AUTO_ae7113937f5f09e3_ASSESS,19,,,True
8159,下列关于建筑幕墙防火构造的说法中，正确的是？,非案例题:教材自动生成考核题被误标 question_type=case_study,no_question_text,TEXTBOOK_ASSESSMENT,,AUTO_f8fdd87edb87dc77_ASSESS,20,,,True
8160,下列哪项不属于建筑垃圾资源化利用的主要措施？,非案例题:教材自动生成考核题被误标 question_type=case_study,no_question_text,TEXTBOOK_ASSESSMENT,,AUTO_d0bf994e71e7091c_ASSESS,21,,,True
8161,下列哪种技术属于空气能热水系统的原理？,非案例题:教材自动生成考核题被误标 question_type=case_study,no_question_text,TEXTBOOK_ASSESSMENT,,AUTO_f61cfd730e40e32c_ASSESS,18,,,True
8162,下列哪项不属于施工噪声控制措施？,非案例题:教材自动生成考核题被误标 question_type=case_study,no_question_text,TEXTBOOK_ASSESSMENT,,AUTO_70d3d6af7468d05c_ASSESS,15,,,True
8163,下列哪项属于工具式定型化临时设施？,非案例题:教材自动生成考核题被误标 question_type=case_study,no_question_text,TEXTBOOK_ASSESSMENT,,AUTO_444aac656f53b454_ASSESS,16,,,True
8164,下列哪项不属于 BIM 软件的基本功能？,非案例题:教材自动生成考核题被误标 question_type=case_study,no_question_text,TEXTBOOK_ASSESSMENT,,AUTO_525e5ff7e4ed067e_ASSESS,14,,,True
8165,在BIM模型使用过程中，以下哪项不属于模型数据交换的方式？,非案例题:教材自动生成考核题被误标 question_type=case_study,no_question_text,TEXTBOOK_ASSESSMENT,,AUTO_16c431f61516eba8_ASSESS,24,,,True
8166,某项目拟引入智慧工地系统，请说明至少三种关键技术及其应用场景。,非案例题:教材自动生成考核题被误标 question_type=case_study,no_question_text,TEXTBOOK_ASSESSMENT,,AUTO_57fcbdb0f1e8662d_ASSESS,29,,,True
8167,冬期施工中，当室外日平均气温连续多少天稳定低于5℃时，即进入冬期施工？,非案例题:教材自动生成考核题被误标 question_type=case_study,no_question_text,TEXTBOOK_ASSESSMENT,,AUTO_970f2ab37c033bbe_ASSESS,31,,,True
8168,冬期砌筑施工中，下列关于砂浆温度的说法正确的是？,非案例题:教材自动生成考核题被误标 question_type=case_study,no_question_text,TEXTBOOK_ASSESSMENT,,AUTO_1196169bd7ce3985_ASSESS,22,,,True
8169,冬期钢筋施工中，以下哪项操作是正确的？,非案例题:教材自动生成考核题被误标 question_type=case_study,no_question_text,TEXTBOOK_ASSESSMENT,,AUTO_63479ee5217c6b4a_ASSESS,17,,,True
8170,冬期混凝土施工中，关于原材料预热的说法正确的是？,非案例题:教材自动生成考核题被误标 question_type=case_study,no_question_text,TEXTBOOK_ASSESSMENT,,AUTO_ac9a2228ff02186f_ASSESS,22,,,True
8171,关于冬期施工混凝土的受冻临界强度，下列说法错误的是？,非案例题:教材自动生成考核题被误标 question_type=case_study,no_question_text,TEXTBOOK_ASSESSMENT,,AUTO_3f227ac162391617_ASSESS,24,,,True
8172,关于冬季钢结构焊接，下列说法正确的是？,非案例题:教材自动生成考核题被误标 question_type=case_study,no_question_text,TEXTBOOK_ASSESSMENT,,AUTO_8d1dc2246821f50e_ASSESS,17,,,True
8173,关于防水工程冬期施工，下列说法正确的是？,非案例题:教材自动生成考核题被误标 question_type=case_study,no_question_text,TEXTBOOK_ASSESSMENT,,AUTO_20ae3c49d39e716f_ASSESS,18,,,True
8174,下列关于雨期砌体工程的说法，正确的是？,非案例题:教材自动生成考核题被误标 question_type=case_study,no_question_text,TEXTBOOK_ASSESSMENT,,AUTO_215ed0837dc66b27_ASSESS,17,,,True
8175,高温天气下，混凝土施工中对粗骨料的处理措施是什么？,非案例题:教材自动生成考核题被误标 question_type=case_study,no_question_text,TEXTBOOK_ASSESSMENT,,AUTO_3336386699c50699_ASSESS,23,,,True
8176,下列关于混凝土原材料入机温度的说法中，错误的是？,非案例题:教材自动生成考核题被误标 question_type=case_study,no_question_text,TEXTBOOK_ASSESSMENT,,AUTO_2a233736ed8a586a_ASSESS,22,,,True
8177,混凝土拌合物出机温度不应超过30℃，否则需采取控温措施。,非案例题:教材自动生成考核题被误标 question_type=case_study,no_question_text,TEXTBOOK_ASSESSMENT,,AUTO_9829888d235a3969_ASSESS,25,,,True
8178,在夏季高温条件下，如何防止混凝土在运输过程中温度升高？,非案例题:教材自动生成考核题被误标 question_type=case_study,no_question_text,TEXTBOOK_ASSESSMENT,,AUTO_8dd11f33b31064a1_ASSESS,25,,,True
8179,混凝土浇筑入模温度的上限是多少？,非案例题:教材自动生成考核题被误标 question_type=case_study,no_question_text,TEXTBOOK_ASSESSMENT,,AUTO_fc3f51bf4648696e_ASSESS,15,,,True
8180,在夏季高温天气下，如何安排混凝土浇筑作业以避免温度影响？,非案例题:教材自动生成考核题被误标 question_type=case_study,no_question_text,TEXTBOOK_ASSESSMENT,,AUTO_d3ba56505acd5b3d_ASSESS,26,,,True
8181,在混凝土浇筑前，应对作业面和模板采取哪些降温措施？,非案例题:教材自动生成考核题被误标 question_type=case_study,no_question_text,TEXTBOOK_ASSESSMENT,,AUTO_6b6b9b01cb43f373_ASSESS,23,,,True
8182,在夏季高温环境下，钢结构安装应注意哪些温度相关问题？,非案例题:教材自动生成考核题被误标 question_type=case_study,no_question_text,TEXTBOOK_ASSESSMENT,,AUTO_7eb1bee2ec326b8d_ASSESS,24,,,True
8183,在夏季高温天气下，防水施工应注意哪些事项？,非案例题:教材自动生成考核题被误标 question_type=case_study,no_question_text,TEXTBOOK_ASSESSMENT,,AUTO_3c3fdcc6b2dd0982_ASSESS,19,,,True
8184,下列关于工程勘察资质的说法中，正确的是？,非案例题:教材自动生成考核题被误标 question_type=case_study,no_question_text,TEXTBOOK_ASSESSMENT,,AUTO_4625615f9d25657c_ASSESS,18,,,True
8185,根据《建筑业企业资质管理规定》，具备二级施工总承包资质的企业可承接的单体工业、民用建筑工程最大建筑面积是多少？,非案例题:教材自动生成考核题被误标 question_type=case_study,no_question_text,TEXTBOOK_ASSESSMENT,,AUTO_697eb95072e735fd_ASSESS,50,,,True
8186,关于项目管理机构的组建，以下说法正确的是？,非案例题:教材自动生成考核题被误标 question_type=case_study,no_question_text,TEXTBOOK_ASSESSMENT,,AUTO_8cb4750aa2e7566c_ASSESS,19,,,True
8187,下列哪项不属于项目经理应履行的职责？,非案例题:教材自动生成考核题被误标 question_type=case_study,no_question_text,TEXTBOOK_ASSESSMENT,,AUTO_7dea78c2568d83a1_ASSESS,17,,,True
8188,下列哪项不属于项目管理绩效评价的内容？,非案例题:教材自动生成考核题被误标 question_type=case_study,no_question_text,TEXTBOOK_ASSESSMENT,,AUTO_665be7cf9e232fa3_ASSESS,18,,,True
8189,下列关于施工组织设计审批的说法，正确的是？,非案例题:教材自动生成考核题被误标 question_type=case_study,no_question_text,TEXTBOOK_ASSESSMENT,,AUTO_810106bb0176fa0b_ASSESS,19,,,True
8190,下列哪项不属于施工组织总设计中应简要说明的内容？,非案例题:教材自动生成考核题被误标 question_type=case_study,no_question_text,TEXTBOOK_ASSESSMENT,,AUTO_12b981d5596259a6_ASSESS,23,,,True
8191,单位工程施工作业组织设计不包括以下哪一项？,非案例题:教材自动生成考核题被误标 question_type=case_study,no_question_text,TEXTBOOK_ASSESSMENT,,AUTO_ec1bd969b9ae2857_ASSESS,20,,,True
8192,施工方案中不需要明确的是以下哪一项？,非案例题:教材自动生成考核题被误标 question_type=case_study,no_question_text,TEXTBOOK_ASSESSMENT,,AUTO_2fae32b3d14fca03_ASSESS,17,,,True
8193,某项目基坑深度为10m，是否需要编制专项施工方案？依据是什么？,非案例题:教材自动生成考核题被误标 question_type=case_study,no_question_text,TEXTBOOK_ASSESSMENT,,AUTO_d4c90de58c711457_ASSESS,27,,,True
8194,下列哪一项不属于基坑工程专项施工方案编制内容？ A. 施工工艺技术 B. 验收程序及人员 C. 材料采购合同 D. 应急处置措施,非案例题:教材自动生成考核题被误标 question_type=case_study,no_question_text,TEXTBOOK_ASSESSMENT,,AUTO_ed308382b565f606_ASSESS,47,,,True
8195,下列哪项不属于模板支撑体系专项施工方案中必须包含的内容？,非案例题:教材自动生成考核题被误标 question_type=case_study,no_question_text,TEXTBOOK_ASSESSMENT,,AUTO_5ddd1da788685aea_ASSESS,27,,,True
8196,某项目在进行深基坑支护施工时，未按专项方案组织施工，且未进行安全技术交底，请问违反了哪些危大工程安全管理规定？,非案例题:教材自动生成考核题被误标 question_type=case_study,no_question_text,TEXTBOOK_ASSESSMENT,,AUTO_d2eea572b02bd900_ASSESS,51,,,True
8197,下列哪项不属于施工总平面布置图的内容？,非案例题:教材自动生成考核题被误标 question_type=case_study,no_question_text,TEXTBOOK_ASSESSMENT,,AUTO_79d4a11a0406abe2_ASSESS,18,,,True
8198,关于施工现场临时仓库布置的说法，正确的是？,非案例题:教材自动生成考核题被误标 question_type=case_study,no_question_text,TEXTBOOK_ASSESSMENT,,AUTO_3e1c70b08a63c2ec_ASSESS,19,,,True
8199,关于施工现场围挡高度的规定，下列说法正确的是？,非案例题:教材自动生成考核题被误标 question_type=case_study,no_question_text,TEXTBOOK_ASSESSMENT,,AUTO_987dc74c461342e2_ASSESS,21,,,True
8200,下列哪项不属于施工现场应采取的防尘措施？,非案例题:教材自动生成考核题被误标 question_type=case_study,no_question_text,TEXTBOOK_ASSESSMENT,,AUTO_f61923d5db7e53e7_ASSESS,19,,,True
8201,某工地有6台设备，总容量48kW，是否需要编制临时用电组织设计？,非案例题:教材自动生成考核题被误标 question_type=case_study,no_question_text,TEXTBOOK_ASSESSMENT,,AUTO_3b7f232bf517403e_ASSESS,27,,,True
8202,关于施工现场电缆线路敷设的基本要求，下列说法错误的是？,非案例题:教材自动生成考核题被误标 question_type=case_study,no_question_text,TEXTBOOK_ASSESSMENT,,AUTO_9934a2c8f2adbfbe_ASSESS,25,,,True
8203,关于施工现场临时用电的安全技术要求，下列说法错误的是？,非案例题:教材自动生成考核题被误标 question_type=case_study,no_question_text,TEXTBOOK_ASSESSMENT,,AUTO_67c088e93a465fcd_ASSESS,25,,,True
8206,临时用水管理的内容包括哪些？,非案例题:教材自动生成考核题被误标 question_type=case_study,no_question_text,TEXTBOOK_ASSESSMENT,,AUTO_89c19a4dd8688c5c_ASSESS,13,,,True
8207,临时供水管网布置应遵循哪些原则？,非案例题:教材自动生成考核题被误标 question_type=case_study,no_question_text,TEXTBOOK_ASSESSMENT,,AUTO_f65ebfa827d6c5a0_ASSESS,15,,,True
8208,施工检测试验计划应在何时编制？,非案例题:教材自动生成考核题被误标 question_type=case_study,no_question_text,TEXTBOOK_ASSESSMENT,,AUTO_9dbe9916f0d9abe4_ASSESS,14,,,True
8209,下列哪项不属于土方回填的检测试验项目？,非案例题:教材自动生成考核题被误标 question_type=case_study,no_question_text,TEXTBOOK_ASSESSMENT,,AUTO_80f15776f0d625c9_ASSESS,18,,,True
8210,下列哪项不属于钢筋连接的检测试验项目？,非案例题:教材自动生成考核题被误标 question_type=case_study,no_question_text,TEXTBOOK_ASSESSMENT,,AUTO_923dcedd44a5e48d_ASSESS,18,,,True
8211,下列关于施工检测试验管理的说法中，错误的是？,非案例题:教材自动生成考核题被误标 question_type=case_study,no_question_text,TEXTBOOK_ASSESSMENT,,AUTO_54a8bfd98a03a5d3_ASSESS,20,,,True
8212,关于现场试验站的设施要求，下列说法正确的是？,非案例题:教材自动生成考核题被误标 question_type=case_study,no_question_text,TEXTBOOK_ASSESSMENT,,AUTO_571e1dba79b8ff65_ASSESS,20,,,True
8213,关于试样标识的规定，以下哪项是正确的？,非案例题:教材自动生成考核题被误标 question_type=case_study,no_question_text,TEXTBOOK_ASSESSMENT,,AUTO_09baed632ba934d4_ASSESS,17,,,True
8214,下列哪一项资料应由‘质量’部门负责？,非案例题:教材自动生成考核题被误标 question_type=case_study,no_question_text,TEXTBOOK_ASSESSMENT,,AUTO_adfb86c4b3c01c0b_ASSESS,15,,,True
8215,根据《建筑工程资料管理规程》，工程资料管理应遵循的原则不包括以下哪项？,非案例题:教材自动生成考核题被误标 question_type=case_study,no_question_text,TEXTBOOK_ASSESSMENT,,AUTO_afb4b3d037f80720_ASSESS,31,,,True
8216,下列哪项不属于施工资料的分类？A. 施工管理资料 B. 施工技术资料 C. 竣工验收文件 D. 施工记录,非案例题:教材自动生成考核题被误标 question_type=case_study,no_question_text,TEXTBOOK_ASSESSMENT,,AUTO_78cd4879aadabf06_ASSESS,36,,,True
8217,下列哪种情况可以采用邀请招标？,非案例题:教材自动生成考核题被误标 question_type=case_study,no_question_text,TEXTBOOK_ASSESSMENT,,AUTO_b7d531e9e0714552_ASSESS,14,,,True
8218,关于招标文件澄清与修改的说法，正确的是？,非案例题:教材自动生成考核题被误标 question_type=case_study,no_question_text,TEXTBOOK_ASSESSMENT,,AUTO_f61ebf03f9849749_ASSESS,18,,,True
8219,下列哪一项不属于工程总承包投标的主要工作流程？,非案例题:教材自动生成考核题被误标 question_type=case_study,no_question_text,TEXTBOOK_ASSESSMENT,,AUTO_9992e3fbb3b50de6_ASSESS,22,,,True
8220,以下哪一项属于工程总承包投标方案中的‘商务策划’内容？,非案例题:教材自动生成考核题被误标 question_type=case_study,no_question_text,TEXTBOOK_ASSESSMENT,,AUTO_e3fd25dc474ebfeb_ASSESS,24,,,True
8221,下列哪一项不属于工程总承包项目投标方案中‘协调方案’的内容？,非案例题:教材自动生成考核题被误标 question_type=case_study,no_question_text,TEXTBOOK_ASSESSMENT,,AUTO_a52ecd07330e2606_ASSESS,27,,,True
8222,下列单位中，哪一项不能作为工程总承包单位？,非案例题:教材自动生成考核题被误标 question_type=case_study,no_question_text,TEXTBOOK_ASSESSMENT,,AUTO_bf0eca64c1bfda9c_ASSESS,19,,,True
8223,某项目因设计变更导致工程量增加，承包人应如何进行合同管理？,非案例题:教材自动生成考核题被误标 question_type=case_study,no_question_text,TEXTBOOK_ASSESSMENT,,AUTO_d846b423c4de20dd_ASSESS,27,,,True
8224,下列关于工程总承包的说法中，错误的是？,非案例题:教材自动生成考核题被误标 question_type=case_study,no_question_text,TEXTBOOK_ASSESSMENT,,AUTO_51e3be424b899943_ASSESS,17,,,True
8225,《建设项目工程总承包合同（示范文本）》由哪几部分组成？,非案例题:教材自动生成考核题被误标 question_type=case_study,no_question_text,TEXTBOOK_ASSESSMENT,,AUTO_8a2f625c51e05590_ASSESS,22,,,True
8226,在建设工程施工合同中，当合同文件出现矛盾时，优先解释的文件是？,非案例题:教材自动生成考核题被误标 question_type=case_study,no_question_text,TEXTBOOK_ASSESSMENT,,AUTO_aaa0d0409d51f01a_ASSESS,28,,,True
8227,某施工单位未按合同约定时间完成工程，且未及时通知建设单位，违反了哪些合同管理原则？,非案例题:教材自动生成考核题被误标 question_type=case_study,no_question_text,TEXTBOOK_ASSESSMENT,,AUTO_e0bcc6d3ba437ba9_ASSESS,38,,,True
8228,《建设工程施工合同（示范文本）》GF—2017—0201 的组成部分不包括以下哪一项？,非案例题:教材自动生成考核题被误标 question_type=case_study,no_question_text,TEXTBOOK_ASSESSMENT,,AUTO_49dccdc35165a015_ASSESS,33,,,True
8229,根据《建筑工程施工发包与承包违法行为认定查处管理办法》，下列哪项不属于认定为转包的情形？,非案例题:教材自动生成考核题被误标 question_type=case_study,no_question_text,TEXTBOOK_ASSESSMENT,,AUTO_6a6a420c2989ee6a_ASSESS,40,,,True
8230,下列哪项不属于合同变更管理程序？,非案例题:教材自动生成考核题被误标 question_type=case_study,no_question_text,TEXTBOOK_ASSESSMENT,,AUTO_9f9c344d4c313024_ASSESS,15,,,True
8231,下列哪种行为属于违法分包？,非案例题:教材自动生成考核题被误标 question_type=case_study,no_question_text,TEXTBOOK_ASSESSMENT,,AUTO_fcdf0808468962b0_ASSESS,12,,,True
8232,下列哪项属于劳务分包商的合同义务？,非案例题:教材自动生成考核题被误标 question_type=case_study,no_question_text,TEXTBOOK_ASSESSMENT,,AUTO_00609efd24910ebe_ASSESS,16,,,True
8233,下列哪项不属于物资采购合同的主要条款？,非案例题:教材自动生成考核题被误标 question_type=case_study,no_question_text,TEXTBOOK_ASSESSMENT,,AUTO_77a0ba296e49a552_ASSESS,18,,,True
8234,下列哪项不属于设备供应合同中必须明确的内容？,非案例题:教材自动生成考核题被误标 question_type=case_study,no_question_text,TEXTBOOK_ASSESSMENT,,AUTO_58a08047d8009803_ASSESS,21,,,True
8235,下列哪一项不属于按定额编制程序和用途分类的定额？,非案例题:教材自动生成考核题被误标 question_type=case_study,no_question_text,TEXTBOOK_ASSESSMENT,,AUTO_be44197f7b3eb69d_ASSESS,23,,,True
8236,下列哪一项不属于一般措施项目？,非案例题:教材自动生成考核题被误标 question_type=case_study,no_question_text,TEXTBOOK_ASSESSMENT,,AUTO_0f11195826543f82_ASSESS,14,,,True
8237,下列哪一项不属于工程量清单计价的基本步骤？,非案例题:教材自动生成考核题被误标 question_type=case_study,no_question_text,TEXTBOOK_ASSESSMENT,,AUTO_30342226fdde8877_ASSESS,20,,,True
8238,下列关于工程量清单计价特点的说法中，错误的是？,非案例题:教材自动生成考核题被误标 question_type=case_study,no_question_text,TEXTBOOK_ASSESSMENT,,AUTO_782d5a2134ca9118_ASSESS,21,,,True
8239,下列哪项不属于建设工程造价的组成部分？,非案例题:教材自动生成考核题被误标 question_type=case_study,no_question_text,TEXTBOOK_ASSESSMENT,,AUTO_fe91ebe0cdf75f01_ASSESS,18,,,True
8240,下列哪一项不属于按造价形成划分的建筑安装工程费组成部分？,非案例题:教材自动生成考核题被误标 question_type=case_study,no_question_text,TEXTBOOK_ASSESSMENT,,AUTO_961a404028b02fd0_ASSESS,27,,,True
8242,请根据表7.2-2和表7.2-3，说明从分部分项工程费到最终工程造价的完整计算路径。,非案例题:教材自动生成考核题被误标 question_type=case_study,no_question_text,TEXTBOOK_ASSESSMENT,,AUTO_27963daa82861412_ASSESS,36,,,True
8243,下列哪一项不属于综合单价法计算工程造价的组成部分？,非案例题:教材自动生成考核题被误标 question_type=case_study,no_question_text,TEXTBOOK_ASSESSMENT,,AUTO_e4f6697683c29354_ASSESS,24,,,True
8244,某工程图纸不完整，且存在较多不可预见因素，应采用哪种合同形式？,非案例题:教材自动生成考核题被误标 question_type=case_study,no_question_text,TEXTBOOK_ASSESSMENT,,AUTO_37a9c01f60e8bc34_ASSESS,28,,,True
8245,下列哪一项属于合同价款调整的‘工程变更类’？,非案例题:教材自动生成考核题被误标 question_type=case_study,no_question_text,TEXTBOOK_ASSESSMENT,,AUTO_1076ed54dfd58369_ASSESS,19,,,True
8246,某工程合同价为6000万元，主材占比60%，预付款为总价20%，求预付款起扣点。,非案例题:教材自动生成考核题被误标 question_type=case_study,no_question_text,TEXTBOOK_ASSESSMENT,,AUTO_6f620acb68174045_ASSESS,34,,,True
8248,下列关于工程进度款支付方式的说法，错误的是？,非案例题:教材自动生成考核题被误标 question_type=case_study,no_question_text,TEXTBOOK_ASSESSMENT,,AUTO_12e7b41239281941_ASSESS,20,,,True
8249,请根据案例7.2-2的数据，计算每月进度款、累计拨款、竣工结算款等。,非案例题:教材自动生成考核题被误标 question_type=case_study,no_question_text,TEXTBOOK_ASSESSMENT,,AUTO_19a34a656c6deeab_ASSESS,28,,,True
8250,某工程合同价为660万元，预付款比例20%，材料占比60%，请计算预付款、起扣点及各月进度款。,非案例题:教材自动生成考核题被误标 question_type=case_study,no_question_text,TEXTBOOK_ASSESSMENT,,AUTO_d09fb0ea4b74961f_ASSESS,40,,,True
8251,若某工程于2023年1月1日交付，但发包人未支付结算款，承包人何时起可主张利息？,非案例题:教材自动生成考核题被误标 question_type=case_study,no_question_text,TEXTBOOK_ASSESSMENT,,AUTO_ba9acc9494e6a788_ASSESS,37,,,True
8254,某工程项目合同价为14250万元，采用调值公式法进行结算，已知各项因素比重、基期和当期价格指数，请计算最终结算价。,非案例题:教材自动生成考核题被误标 question_type=case_study,no_question_text,TEXTBOOK_ASSESSMENT,,AUTO_54d0d42e3c56de78_ASSESS,52,,,True
8255,根据给定的调值因素表和合同价，使用调值公式计算最终结算价。,非案例题:教材自动生成考核题被误标 question_type=case_study,no_question_text,TEXTBOOK_ASSESSMENT,,AUTO_ecf5b9586e594610_ASSESS,27,,,True
8256,某工程因地质条件变化导致施工方案调整，需进行设计变更，请问设计变更的流程是什么？,非案例题:教材自动生成考核题被误标 question_type=case_study,no_question_text,TEXTBOOK_ASSESSMENT,,AUTO_210f447d16ba4112_ASSESS,37,,,True
8257,下列哪项不属于按干扰事件性质分类的索赔类型？,非案例题:教材自动生成考核题被误标 question_type=case_study,no_question_text,TEXTBOOK_ASSESSMENT,,AUTO_a8242f510cfd95de_ASSESS,21,,,True
8258,请简述工程索赔的四个基本步骤，并说明每个步骤的关键内容。,非案例题:教材自动生成考核题被误标 question_type=case_study,no_question_text,TEXTBOOK_ASSESSMENT,,AUTO_2dbf598dbe015e72_ASSESS,26,,,True
8259,下列哪项不属于索赔证据？A. 施工日记 B. 气候报告 C. 会议纪要 D. 个人微信聊天记录,非案例题:教材自动生成考核题被误标 question_type=case_study,no_question_text,TEXTBOOK_ASSESSMENT,,AUTO_130e08fcab9471b7_ASSESS,31,,,True
8260,在某工程项目中，因非承包商原因导致现场施工成本从380万元增至420万元，请问如何运用总费用法计算其费用索赔值？,非案例题:教材自动生成考核题被误标 question_type=case_study,no_question_text,TEXTBOOK_ASSESSMENT,,AUTO_4bfbe1241c078a27_ASSESS,53,,,True
8261,在案例7.2-4中，若现场施工成本增加40万元，管理费率为10%，利润率为7%，请计算总索赔值。,非案例题:教材自动生成考核题被误标 question_type=case_study,no_question_text,TEXTBOOK_ASSESSMENT,,AUTO_733bf828c64a3106_ASSESS,39,,,True
8262,下列哪项不属于施工合同反索赔的情形？,非案例题:教材自动生成考核题被误标 question_type=case_study,no_question_text,TEXTBOOK_ASSESSMENT,,AUTO_4368669c378413ad_ASSESS,17,,,True
8263,下列关于流水施工特点的说法中，错误的是？,非案例题:教材自动生成考核题被误标 question_type=case_study,no_question_text,TEXTBOOK_ASSESSMENT,,AUTO_90752d0f5564191f_ASSESS,18,,,True
8264,如何根据结构特点合理划分施工段？请说明施工段划分的三个基本原则。,非案例题:教材自动生成考核题被误标 question_type=case_study,no_question_text,TEXTBOOK_ASSESSMENT,,AUTO_9bb4452d1359e6fb_ASSESS,30,,,True
8265,下列哪项不是无节奏流水施工的特点？,非案例题:教材自动生成考核题被误标 question_type=case_study,no_question_text,TEXTBOOK_ASSESSMENT,,AUTO_4b5798076e77ce84_ASSESS,16,,,True
8266,等节奏流水施工中，流水步距与流水节拍的关系是什么？,非案例题:教材自动生成考核题被误标 question_type=case_study,no_question_text,TEXTBOOK_ASSESSMENT,,AUTO_9772d97eaaa18de8_ASSESS,23,,,True
8267,某工程五个施工过程的流水节拍分别为2、2、6、4、4周，请判断该流水施工属于何种形式？并计算流水步距。,非案例题:教材自动生成考核题被误标 question_type=case_study,no_question_text,TEXTBOOK_ASSESSMENT,,AUTO_67650e2e5c27f922_ASSESS,44,,,True
8268,某工程采用五个工作队进行流水施工，已知各工序流水节拍分别为2、2、10、4，技术间歇为2周，求总工期？,非案例题:教材自动生成考核题被误标 question_type=case_study,no_question_text,TEXTBOOK_ASSESSMENT,,AUTO_64a3c590017190f7_ASSESS,44,,,True
8269,某工程有5个施工过程，节拍为2、2、6、4、4，共3个单体，技术间歇2周，采用等步距异节奏流水施工，求专业队总数和总工期？,非案例题:教材自动生成考核题被误标 question_type=case_study,no_question_text,TEXTBOOK_ASSESSMENT,,AUTO_246528af922c20cf_ASSESS,51,,,True
8271,根据GB/T 13400.3—2009，网络计划技术的应用程序包含几个阶段？,非案例题:教材自动生成考核题被误标 question_type=case_study,no_question_text,TEXTBOOK_ASSESSMENT,,AUTO_db82ab87e34fdc3f_ASSESS,29,,,True
8272,某工作总时差为5天，自由时差为2天，说明该工作的灵活性如何？,非案例题:教材自动生成考核题被误标 question_type=case_study,no_question_text,TEXTBOOK_ASSESSMENT,,AUTO_2e0c6aa689138065_ASSESS,27,,,True
8273,在工期优化中，应优先选择哪些工作进行压缩？,非案例题:教材自动生成考核题被误标 question_type=case_study,no_question_text,TEXTBOOK_ASSESSMENT,,AUTO_8e10ef5273182527_ASSESS,19,,,True
8274,在资源优化中，哪些条件必须保持不变？请列出至少三条。,非案例题:教材自动生成考核题被误标 question_type=case_study,no_question_text,TEXTBOOK_ASSESSMENT,,AUTO_d843684aafd7b723_ASSESS,23,,,True
8275,根据案例背景，当前总工期滞后了多少天？哪条线路是关键线路？,非案例题:教材自动生成考核题被误标 question_type=case_study,no_question_text,TEXTBOOK_ASSESSMENT,,AUTO_8e18edb9c2046d7a_ASSESS,26,,,True
8276,工作B的最大可压缩时间是多少天？,非案例题:教材自动生成考核题被误标 question_type=case_study,no_question_text,TEXTBOOK_ASSESSMENT,,AUTO_fac1a6b0bf8c61b7_ASSESS,14,,,True
8277,在工期滞后的情况下，如何选择最优的压缩方案以最小化赶工成本？,非案例题:教材自动生成考核题被误标 question_type=case_study,no_question_text,TEXTBOOK_ASSESSMENT,,AUTO_ee90149faf8b9d4f_ASSESS,28,,,True
8278,请根据给定条件，制定最经济的赶工方案。,非案例题:教材自动生成考核题被误标 question_type=case_study,no_question_text,TEXTBOOK_ASSESSMENT,,AUTO_7f5310b40853698a_ASSESS,17,,,True
8279,请解释为何优先压缩工作B而不是其他工作？,非案例题:教材自动生成考核题被误标 question_type=case_study,no_question_text,TEXTBOOK_ASSESSMENT,,AUTO_1e95a9cb292501c0_ASSESS,18,,,True
8280,某工程在调整后仍需完成170天，已知各工作赶工费用，请计算总赶工成本，并指出关键线路。,非案例题:教材自动生成考核题被误标 question_type=case_study,no_question_text,TEXTBOOK_ASSESSMENT,,AUTO_e4b1c1a7b9a069f8_ASSESS,39,,,True
8281,下列哪一项不属于施工进度计划的分类？A. 施工总进度计划 B. 单位工程进度计划 C. 分部分项工程进度计划 D. 施工组织设计,非案例题:教材自动生成考核题被误标 question_type=case_study,no_question_text,TEXTBOOK_ASSESSMENT,,AUTO_2e710d30aaca9c11_ASSESS,48,,,True
8282,施工总进度计划的主要内容不包括以下哪一项？A. 编制说明 B. 施工总进度计划表 C. 资源需要量及供应平衡表 D. 施工组织设计,非案例题:教材自动生成考核题被误标 question_type=case_study,no_question_text,TEXTBOOK_ASSESSMENT,,AUTO_2b8ea73f1468c6f2_ASSESS,49,,,True
8283,下列哪一项不属于单位工程进度计划的内容？,非案例题:教材自动生成考核题被误标 question_type=case_study,no_question_text,TEXTBOOK_ASSESSMENT,,AUTO_07bf38d8395120ed_ASSESS,19,,,True
8284,下列哪项不属于进度事后控制的内容？,非案例题:教材自动生成考核题被误标 question_type=case_study,no_question_text,TEXTBOOK_ASSESSMENT,,AUTO_d8c3005fe671d1cb_ASSESS,16,,,True
8285,下列哪种方法不属于施工进度计划监测方法？,非案例题:教材自动生成考核题被误标 question_type=case_study,no_question_text,TEXTBOOK_ASSESSMENT,,AUTO_46c4c7dce4928774_ASSESS,19,,,True
8286,某项目因材料延迟导致关键线路延误，应如何调整进度计划？,非案例题:教材自动生成考核题被误标 question_type=case_study,no_question_text,TEXTBOOK_ASSESSMENT,,AUTO_702c86a0cbb55f82_ASSESS,25,,,True
8287,在施工进度计划调整中，以下哪项属于资源优化的措施？,非案例题:教材自动生成考核题被误标 question_type=case_study,no_question_text,TEXTBOOK_ASSESSMENT,,AUTO_91e56054df5b2d42_ASSESS,23,,,True
8288,下列哪项不属于项目质量计划的编制依据？,非案例题:教材自动生成考核题被误标 question_type=case_study,no_question_text,TEXTBOOK_ASSESSMENT,,AUTO_d0ca81c479d58b45_ASSESS,18,,,True
8289,下列哪项不属于现场质量检查的内容？,非案例题:教材自动生成考核题被误标 question_type=case_study,no_question_text,TEXTBOOK_ASSESSMENT,,AUTO_90fa5104cedfd85d_ASSESS,16,,,True
8290,关于土方回填施工过程中的质量检查，以下哪项不属于必须检查的内容？,非案例题:教材自动生成考核题被误标 question_type=case_study,no_question_text,TEXTBOOK_ASSESSMENT,,AUTO_fe9d0b29b4901c31_ASSESS,30,,,True
8291,下列哪项不属于打（压）预制桩工程的质量检查内容？,非案例题:教材自动生成考核题被误标 question_type=case_study,no_question_text,TEXTBOOK_ASSESSMENT,,AUTO_feb165eec4265d7b_ASSESS,21,,,True
8292,关于混凝土灌注桩的承载力检测，下列说法正确的是？,非案例题:教材自动生成考核题被误标 question_type=case_study,no_question_text,TEXTBOOK_ASSESSMENT,,AUTO_e62e3a44e4ebc2a2_ASSESS,22,,,True
8293,下列哪项不是模板安装质量的要求？,非案例题:教材自动生成考核题被误标 question_type=case_study,no_question_text,TEXTBOOK_ASSESSMENT,,AUTO_956e6b579b637059_ASSESS,15,,,True
8294,关于混凝土试块取样频率的规定，以下说法正确的是？,非案例题:教材自动生成考核题被误标 question_type=case_study,no_question_text,TEXTBOOK_ASSESSMENT,,AUTO_60c14c06c4f62de4_ASSESS,22,,,True
8295,下列关于砖砌体工程主控项目的说法中，正确的是？,非案例题:教材自动生成考核题被误标 question_type=case_study,no_question_text,TEXTBOOK_ASSESSMENT,,AUTO_9ef45757f9be6aa2_ASSESS,21,,,True
8296,下列哪项不属于钢结构安装质量检查的内容？,非案例题:教材自动生成考核题被误标 question_type=case_study,no_question_text,TEXTBOOK_ASSESSMENT,,AUTO_3c26b4a23ec5d0c9_ASSESS,19,,,True
8297,关于钢构件焊接主控项目，下列说法错误的是？,非案例题:教材自动生成考核题被误标 question_type=case_study,no_question_text,TEXTBOOK_ASSESSMENT,,AUTO_c7b32acb89a7e8a7_ASSESS,19,,,True
8298,高强度螺栓终拧检查的时间范围是？,非案例题:教材自动生成考核题被误标 question_type=case_study,no_question_text,TEXTBOOK_ASSESSMENT,,AUTO_632f56cb92011978_ASSESS,15,,,True
8299,防水材料进场验收时，下列哪项不是必须做的？,非案例题:教材自动生成考核题被误标 question_type=case_study,no_question_text,TEXTBOOK_ASSESSMENT,,AUTO_7172e706aa4ae49f_ASSESS,19,,,True
8300,屋面施工中，下列哪项不是基层要求？,非案例题:教材自动生成考核题被误标 question_type=case_study,no_question_text,TEXTBOOK_ASSESSMENT,,AUTO_ad9cff67bc40a805_ASSESS,15,,,True
8301,装饰装修设计中，下列哪项不是必须的？,非案例题:教材自动生成考核题被误标 question_type=case_study,no_question_text,TEXTBOOK_ASSESSMENT,,AUTO_480a577c59fb17ec_ASSESS,16,,,True
8302,施工阶段质量管理中，下列哪项不是必须的？,非案例题:教材自动生成考核题被误标 question_type=case_study,no_question_text,TEXTBOOK_ASSESSMENT,,AUTO_d235df05679a3a31_ASSESS,18,,,True
8303,装饰工程中，下列哪项不是材料管理的要求？,非案例题:教材自动生成考核题被误标 question_type=case_study,no_question_text,TEXTBOOK_ASSESSMENT,,AUTO_5170fad9e61aec0b_ASSESS,18,,,True
8304,防水层完工后，下列哪项不是必须进行的检查？,非案例题:教材自动生成考核题被误标 question_type=case_study,no_question_text,TEXTBOOK_ASSESSMENT,,AUTO_68097c64dd81f2af_ASSESS,19,,,True
8305,下列哪项不属于施工阶段质量管理的内容？,非案例题:教材自动生成考核题被误标 question_type=case_study,no_question_text,TEXTBOOK_ASSESSMENT,,AUTO_38091171c8e5d115_ASSESS,18,,,True
8306,下列关于装饰工程质量管理的说法中，错误的是？,非案例题:教材自动生成考核题被误标 question_type=case_study,no_question_text,TEXTBOOK_ASSESSMENT,,AUTO_64d27424e0c0f407_ASSESS,20,,,True
8307,某基坑开挖后出现局部塌方，请分析可能原因并提出治理措施。,非案例题:教材自动生成考核题被误标 question_type=case_study,no_question_text,TEXTBOOK_ASSESSMENT,,AUTO_66bff9372c1d8534_ASSESS,26,,,True
8308,某预制桩在沉桩过程中出现贯入度突增和回弹现象，请分析可能原因。,非案例题:教材自动生成考核题被误标 question_type=case_study,no_question_text,TEXTBOOK_ASSESSMENT,,AUTO_8edeb7463032f59f_ASSESS,29,,,True
8309,下列哪项不是导致泥浆护壁灌注桩坍孔的原因？ A. 泥浆比重不足 B. 孔内水头高度足够 C. 护筒埋置过浅 D. 冲击锥倾倒,非案例题:教材自动生成考核题被误标 question_type=case_study,no_question_text,TEXTBOOK_ASSESSMENT,,AUTO_b420c78f88481332_ASSESS,45,,,True
8310,下列哪项不是造成混凝土强度等级达不到设计要求的原因？,非案例题:教材自动生成考核题被误标 question_type=case_study,no_question_text,TEXTBOOK_ASSESSMENT,,AUTO_cafeb3f805bf72f3_ASSESS,25,,,True
8311,下列哪项不是导致混凝土构件尺寸偏差的原因？,非案例题:教材自动生成考核题被误标 question_type=case_study,no_question_text,TEXTBOOK_ASSESSMENT,,AUTO_cb73579a39a18716_ASSESS,20,,,True
8312,下列哪项不是混凝土收缩裂缝的成因？,非案例题:教材自动生成考核题被误标 question_type=case_study,no_question_text,TEXTBOOK_ASSESSMENT,,AUTO_3bb5c6891908214c_ASSESS,16,,,True
8313,下列哪项不是地脚螺栓位移的防治措施？,非案例题:教材自动生成考核题被误标 question_type=case_study,no_question_text,TEXTBOOK_ASSESSMENT,,AUTO_cfb296f29b64db47_ASSESS,17,,,True
8314,下列哪项不是焊缝夹渣的防治措施？,非案例题:教材自动生成考核题被误标 question_type=case_study,no_question_text,TEXTBOOK_ASSESSMENT,,AUTO_f51d708115e46bcb_ASSESS,15,,,True
8315,某框架结构住宅楼出现纵墙两端斜裂缝，分析可能原因并提出防治措施。,非案例题:教材自动生成考核题被误标 question_type=case_study,no_question_text,TEXTBOOK_ASSESSMENT,,AUTO_68a99db373f309b6_ASSESS,30,,,True
8316,地下室施工缝出现渗水，请分析可能原因并提出治理措施。,非案例题:教材自动生成考核题被误标 question_type=case_study,no_question_text,TEXTBOOK_ASSESSMENT,,AUTO_b94d0f2c3f44f083_ASSESS,24,,,True
8317,下列哪项不是导致防水混凝土裂缝渗漏水的原因？,非案例题:教材自动生成考核题被误标 question_type=case_study,no_question_text,TEXTBOOK_ASSESSMENT,,AUTO_6938d1a4c55f6f41_ASSESS,21,,,True
8318,某屋面出现大面积卷材流淌，且部分区域有下滑趋势，请问应采取何种治理措施？并说明原因。,非案例题:教材自动生成考核题被误标 question_type=case_study,no_question_text,TEXTBOOK_ASSESSMENT,,AUTO_daf0556f2e76c51d_ASSESS,38,,,True
8319,下列哪项不属于建筑地面工程常见的质量问题？A. 空鼓 B. 泛碱 C. 接槎明显 D. 色泽不协调,非案例题:教材自动生成考核题被误标 question_type=case_study,no_question_text,TEXTBOOK_ASSESSMENT,,AUTO_7a683d0cc0424b5e_ASSESS,33,,,True
8320,下列哪项不属于细部工程中的质量问题？,非案例题:教材自动生成考核题被误标 question_type=case_study,no_question_text,TEXTBOOK_ASSESSMENT,,AUTO_8ec733108ca6a976_ASSESS,17,,,True
8321,某项目地面铺贴完成后出现大面积空鼓，请分析可能原因并提出整改措施。,非案例题:教材自动生成考核题被误标 question_type=case_study,no_question_text,TEXTBOOK_ASSESSMENT,,AUTO_665c1bb3b87ae5e6_ASSESS,31,,,True
8322,某办公楼石膏板吊项出现多处裂缝，请分析可能原因并提出整改方案。,非案例题:教材自动生成考核题被误标 question_type=case_study,no_question_text,TEXTBOOK_ASSESSMENT,,AUTO_2c204aa230ea294e_ASSESS,29,,,True
8323,下列哪项不是导致涂饰色澤不均的原因？,非案例题:教材自动生成考核题被误标 question_type=case_study,no_question_text,TEXTBOOK_ASSESSMENT,,AUTO_c10a7de0d1fd7aad_ASSESS,17,,,True
8324,关于建筑节能工程材料与设备的管理，下列说法错误的是？,非案例题:教材自动生成考核题被误标 question_type=case_study,no_question_text,TEXTBOOK_ASSESSMENT,,AUTO_8bb2c67630a2f0da_ASSESS,24,,,True
8325,墙体保温材料进场复验应包括哪些性能指标？,非案例题:教材自动生成考核题被误标 question_type=case_study,no_question_text,TEXTBOOK_ASSESSMENT,,AUTO_b36d0cf553129447_ASSESS,19,,,True
8326,某项目外保温层出现空鼓开裂，可能的原因有哪些？应如何治理？,非案例题:教材自动生成考核题被误标 question_type=case_study,no_question_text,TEXTBOOK_ASSESSMENT,,AUTO_73bf47e1290716e6_ASSESS,26,,,True
8327,某项目门窗传热系数超标，可能的原因有哪些？,非案例题:教材自动生成考核题被误标 question_type=case_study,no_question_text,TEXTBOOK_ASSESSMENT,,AUTO_e5ebda67d6e335d9_ASSESS,19,,,True
8328,下列哪一项不属于地基与基础工程的子分部工程？A. 地基 B. 基础 C. 主体结构 D. 地下防水,非案例题:教材自动生成考核题被误标 question_type=case_study,no_question_text,TEXTBOOK_ASSESSMENT,,AUTO_5ce98ae6a04409e0_ASSESS,33,,,True
8329,下列哪一项不属于地基与基础工程验收前必须完成的工程实体条件？,非案例题:教材自动生成考核题被误标 question_type=case_study,no_question_text,TEXTBOOK_ASSESSMENT,,AUTO_a2c6d94eefa887d4_ASSESS,29,,,True
8330,地基与基础分部工程验收前，施工单位应完成哪些准备工作？,非案例题:教材自动生成考核题被误标 question_type=case_study,no_question_text,TEXTBOOK_ASSESSMENT,,AUTO_54a255879ddf3133_ASSESS,25,,,True
8331,下列哪项不属于混凝土结构的分项工程？,非案例题:教材自动生成考核题被误标 question_type=case_study,no_question_text,TEXTBOOK_ASSESSMENT,,AUTO_954c2fb178672fb6_ASSESS,17,,,True
8332,下列哪项不属于主体结构验收前必须完成的工程实体条件？,非案例题:教材自动生成考核题被误标 question_type=case_study,no_question_text,TEXTBOOK_ASSESSMENT,,AUTO_ad35adea38f1034a_ASSESS,25,,,True
8333,下列哪一项不属于装饰装修工程的主要隐蔽验收项目？,非案例题:教材自动生成考核题被误标 question_type=case_study,no_question_text,TEXTBOOK_ASSESSMENT,,AUTO_9ce3bc0da38ccdd4_ASSESS,23,,,True
8334,下列哪一项不属于幕墙工程的安全和功能检测项目？,非案例题:教材自动生成考核题被误标 question_type=case_study,no_question_text,TEXTBOOK_ASSESSMENT,,AUTO_46187d8557f9eb52_ASSESS,22,,,True
8335,下列哪项不属于建筑节能工程质量验收合格的必要条件？,非案例题:教材自动生成考核题被误标 question_type=case_study,no_question_text,TEXTBOOK_ASSESSMENT,,AUTO_6a3140b726543877_ASSESS,24,,,True
8336,下列关于单位工程质量验收的说法，正确的是？,非案例题:教材自动生成考核题被误标 question_type=case_study,no_question_text,TEXTBOOK_ASSESSMENT,,AUTO_7dd0f36b121ea78e_ASSESS,19,,,True
8337,下列哪项不属于施工项目制造成本的内容？,非案例题:教材自动生成考核题被误标 question_type=case_study,no_question_text,TEXTBOOK_ASSESSMENT,,AUTO_ae33765fe25cb749_ASSESS,18,,,True
8338,下列哪项不属于施工项目目标成本的分解方法？,非案例题:教材自动生成考核题被误标 question_type=case_study,no_question_text,TEXTBOOK_ASSESSMENT,,AUTO_7a5edd807f6cb0f7_ASSESS,20,,,True
8339,如何运用因素分析法分析混凝土成本超支的原因？,非案例题:教材自动生成考核题被误标 question_type=case_study,no_question_text,TEXTBOOK_ASSESSMENT,,AUTO_67303331ba28c771_ASSESS,21,,,True
8342,在施工成本构成中，哪一项费用占比最高？,非案例题:教材自动生成考核题被误标 question_type=case_study,no_question_text,TEXTBOOK_ASSESSMENT,,AUTO_99de7fca828e3f03_ASSESS,17,,,True
8343,动态比率法常用的两种指数是什么？,非案例题:教材自动生成考核题被误标 question_type=case_study,no_question_text,TEXTBOOK_ASSESSMENT,,AUTO_593072a925a7abda_ASSESS,15,,,True
8344,第四季度的环比指数是多少？,非案例题:教材自动生成考核题被误标 question_type=case_study,no_question_text,TEXTBOOK_ASSESSMENT,,AUTO_b8eee6b6eaedcefd_ASSESS,12,,,True
8345,请说明施工成本控制的三个阶段及其主要内容。,非案例题:教材自动生成考核题被误标 question_type=case_study,no_question_text,TEXTBOOK_ASSESSMENT,,AUTO_b5760dc92899ed05_ASSESS,20,,,True
8346,在施工阶段，如何通过施工任务单和限额领料单实现成本控制？请列出至少三条具体措施。,非案例题:教材自动生成考核题被误标 question_type=case_study,no_question_text,TEXTBOOK_ASSESSMENT,,AUTO_ed525e58d7893e9f_ASSESS,37,,,True
8347,某项目在第20周末，已完工程量对应的预算成本为6370万元，实际成本为6240万元，计划成本为5340万元。请计算CV、SV、CPI、SPI，并分析成本与进度状况。,非案例题:教材自动生成考核题被误标 question_type=case_study,no_question_text,TEXTBOOK_ASSESSMENT,,AUTO_0dc676ec6bdc91d7_ASSESS,63,,,True
8348,如何根据 SPI 判断项目进度状态？,非案例题:教材自动生成考核题被误标 question_type=case_study,no_question_text,TEXTBOOK_ASSESSMENT,,AUTO_285da6c3a5710267_ASSESS,12,,,True
8349,请根据表 10.2-5 计算 BCWP、ACWP、BCWS、CV、SV、CPI、SPI 并分析项目状态。,非案例题:教材自动生成考核题被误标 question_type=case_study,no_question_text,TEXTBOOK_ASSESSMENT,,AUTO_151a20f501d68f32_ASSESS,17,,,True
8350,根据表 10.2-6 的数据，计算第 20 周末的成本偏差（CV）和进度偏差（SV），并判断成本与进度状态。,非案例题:教材自动生成考核题被误标 question_type=case_study,no_question_text,TEXTBOOK_ASSESSMENT,,AUTO_8f87be8e199b60d2_ASSESS,37,,,True
8352,下列哪项不是项目成本考核的主要指标？A. 成本降低额 B. 成本降低率 C. 劳动生产率 D. 材料消耗指标,非案例题:教材自动生成考核题被误标 question_type=case_study,no_question_text,TEXTBOOK_ASSESSMENT,,AUTO_30f028e179ae6006_ASSESS,38,,,True
8353,关于建筑施工企业安全生产管理目标的说法，正确的是？,非案例题:教材自动生成考核题被误标 question_type=case_study,no_question_text,TEXTBOOK_ASSESSMENT,,AUTO_5d3a24e3412e1a0d_ASSESS,23,,,True
8354,关于施工企业新上岗操作工人的岗前教育培训内容，以下哪项不属于其必须包含的内容？,非案例题:教材自动生成考核题被误标 question_type=case_study,no_question_text,TEXTBOOK_ASSESSMENT,,AUTO_e8dbdbee46acf622_ASSESS,37,,,True
8355,下列哪项支出不应从企业安全生产费用中列支？,非案例题:教材自动生成考核题被误标 question_type=case_study,no_question_text,TEXTBOOK_ASSESSMENT,,AUTO_9407a74512bee394_ASSESS,20,,,True
8356,关于施工企业安全技术管理，以下哪项说法正确？,非案例题:教材自动生成考核题被误标 question_type=case_study,no_question_text,TEXTBOOK_ASSESSMENT,,AUTO_6b8222696c0545b8_ASSESS,20,,,True
8357,施工企业对分包单位的安全管理不包括以下哪项？,非案例题:教材自动生成考核题被误标 question_type=case_study,no_question_text,TEXTBOOK_ASSESSMENT,,AUTO_e76e3f42397042b8_ASSESS,21,,,True
8358,下列哪项不属于项目部施工现场安全生产管理的内容？,非案例题:教材自动生成考核题被误标 question_type=case_study,no_question_text,TEXTBOOK_ASSESSMENT,,AUTO_c3cce3e02a7fcc1b_ASSESS,23,,,True
8359,下列哪项属于第一类危险源？,非案例题:教材自动生成考核题被误标 question_type=case_study,no_question_text,TEXTBOOK_ASSESSMENT,,AUTO_e64c057432361f75_ASSESS,12,,,True
8360,下列哪项不属于重大危险源控制系统的组成部分？,非案例题:教材自动生成考核题被误标 question_type=case_study,no_question_text,TEXTBOOK_ASSESSMENT,,AUTO_8344e4e32ba50d51_ASSESS,21,,,True
8361,下列哪项不属于施工安全检查的内容？,非案例题:教材自动生成考核题被误标 question_type=case_study,no_question_text,TEXTBOOK_ASSESSMENT,,AUTO_80312298a78b5354_ASSESS,16,,,True
8362,下列哪一项不属于安全检查的基本方法？ A. 听 B. 问 C. 看 D. 摸,非案例题:教材自动生成考核题被误标 question_type=case_study,no_question_text,TEXTBOOK_ASSESSMENT,,AUTO_ef4395792d2d21d6_ASSESS,21,,,True
8363,根据《建筑施工安全检查标准》JGJ 59—2011，下列哪一项不属于‘安全管理’检查评定的保证项目？,非案例题:教材自动生成考核题被误标 question_type=case_study,no_question_text,TEXTBOOK_ASSESSMENT,,AUTO_42c103812afba8e6_ASSESS,39,,,True
8364,下列哪项不属于“模板支架”检查评定的保证项目？,非案例题:教材自动生成考核题被误标 question_type=case_study,no_question_text,TEXTBOOK_ASSESSMENT,,AUTO_1e301ae957493cef_ASSESS,20,,,True
8366,建筑施工安全检查评定中，被评为‘优良’的标准是什么？,非案例题:教材自动生成考核题被误标 question_type=case_study,no_question_text,TEXTBOOK_ASSESSMENT,,AUTO_378b35cbb1d94e42_ASSESS,22,,,True
8367,某基坑施工过程中发现土体开裂并伴有渗水，现场未设专人监护，请分析存在的安全隐患及应对措施。,非案例题:教材自动生成考核题被误标 question_type=case_study,no_question_text,TEXTBOOK_ASSESSMENT,,AUTO_29f376591e7c50c9_ASSESS,42,,,True
8368,下列哪项不属于基坑发生坍塌的主要迹象？,非案例题:教材自动生成考核题被误标 question_type=case_study,no_question_text,TEXTBOOK_ASSESSMENT,,AUTO_eec04886786296f2_ASSESS,18,,,True
8369,在有支护的基坑中使用机械挖土时，下列哪项是必须采取的措施？,非案例题:教材自动生成考核题被误标 question_type=case_study,no_question_text,TEXTBOOK_ASSESSMENT,,AUTO_ac506cad991e458f_ASSESS,27,,,True
8370,下列关于打（沉）桩施工安全控制要点的说法中，错误的是？,非案例题:教材自动生成考核题被误标 question_type=case_study,no_question_text,TEXTBOOK_ASSESSMENT,,AUTO_d089ec2afdcaa528_ASSESS,23,,,True
8371,关于人工挖孔桩施工用电安全要求，下列说法错误的是？,非案例题:教材自动生成考核题被误标 question_type=case_study,no_question_text,TEXTBOOK_ASSESSMENT,,AUTO_fce77d82c36f7ccf_ASSESS,23,,,True
8372,某工地搭设单排脚手架，在过梁两端 60°三角形范围内设置了横向水平杆，是否合规？请说明理由。,非案例题:教材自动生成考核题被误标 question_type=case_study,no_question_text,TEXTBOOK_ASSESSMENT,,AUTO_88dd1ca5bf9a41a9_ASSESS,40,,,True
8373,关于脚手架搭设中横向水平杆的间距要求，下列说法正确的是？,非案例题:教材自动生成考核题被误标 question_type=case_study,no_question_text,TEXTBOOK_ASSESSMENT,,AUTO_446ba2c4004ed97f_ASSESS,26,,,True
8374,关于脚手架拆除作业，下列做法错误的是？,非案例题:教材自动生成考核题被误标 question_type=case_study,no_question_text,TEXTBOOK_ASSESSMENT,,AUTO_06ef4b967e3e370b_ASSESS,17,,,True
8375,脚手架搭设过程中，应在哪些阶段进行检查？,非案例题:教材自动生成考核题被误标 question_type=case_study,no_question_text,TEXTBOOK_ASSESSMENT,,AUTO_6e38d50b4065c98d_ASSESS,18,,,True
8376,下列哪项不属于脚手架定期检查的主要内容？,非案例题:教材自动生成考核题被误标 question_type=case_study,no_question_text,TEXTBOOK_ASSESSMENT,,AUTO_a8c1e0897cea9bc2_ASSESS,19,,,True
8377,某工地在进行大跨度梁模板施工时发生坍塌，请分析可能的原因。,非案例题:教材自动生成考核题被误标 question_type=case_study,no_question_text,TEXTBOOK_ASSESSMENT,,AUTO_78a0754dc0e66cda_ASSESS,27,,,True
8378,下列哪项不属于现浇混凝土工程的安全控制要点？,非案例题:教材自动生成考核题被误标 question_type=case_study,no_question_text,TEXTBOOK_ASSESSMENT,,AUTO_421c3b9c60e6fc25_ASSESS,21,,,True
8379,关于模板拆除时的混凝土强度要求，下列说法正确的是？,非案例题:教材自动生成考核题被误标 question_type=case_study,no_question_text,TEXTBOOK_ASSESSMENT,,AUTO_710a1618fbfa594d_ASSESS,23,,,True
8380,下列关于混凝土浇筑安全控制的说法中，错误的是？,非案例题:教材自动生成考核题被误标 question_type=case_study,no_question_text,TEXTBOOK_ASSESSMENT,,AUTO_16bb4eacd7c25aed_ASSESS,21,,,True
8381,某项目在吊装预制墙板时，工人站在构件下方指挥，是否符合安全规定？请说明理由。,非案例题:教材自动生成考核题被误标 question_type=case_study,no_question_text,TEXTBOOK_ASSESSMENT,,AUTO_19fc3f81cdbe7148_ASSESS,34,,,True
8382,关于钢结构施工中安全通道的要求，下列说法正确的是？,非案例题:教材自动生成考核题被误标 question_type=case_study,no_question_text,TEXTBOOK_ASSESSMENT,,AUTO_11c6e250fb57016f_ASSESS,23,,,True
8383,下列哪种情况属于起重吊装‘十不吊’的内容？,非案例题:教材自动生成考核题被误标 question_type=case_study,no_question_text,TEXTBOOK_ASSESSMENT,,AUTO_57a21619963c1b00_ASSESS,18,,,True
8384,关于吊装作业中吊点的选择，下列说法正确的是？,非案例题:教材自动生成考核题被误标 question_type=case_study,no_question_text,TEXTBOOK_ASSESSMENT,,AUTO_7ee3f5264993635f_ASSESS,20,,,True
8385,下列哪项不属于高处作业的主要安全隐患？,非案例题:教材自动生成考核题被误标 question_type=case_study,no_question_text,TEXTBOOK_ASSESSMENT,,AUTO_43df9c7b539c0db8_ASSESS,18,,,True
8386,下列关于高处作业安全防护设施验收的说法，错误的是？,非案例题:教材自动生成考核题被误标 question_type=case_study,no_question_text,TEXTBOOK_ASSESSMENT,,AUTO_7d495d8fcbea569a_ASSESS,23,,,True
8387,关于洞口作业的安全防护措施，下列说法正确的是？,非案例题:教材自动生成考核题被误标 question_type=case_study,no_question_text,TEXTBOOK_ASSESSMENT,,AUTO_8b9bb9038d6e70cc_ASSESS,21,,,True
8388,下列关于高处作业安全规定的说法中，正确的是？,非案例题:教材自动生成考核题被误标 question_type=case_study,no_question_text,TEXTBOOK_ASSESSMENT,,AUTO_162f434c451b436f_ASSESS,20,,,True
8389,关于悬挑式操作平台的安全规定，下列说法正确的是？,非案例题:教材自动生成考核题被误标 question_type=case_study,no_question_text,TEXTBOOK_ASSESSMENT,,AUTO_8329494f3a97fc86_ASSESS,22,,,True
8391,关于安全防护棚的搭设要求，下列说法正确的是？,非案例题:教材自动生成考核题被误标 question_type=case_study,no_question_text,TEXTBOOK_ASSESSMENT,,AUTO_41ae6f554dcf9d14_ASSESS,20,,,True
8392,塔式起重机在起吊荷载达到额定起重量的90%及以上时，应如何操作？,非案例题:教材自动生成考核题被误标 question_type=case_study,no_question_text,TEXTBOOK_ASSESSMENT,,AUTO_d890a08d276d70f6_ASSESS,29,,,True
8393,关于电动冲击夯的安全使用，下列说法错误的是？,非案例题:教材自动生成考核题被误标 question_type=case_study,no_question_text,TEXTBOOK_ASSESSMENT,,AUTO_8c3f6cc33665bcfb_ASSESS,20,,,True
8394,某工地施工电梯在 100m 高度处垂直度偏差为 36mm，是否符合规范要求？,非案例题:教材自动生成考核题被误标 question_type=case_study,no_question_text,TEXTBOOK_ASSESSMENT,,AUTO_0697e1e6045df698_ASSESS,30,,,True
8395,关于物料提升机钢丝绳绳卡设置，下列说法正确的是？,非案例题:教材自动生成考核题被误标 question_type=case_study,no_question_text,TEXTBOOK_ASSESSMENT,,AUTO_2b173d43ff113866_ASSESS,22,,,True
8396,下列关于打桩机安全操作的说法中，错误的是？,非案例题:教材自动生成考核题被误标 question_type=case_study,no_question_text,TEXTBOOK_ASSESSMENT,,AUTO_cc82c99b8aade4bb_ASSESS,19,,,True
8397,下列关于气瓶安全管理的说法中，错误的是？,非案例题:教材自动生成考核题被误标 question_type=case_study,no_question_text,TEXTBOOK_ASSESSMENT,,AUTO_e48f7bf574f7beb4_ASSESS,18,,,True
8398,下列哪项不属于木工机械的安全防护措施？,非案例题:教材自动生成考核题被误标 question_type=case_study,no_question_text,TEXTBOOK_ASSESSMENT,,AUTO_c643ecb7f5ad351d_ASSESS,18,,,True
8399,在潮湿环境中使用电动工具，应选择哪种类型？,非案例题:教材自动生成考核题被误标 question_type=case_study,no_question_text,TEXTBOOK_ASSESSMENT,,AUTO_894a1993a5dbee3c_ASSESS,19,,,True
8400,某工地因设计缺陷导致结构裂缝，属于哪种类型的事故？,非案例题:教材自动生成考核题被误标 question_type=case_study,no_question_text,TEXTBOOK_ASSESSMENT,,AUTO_93ba9c9ba5b89b4d_ASSESS,23,,,True
8401,下列哪项不属于建筑安全事故的分类？,非案例题:教材自动生成考核题被误标 question_type=case_study,no_question_text,TEXTBOOK_ASSESSMENT,,AUTO_f211afd929a223e8_ASSESS,16,,,True
8402,建筑业最常见的五种事故不包括以下哪一项？,非案例题:教材自动生成考核题被误标 question_type=case_study,no_question_text,TEXTBOOK_ASSESSMENT,,AUTO_3e5bb6e1de196bf3_ASSESS,19,,,True
8403,造成15人死亡的事故属于哪一类？,非案例题:教材自动生成考核题被误标 question_type=case_study,no_question_text,TEXTBOOK_ASSESSMENT,,AUTO_6bbbd0cc07b1d309_ASSESS,15,,,True
8404,根据 GB 55034—2022，以下哪项不属于高处坠落事故的预防措施？,非案例题:教材自动生成考核题被误标 question_type=case_study,no_question_text,TEXTBOOK_ASSESSMENT,,AUTO_88045b079eaa2712_ASSESS,29,,,True
8405,关于临时支撑结构的使用，下列说法错误的是？,非案例题:教材自动生成考核题被误标 question_type=case_study,no_question_text,TEXTBOOK_ASSESSMENT,,AUTO_8b00a9d888043387_ASSESS,19,,,True
8406,下列哪项不属于项目管理信息系统中的子系统？A. 成本管理 B. 进度管理 C. 质量管理 D. 市场营销,非案例题:教材自动生成考核题被误标 question_type=case_study,no_question_text,TEXTBOOK_ASSESSMENT,,AUTO_673e4958eb51d9c9_ASSESS,36,,,True
8407,下列哪项不属于项目信息安全管理中的网络安全管理要求？,非案例题:教材自动生成考核题被误标 question_type=case_study,no_question_text,TEXTBOOK_ASSESSMENT,,AUTO_c95c16b08036e27c_ASSESS,25,,,True
8408,下列哪项不属于环境监管子系统的功能？,非案例题:教材自动生成考核题被误标 question_type=case_study,no_question_text,TEXTBOOK_ASSESSMENT,,AUTO_4af41d6d28ff5bfe_ASSESS,17,,,True
8409,下列关于基坑监测点布置的说法中，错误的是？,非案例题:教材自动生成考核题被误标 question_type=case_study,no_question_text,TEXTBOOK_ASSESSMENT,,AUTO_2d85b10c3d088e81_ASSESS,19,,,True
8410,某高度为320米的超高层建筑，在施工期间是否需要进行结构监测？请说明理由。,非案例题:教材自动生成考核题被误标 question_type=case_study,no_question_text,TEXTBOOK_ASSESSMENT,,AUTO_3e0fef77dab68751_ASSESS,34,,,True
8411,下列哪种情况的大跨空间结构必须在施工期间进行监测？,非案例题:教材自动生成考核题被误标 question_type=case_study,no_question_text,TEXTBOOK_ASSESSMENT,,AUTO_0c1bc274758655bf_ASSESS,24,,,True
8412,某基坑开挖深度为10m，周边有一栋6层住宅楼，如何布置竖向位移监测点？,非案例题:教材自动生成考核题被误标 question_type=case_study,no_question_text,TEXTBOOK_ASSESSMENT,,AUTO_ff9937d41e62c05e_ASSESS,31,,,True
8413,关于裂缝监测点布置，下列说法正确的是？,非案例题:教材自动生成考核题被误标 question_type=case_study,no_question_text,TEXTBOOK_ASSESSMENT,,AUTO_96de821c2480140f_ASSESS,17,,,True
8414,根据《建筑工程绿色施工规范》GB/T 50905—2014，关于绿色施工方案编制，以下哪项不属于必须包含的内容？,非案例题:教材自动生成考核题被误标 question_type=case_study,no_question_text,TEXTBOOK_ASSESSMENT,,AUTO_b66dbab445efeeb4_ASSESS,45,,,True
8415,在城区或人口密集地区施工混凝土预制桩和钢桩时，推荐采用哪种工艺？,非案例题:教材自动生成考核题被误标 question_type=case_study,no_question_text,TEXTBOOK_ASSESSMENT,,AUTO_d97797456281048f_ASSESS,30,,,True
8416,下列关于绿色施工中砌体结构的说法，正确的是？,非案例题:教材自动生成考核题被误标 question_type=case_study,no_question_text,TEXTBOOK_ASSESSMENT,,AUTO_42409aa6f5cf9fe2_ASSESS,20,,,True
8417,关于绿色施工的组织与管理，以下说法正确的是？,非案例题:教材自动生成考核题被误标 question_type=case_study,no_question_text,TEXTBOOK_ASSESSMENT,,AUTO_ad0be3ee5c7e9ef0_ASSESS,20,,,True
8418,下列哪项不属于节水与水资源利用的技术要点？,非案例题:教材自动生成考核题被误标 question_type=case_study,no_question_text,TEXTBOOK_ASSESSMENT,,AUTO_c47245c91ff5f127_ASSESS,20,,,True
8419,下列哪项不属于绿色施工创新技术？,非案例题:教材自动生成考核题被误标 question_type=case_study,no_question_text,TEXTBOOK_ASSESSMENT,,AUTO_997995855c59afc3_ASSESS,15,,,True
8420,下列关于施工现场卫生管理的说法中，错误的是？,非案例题:教材自动生成考核题被误标 question_type=case_study,no_question_text,TEXTBOOK_ASSESSMENT,,AUTO_c826eed9dbef6fc8_ASSESS,20,,,True
8421,下列哪项不属于维修电工应配备的劳动防护用品？,非案例题:教材自动生成考核题被误标 question_type=case_study,no_question_text,TEXTBOOK_ASSESSMENT,,AUTO_3b2d29126bcd503b_ASSESS,21,,,True
8422,下列关于电焊工劳动防护用品的说法中，正确的是？,非案例题:教材自动生成考核题被误标 question_type=case_study,no_question_text,TEXTBOOK_ASSESSMENT,,AUTO_26303a2cbb281eb4_ASSESS,21,,,True
8424,某工地存在施工区域与办公区未隔离、临时宿舍设在在建工程内等问题，请指出其违反了哪些文明施工要求？,非案例题:教材自动生成考核题被误标 question_type=case_study,no_question_text,TEXTBOOK_ASSESSMENT,,AUTO_4982dfec31dcfd05_ASSESS,45,,,True
8425,下列哪项不属于施工现场成品保护的措施？,非案例题:教材自动生成考核题被误标 question_type=case_study,no_question_text,TEXTBOOK_ASSESSMENT,,AUTO_d1d4f0f4e1277f73_ASSESS,18,,,True
8426,下列哪项属于一级动火作业？,非案例题:教材自动生成考核题被误标 question_type=case_study,no_question_text,TEXTBOOK_ASSESSMENT,,AUTO_0a52b835a5126978_ASSESS,12,,,True
8427,下列关于动火审批程序的说法正确的是？,非案例题:教材自动生成考核题被误标 question_type=case_study,no_question_text,TEXTBOOK_ASSESSMENT,,AUTO_99eb778b502753bb_ASSESS,17,,,True
8428,下列关于施工现场灭火器设置的说法中，正确的是？,非案例题:教材自动生成考核题被误标 question_type=case_study,no_question_text,TEXTBOOK_ASSESSMENT,,AUTO_d7c0d961690e7819_ASSESS,21,,,True
8429,下列关于仓库和堆料场防火要求的说法中，错误的是？,非案例题:教材自动生成考核题被误标 question_type=case_study,no_question_text,TEXTBOOK_ASSESSMENT,,AUTO_cf6bcec1eb7bd80d_ASSESS,22,,,True
8430,某工地焊工在未办理动火审批的情况下进行焊接作业，请分析其违反了哪些消防规定？,非案例题:教材自动生成考核题被误标 question_type=case_study,no_question_text,TEXTBOOK_ASSESSMENT,,AUTO_3129a6d2e13ea557_ASSESS,36,,,True
8431,关于油漆料库与调料间的设置，下列说法正确的是？,非案例题:教材自动生成考核题被误标 question_type=case_study,no_question_text,TEXTBOOK_ASSESSMENT,,AUTO_923f52d65320e520_ASSESS,21,,,True
8432,下列关于木工操作间消防要求的说法中，错误的是？,非案例题:教材自动生成考核题被误标 question_type=case_study,no_question_text,TEXTBOOK_ASSESSMENT,,AUTO_7cf16b84fd43263a_ASSESS,21,,,True
8433,下列哪一项不属于材料计划的分类？A. 材料需用计划 B. 加工订货计划 C. 采购计划 D. 进场验收计划,非案例题:教材自动生成考核题被误标 question_type=case_study,no_question_text,TEXTBOOK_ASSESSMENT,,AUTO_cea93a8f998bb38a_ASSESS,37,,,True
8434,关于现场材料验收与保管的说法，错误的是？,非案例题:教材自动生成考核题被误标 question_type=case_study,no_question_text,TEXTBOOK_ASSESSMENT,,AUTO_2a2fc283c06b0eb7_ASSESS,18,,,True
8435,下列关于材料ABC分类法的说法中，正确的是？,非案例题:教材自动生成考核题被误标 question_type=case_study,no_question_text,TEXTBOOK_ASSESSMENT,,AUTO_5a23ae2f43d25cd2_ASSESS,17,,,True
8436,关于见证取样和送检制度，下列说法错误的是？,非案例题:教材自动生成考核题被误标 question_type=case_study,no_question_text,TEXTBOOK_ASSESSMENT,,AUTO_87fc1154d793856f_ASSESS,19,,,True
8437,下列哪项不属于钢筋的复试内容？,非案例题:教材自动生成考核题被误标 question_type=case_study,no_question_text,TEXTBOOK_ASSESSMENT,,AUTO_7fbe2161acc4e0a8_ASSESS,14,,,True
8438,某项目采购瓷砖时发现不同批次有色差，应如何处理？,非案例题:教材自动生成考核题被误标 question_type=case_study,no_question_text,TEXTBOOK_ASSESSMENT,,AUTO_a4023f71aa727883_ASSESS,22,,,True
8439,关于材料进场验收的说法，错误的是？,非案例题:教材自动生成考核题被误标 question_type=case_study,no_question_text,TEXTBOOK_ASSESSMENT,,AUTO_836011e8cd5b1a6f_ASSESS,15,,,True
8440,某工程需挖土 10000m³，计划工期 50 天，每天两班制，挖掘机台班产量为 200m³，现场条件系数 0.8，利用率 0.9，求所需挖掘机数量？,非案例题:教材自动生成考核题被误标 question_type=case_study,no_question_text,TEXTBOOK_ASSESSMENT,,AUTO_571d625a86982e1b_ASSESS,55,,,True
8442,下列哪项不属于大型施工机械设备管理工作内容？,非案例题:教材自动生成考核题被误标 question_type=case_study,no_question_text,TEXTBOOK_ASSESSMENT,,AUTO_68838467ec01e392_ASSESS,21,,,True
8444,下列哪项不属于机械使用检查制度的内容？,非案例题:教材自动生成考核题被误标 question_type=case_study,no_question_text,TEXTBOOK_ASSESSMENT,,AUTO_b7a10479bdf8e506_ASSESS,18,,,True
8445,下列哪项不属于机械验收管理内容？,非案例题:教材自动生成考核题被误标 question_type=case_study,no_question_text,TEXTBOOK_ASSESSMENT,,AUTO_474abeeaaac32891_ASSESS,15,,,True
8446,某基坑长80m，宽60m，深5m，地下水位在地面下2m，应如何选择土方机械？,非案例题:教材自动生成考核题被误标 question_type=case_study,no_question_text,TEXTBOOK_ASSESSMENT,,AUTO_10e1dbc5a0d550f5_ASSESS,29,,,True
8447,下列关于塔式起重机分类的说法中，错误的是？,非案例题:教材自动生成考核题被误标 question_type=case_study,no_question_text,TEXTBOOK_ASSESSMENT,,AUTO_a66bd71988b5cacf_ASSESS,19,,,True
8448,下列关于建筑施工劳动用工特点的说法中，错误的是？,非案例题:教材自动生成考核题被误标 question_type=case_study,no_question_text,TEXTBOOK_ASSESSMENT,,AUTO_9dd13346f2463568_ASSESS,22,,,True
8450,下列属于劳动力配置计划编制方法的是？ A. 按设备计算定员 B. 按劳动定额定员 C. 按岗位计算定员 D. 按比例计算定员 E. 按劳动效率计算定员,非案例题:教材自动生成考核题被误标 question_type=case_study,no_question_text,TEXTBOOK_ASSESSMENT,,AUTO_15469d75e492cb6a_ASSESS,54,,,True
8451,劳务企业可以因工程款未到账而延迟支付工人工资。,非案例题:教材自动生成考核题被误标 question_type=case_study,no_question_text,TEXTBOOK_ASSESSMENT,,AUTO_83ebb548aff8d07c_ASSESS,22,,,True
8452,关于劳务用工管理，下列说法错误的是？,非案例题:教材自动生成考核题被误标 question_type=case_study,no_question_text,TEXTBOOK_ASSESSMENT,,AUTO_bcfd0e480e58983a_ASSESS,16,,,True
8453,请描述劳务分包管理的主要流程步骤。,非案例题:教材自动生成考核题被误标 question_type=case_study,no_question_text,TEXTBOOK_ASSESSMENT,,AUTO_0252c14c2b557fbd_ASSESS,16,,,True
8454,以下哪项不是劳务分包单位筛选的要点？,非案例题:教材自动生成考核题被误标 question_type=case_study,no_question_text,TEXTBOOK_ASSESSMENT,,AUTO_2a1b4a56f27e4255_ASSESS,17,,,True
8455,资格预审不包括以下哪项内容？,非案例题:教材自动生成考核题被误标 question_type=case_study,no_question_text,TEXTBOOK_ASSESSMENT,,AUTO_927c229747f78aa3_ASSESS,13,,,True
8456,实地考察不包括以下哪项？,非案例题:教材自动生成考核题被误标 question_type=case_study,no_question_text,TEXTBOOK_ASSESSMENT,,AUTO_11035a6e2e7cd8a2_ASSESS,11,,,True
8457,评定合格分包商时，以下哪项不是必要条件？,非案例题:教材自动生成考核题被误标 question_type=case_study,no_question_text,TEXTBOOK_ASSESSMENT,,AUTO_bbe9b5a6472a743f_ASSESS,18,,,True
8458,下列哪项不属于劳务分包单位进场前需向总承包单位报送的资料？,非案例题:教材自动生成考核题被误标 question_type=case_study,no_question_text,TEXTBOOK_ASSESSMENT,,AUTO_d4d6ad8975a1fb68_ASSESS,28,,,True
8459,关于施工现场劳务人员考勤管理的说法，错误的是？,非案例题:教材自动生成考核题被误标 question_type=case_study,no_question_text,TEXTBOOK_ASSESSMENT,,AUTO_9a617180fab598a3_ASSESS,21,,,True
8460,工作类型为虚工作 (Dummy Work)下，若duration为0.0time_unit，是否符合当前规则？,非案例题:讲义自动生成考核题被误标 question_type=case_study,no_question_text,LECTURE_NOTE_ASSESSMENT,2025,AUTO_f94a98f0063a4197_ASSESS,21,,,True
8461,单代号一般或双代号网络计划（非搭接）下，若is_max_duration为1.0，是否符合当前规则？,非案例题:讲义自动生成考核题被误标 question_type=case_study,no_question_text,LECTURE_NOTE_ASSESSMENT,2025,AUTO_0e86c3164fdd896b_ASSESS,29,,,True
8462,单代号网络计划判定关键线路下，若lag_value为0.0time_unit，是否符合当前规则？,非案例题:讲义自动生成考核题被误标 question_type=case_study,no_question_text,LECTURE_NOTE_ASSESSMENT,2025,AUTO_3d8fbdcc83107288_ASSESS,26,,,True
8463,检查网络图完整性时下，若start_node_count为1.0个，是否符合当前规则？,非案例题:讲义自动生成考核题被误标 question_type=case_study,no_question_text,LECTURE_NOTE_ASSESSMENT,2025,AUTO_cd36a48841f3eb93_ASSESS,23,,,True
8464,网络计划路径检测下，若has_loop为0.0，是否符合当前规则？,非案例题:讲义自动生成考核题被误标 question_type=case_study,no_question_text,LECTURE_NOTE_ASSESSMENT,2025,AUTO_b20b1a5a480a71d8_ASSESS,21,,,True
8465,"多个工作(如C,D)拥有完全相同的紧后工作(如E)下，若shared_finish_node为1.0，是否符合当前规则？",非案例题:讲义自动生成考核题被误标 question_type=case_study,no_question_text,LECTURE_NOTE_ASSESSMENT,2025,AUTO_2cc6cfffd58e9d82_ASSESS,30,,,True
8466,进度偏差大于自由时差下，若impact_on_successor为1.0，是否符合当前规则？,非案例题:讲义自动生成考核题被误标 question_type=case_study,no_question_text,LECTURE_NOTE_ASSESSMENT,2025,AUTO_abd650834267932f_ASSESS,23,,,True
8467,工作B实际进度拖后2周，且为关键工作下，若total_duration_impact为2.0周，是否符合当前规则？,非案例题:讲义自动生成考核题被误标 question_type=case_study,no_question_text,LECTURE_NOTE_ASSESSMENT,2025,AUTO_a2037dd3e8c8bc93_ASSESS,30,,,True
8468,判断施工过程是否列入进度计划下，若include_in_schedule为1.0，是否符合当前规则？,非案例题:讲义自动生成考核题被误标 question_type=case_study,no_question_text,LECTURE_NOTE_ASSESSMENT,2025,AUTO_664c10d7e3f2dfd7_ASSESS,27,,,True
8469,同一专业队在不同施工段作业 (Workload Principle)下，若workload_variance为0.0，是否符合当前规则？,非案例题:讲义自动生成考核题被误标 question_type=case_study,no_question_text,LECTURE_NOTE_ASSESSMENT,2025,AUTO_c4943addf257386b_ASSESS,26,,,True
8470,识别虚工作下，若duration为0.0time，是否符合当前规则？,非案例题:讲义自动生成考核题被误标 question_type=case_study,no_question_text,LECTURE_NOTE_ASSESSMENT,2025,AUTO_05340a6c864d6fd6_ASSESS,18,,,True
8471,收到评标结果异议下，若reply_deadline_days为4.0days，是否符合当前规则？,非案例题:讲义自动生成考核题被误标 question_type=case_study,no_question_text,LECTURE_NOTE_ASSESSMENT,2025,AUTO_211f3837d17b1593_ASSESS,21,,,True
8472,签订合同下，若signing_deadline_days为33.0days，是否符合当前规则？,非案例题:讲义自动生成考核题被误标 question_type=case_study,no_question_text,LECTURE_NOTE_ASSESSMENT,2025,AUTO_1afe222a10c7bd8a_ASSESS,18,,,True
8473,单项施工合同估算价超过400万元下，若construction_contract_estimate为360.0万元，是否符合当前规则？,非案例题:讲义自动生成考核题被误标 question_type=case_study,no_question_text,LECTURE_NOTE_ASSESSMENT,2025,AUTO_45d45e4c368e1c52_ASSESS,33,,,True
8474,设定投标保证金时下，若bid_bond_ratio为3.0%，是否符合当前规则？,非案例题:讲义自动生成考核题被误标 question_type=case_study,no_question_text,LECTURE_NOTE_ASSESSMENT,2025,AUTO_c2843864e75c00d8_ASSESS,21,,,True
8475,投标文件签字盖章不全（无法定代表人签字且无授权书）下，若signature_validity为1.0boolean，是否符合当前规则？,非案例题:讲义自动生成考核题被误标 question_type=case_study,no_question_text,LECTURE_NOTE_ASSESSMENT,2025,AUTO_5d01537ea7497740_ASSESS,36,,,True
8476,投标人参加两个联合体下，若bidder_participation_count为1.0times，是否符合当前规则？,非案例题:讲义自动生成考核题被误标 question_type=case_study,no_question_text,LECTURE_NOTE_ASSESSMENT,2025,AUTO_a80c6b045783b1e4_ASSESS,23,,,True
8477,计算评标委员会专家人数下，若expert_ratio为0.33335ratio，是否符合当前规则？,非案例题:讲义自动生成考核题被误标 question_type=case_study,no_question_text,LECTURE_NOTE_ASSESSMENT,2025,AUTO_441926ee4d021945_ASSESS,28,,,True
8478,联合体投标参与限制下，若consortium_participation_count为2.0count，是否符合当前规则？,非案例题:讲义自动生成考核题被误标 question_type=case_study,no_question_text,LECTURE_NOTE_ASSESSMENT,2025,AUTO_5c90a6c2b6fc9fcb_ASSESS,22,,,True
8479,发包人更换代表下，若notice_period为6.0day，是否符合当前规则？,非案例题:讲义自动生成考核题被误标 question_type=case_study,no_question_text,LECTURE_NOTE_ASSESSMENT,2025,AUTO_03bc7c3ea7636b52_ASSESS,20,,,True
8480,项目经理每月驻场时间下，若pm_onsite_time_ratio为72.0%，是否符合当前规则？,非案例题:讲义自动生成考核题被误标 question_type=case_study,no_question_text,LECTURE_NOTE_ASSESSMENT,2025,AUTO_cee7698e193782df_ASSESS,24,,,True
8481,材料进场通知时间下，若notice_hours为21.6hours，是否符合当前规则？,非案例题:讲义自动生成考核题被误标 question_type=case_study,no_question_text,LECTURE_NOTE_ASSESSMENT,2025,AUTO_409c3a7e2ba60570_ASSESS,22,,,True
8482,发起索赔下，若is_factual为1.0，是否符合当前规则？,非案例题:讲义自动生成考核题被误标 question_type=case_study,no_question_text,LECTURE_NOTE_ASSESSMENT,2025,AUTO_890027929d025e00_ASSESS,17,,,True
8483,主体结构分包判断下，若is_illegal为1.0，是否符合当前规则？,非案例题:讲义自动生成考核题被误标 question_type=case_study,no_question_text,LECTURE_NOTE_ASSESSMENT,2025,AUTO_72983eb39a8c4937_ASSESS,21,,,True
8484,主要管理人员(项目经理/技术/质量/安全负责人)未派驻或劳动关系不符下，若uncontracted_key_personnel为0.5人，是否符合当前规则？,非案例题:讲义自动生成考核题被误标 question_type=case_study,no_question_text,LECTURE_NOTE_ASSESSMENT,2025,AUTO_8094292617520efa_ASSESS,43,,,True
8485,甲供材料进场通知要求下，若notification_time为21.6h，是否符合当前规则？,非案例题:讲义自动生成考核题被误标 question_type=case_study,no_question_text,LECTURE_NOTE_ASSESSMENT,2025,AUTO_5f27c39d253715eb_ASSESS,24,,,True
8486,事件属于常规季节性天气（如雨季排水）且未达到不可抗力标准下，若claim_validity为0.0，是否符合当前规则？,非案例题:讲义自动生成考核题被误标 question_type=case_study,no_question_text,LECTURE_NOTE_ASSESSMENT,2025,AUTO_99ef101016f9ac1a_ASSESS,39,,,True
8487,合同中约定了有效的仲裁条款下，若litigation_allowed为0.0，是否符合当前规则？,非案例题:讲义自动生成考核题被误标 question_type=case_study,no_question_text,LECTURE_NOTE_ASSESSMENT,2025,AUTO_14e52406474afbe7_ASSESS,26,,,True
8488,季节性降雨导致停工下，若time_claim为0.0bool，是否符合当前规则？,非案例题:讲义自动生成考核题被误标 question_type=case_study,no_question_text,LECTURE_NOTE_ASSESSMENT,2025,AUTO_4b427965ef0d373c_ASSESS,22,,,True
8489,使用国有资金投资项目判定下，若state_fund_amount为180.0万元，是否符合当前规则？,非案例题:讲义自动生成考核题被误标 question_type=case_study,no_question_text,LECTURE_NOTE_ASSESSMENT,2025,AUTO_2ccb9a1a99e8b9e8_ASSESS,29,,,True
8490,资格预审文件/招标文件发售下，若sale_duration为4.0day，是否符合当前规则？,非案例题:讲义自动生成考核题被误标 question_type=case_study,no_question_text,LECTURE_NOTE_ASSESSMENT,2025,AUTO_a726ead47a5377cb_ASSESS,25,,,True
8491,施工招标保证金设置下，若bid_security_ratio为1.02ratio，是否符合当前规则？,非案例题:讲义自动生成考核题被误标 question_type=case_study,no_question_text,LECTURE_NOTE_ASSESSMENT,2025,AUTO_f69b4714fd81ad24_ASSESS,23,,,True
8492,投标截止日前撤回投标文件下，若refund_period为6.0days，是否符合当前规则？,非案例题:讲义自动生成考核题被误标 question_type=case_study,no_question_text,LECTURE_NOTE_ASSESSMENT,2025,AUTO_d86b943fade885c7_ASSESS,25,,,True
8493,投标人是项目的代建、PM、监理、造价或代理单位下，若bid_eligibility为0.0，是否符合当前规则？,非案例题:讲义自动生成考核题被误标 question_type=case_study,no_question_text,LECTURE_NOTE_ASSESSMENT,2025,AUTO_bed59fddf3f8f637_ASSESS,31,,,True
8494,投标人数量不足下，若bidder_count为4.0个，是否符合当前规则？,非案例题:讲义自动生成考核题被误标 question_type=case_study,no_question_text,LECTURE_NOTE_ASSESSMENT,2025,AUTO_6f1644dac51fd07e_ASSESS,21,,,True
8495,同一投标人提交多份报价且未被允许下，若bid_count为1.0个，是否符合当前规则？,非案例题:讲义自动生成考核题被误标 question_type=case_study,no_question_text,LECTURE_NOTE_ASSESSMENT,2025,AUTO_1441c39485d791ba_ASSESS,30,,,True
8496,计算检验试验费时，遇到新结构、新材料或破坏性试验下，若is_included_in_management_fee为0.0，是否符合当前规则？,非案例题:讲义自动生成考核题被误标 question_type=case_study,no_question_text,LECTURE_NOTE_ASSESSMENT,2025,AUTO_56b4e46afc043cd2_ASSESS,35,,,True
8497,涉及安全文明施工费、规费、税金下，若is_competitive为0.0，是否符合当前规则？,非案例题:讲义自动生成考核题被误标 question_type=case_study,no_question_text,LECTURE_NOTE_ASSESSMENT,2025,AUTO_d49ab88695447b59_ASSESS,26,,,True
8498,编制投标报价时下，若safety_expense_reduction为0.0，是否符合当前规则？,非案例题:讲义自动生成考核题被误标 question_type=case_study,no_question_text,LECTURE_NOTE_ASSESSMENT,2025,AUTO_3569a302be35743f_ASSESS,20,,,True
8499,计算增值税下，若tax_rate为9.0%，是否符合当前规则？,非案例题:讲义自动生成考核题被误标 question_type=case_study,no_question_text,LECTURE_NOTE_ASSESSMENT,2025,AUTO_6b7fbad76e2022b6_ASSESS,18,,,True
8500,规模较小且工期在一年以内且技术简单下，若duration为2.0year，是否符合当前规则？,非案例题:讲义自动生成考核题被误标 question_type=case_study,no_question_text,LECTURE_NOTE_ASSESSMENT,2025,AUTO_6832da3c6c4f4614_ASSESS,30,,,True
8501,工程变更导致工程量偏差超过15%下，若quantity_variance为0.075ratio，是否符合当前规则？,非案例题:讲义自动生成考核题被误标 question_type=case_study,no_question_text,LECTURE_NOTE_ASSESSMENT,2025,AUTO_06d8b798c3cb36be_ASSESS,30,,,True
8502,预付款支付时间下，若days_before_start为6.0day，是否符合当前规则？,非案例题:讲义自动生成考核题被误标 question_type=case_study,no_question_text,LECTURE_NOTE_ASSESSMENT,2025,AUTO_9cb7e0e65d928fff_ASSESS,20,,,True
8503,确定现行价格指数Ft下，若days_offset为42.0day，是否符合当前规则？,非案例题:讲义自动生成考核题被误标 question_type=case_study,no_question_text,LECTURE_NOTE_ASSESSMENT,2025,AUTO_f4061aad49dd517e_ASSESS,22,,,True
8504,费用偏差(CV)大于0下，若CV为0，是否符合当前规则？,非案例题:讲义自动生成考核题被误标 question_type=case_study,no_question_text,LECTURE_NOTE_ASSESSMENT,2025,AUTO_a627cf1019cae07f_ASSESS,19,,,True
8505,计算年度储存费下，若divisor为2.0，是否符合当前规则？,非案例题:讲义自动生成考核题被误标 question_type=case_study,no_question_text,LECTURE_NOTE_ASSESSMENT,2025,AUTO_84f30e47738272f2_ASSESS,20,,,True
8506,累计资金占比在0~75%之间下，若cumulative_ratio为82.5%，是否符合当前规则？,非案例题:讲义自动生成考核题被误标 question_type=case_study,no_question_text,LECTURE_NOTE_ASSESSMENT,2025,AUTO_ce02db1d4ad45c01_ASSESS,26,,,True
8507,投标人填写工程量清单时下，若modify_BoQ_content为0.0，是否符合当前规则？,非案例题:讲义自动生成考核题被误标 question_type=case_study,no_question_text,LECTURE_NOTE_ASSESSMENT,2025,AUTO_de658a5f7af384ad_ASSESS,24,,,True
8508,计算计价风险范围下，若law_change_risk为0.0，是否符合当前规则？,非案例题:讲义自动生成考核题被误标 question_type=case_study,no_question_text,LECTURE_NOTE_ASSESSMENT,2025,AUTO_57fef8abf22bb92b_ASSESS,21,,,True
8509,进行工程量清单计价时下，若is_mandatory为1.0，是否符合当前规则？,非案例题:讲义自动生成考核题被误标 question_type=case_study,no_question_text,LECTURE_NOTE_ASSESSMENT,2025,AUTO_4f90eb3102cce0b6_ASSESS,23,,,True
8510,属于土方、支护或地基处理工程下，若is_entity_item为1.0，是否符合当前规则？,非案例题:讲义自动生成考核题被误标 question_type=case_study,no_question_text,LECTURE_NOTE_ASSESSMENT,2025,AUTO_3f86ea2d02523383_ASSESS,26,,,True
8511,计算人工窝工补偿下，若idle_ratio为0.6，是否符合当前规则？,非案例题:讲义自动生成考核题被误标 question_type=case_study,no_question_text,LECTURE_NOTE_ASSESSMENT,2025,AUTO_937e1b64cafe2957_ASSESS,21,,,True
8512,采用单一土钉墙进行基坑支护下，若excavation_depth为13.2m，是否符合当前规则？,非案例题:讲义自动生成考核题被误标 question_type=case_study,no_question_text,LECTURE_NOTE_ASSESSMENT,2025,AUTO_d6d517f96027623d_ASSESS,27,,,True
8513,采用钢管土钉下，若pipe_outer_diameter为43.2mm，是否符合当前规则？,非案例题:讲义自动生成考核题被误标 question_type=case_study,no_question_text,LECTURE_NOTE_ASSESSMENT,2025,AUTO_74e7f1d0c3c0d33e_ASSESS,20,,,True
8514,土钉墙面层钢筋网搭接下，若overlap_length为270.0mm，是否符合当前规则？,非案例题:讲义自动生成考核题被误标 question_type=case_study,no_question_text,LECTURE_NOTE_ASSESSMENT,2025,AUTO_602d678569ef807e_ASSESS,25,,,True
8515,采用水泥土桩复合土钉墙下，若pile_insertion_depth_ratio为1.0diameter，是否符合当前规则？,非案例题:讲义自动生成考核题被误标 question_type=case_study,no_question_text,LECTURE_NOTE_ASSESSMENT,2025,AUTO_ea9fb0eea0ad8361_ASSESS,24,,,True
8516,土钉墙基坑开挖分层分段长度下，若segment_length为33.0m，是否符合当前规则？,非案例题:讲义自动生成考核题被误标 question_type=case_study,no_question_text,LECTURE_NOTE_ASSESSMENT,2025,AUTO_91f07766cba99a1e_ASSESS,27,,,True
8517,进行喷射混凝土作业下，若aggregate_size为16.5mm，是否符合当前规则？,非案例题:讲义自动生成考核题被误标 question_type=case_study,no_question_text,LECTURE_NOTE_ASSESSMENT,2025,AUTO_ff00ca0e767d8ef9_ASSESS,23,,,True
8518,土钉墙施工后质量验收下，若pullout_test_ratio为0.005，是否符合当前规则？,非案例题:讲义自动生成考核题被误标 question_type=case_study,no_question_text,LECTURE_NOTE_ASSESSMENT,2025,AUTO_45cf7dbc1edd6072_ASSESS,25,,,True
8519,地下连续墙混凝土配比设计下，若cementitious_material为360.0kg/m³，是否符合当前规则？,非案例题:讲义自动生成考核题被误标 question_type=case_study,no_question_text,LECTURE_NOTE_ASSESSMENT,2025,AUTO_99b9a0e1cd0def3b_ASSESS,27,,,True
8520,导墙几何尺寸设计下，若厚度为180.0mm，是否符合当前规则？,非案例题:讲义自动生成考核题被误标 question_type=case_study,no_question_text,LECTURE_NOTE_ASSESSMENT,2025,AUTO_6c483a20ea3d76cf_ASSESS,25,,,True
8521,确定单元槽段长度时下，若segment_length为3.0m，是否符合当前规则？,非案例题:讲义自动生成考核题被误标 question_type=case_study,no_question_text,LECTURE_NOTE_ASSESSMENT,2025,AUTO_f19be1a70962e8b2_ASSESS,22,,,True
8522,钢筋笼就位后进行混凝土浇筑下，若time_interval为5.0h，是否符合当前规则？,非案例题:讲义自动生成考核题被误标 question_type=case_study,no_question_text,LECTURE_NOTE_ASSESSMENT,2025,AUTO_6e02fb5ef272474b_ASSESS,26,,,True
8523,单幅槽段注浆管配置下，若grouting_pipe_count为1.0根，是否符合当前规则？,非案例题:讲义自动生成考核题被误标 question_type=case_study,no_question_text,LECTURE_NOTE_ASSESSMENT,2025,AUTO_cc0f8bc0f9dd9027_ASSESS,23,,,True
8524,进行排桩构造设计时下，若pile_diameter为540.0mm，是否符合当前规则？,非案例题:讲义自动生成考核题被误标 question_type=case_study,no_question_text,LECTURE_NOTE_ASSESSMENT,2025,AUTO_16b75c1118ae87eb_ASSESS,24,,,True
8525,判断是否可免除桩间土防护下，若protection_required为0.0，是否符合当前规则？,非案例题:讲义自动生成考核题被误标 question_type=case_study,no_question_text,LECTURE_NOTE_ASSESSMENT,2025,AUTO_07f1f8d16429b975_ASSESS,25,,,True
8526,判断邻桩施工条件下，若interval_time为32.4h，是否符合当前规则？,非案例题:讲义自动生成考核题被误标 question_type=case_study,no_question_text,LECTURE_NOTE_ASSESSMENT,2025,AUTO_9cfdc043a5502161_ASSESS,22,,,True
8527,截水帷幕与灌注桩排桩间的净距下，若distance_curtain_pile为220.0mm，是否符合当前规则？,非案例题:讲义自动生成考核题被误标 question_type=case_study,no_question_text,LECTURE_NOTE_ASSESSMENT,2025,AUTO_459c2b548ec6790b_ASSESS,29,,,True
8528,采用软切割工艺施工咬合桩下，若pile_sequence_I_setting_time为54.0h，是否符合当前规则？,非案例题:讲义自动生成考核题被误标 question_type=case_study,no_question_text,LECTURE_NOTE_ASSESSMENT,2025,AUTO_c33dca7aee1fea8b_ASSESS,26,,,True
8529,井点管构造设计下，若seepage_hole_dia_min为10.8mm，是否符合当前规则？,非案例题:讲义自动生成考核题被误标 question_type=case_study,no_question_text,LECTURE_NOTE_ASSESSMENT,2025,AUTO_76afea38160934f1_ASSESS,21,,,True
8530,采用单级真空(轻型)井点降水下，若dewatering_depth为7.0m，是否符合当前规则？,非案例题:讲义自动生成考核题被误标 question_type=case_study,no_question_text,LECTURE_NOTE_ASSESSMENT,2025,AUTO_d879f525e6747491_ASSESS,25,,,True
8531,配置喷射井点机组与总管下，若wells_per_unit为33.0count，是否符合当前规则？,非案例题:讲义自动生成考核题被误标 question_type=case_study,no_question_text,LECTURE_NOTE_ASSESSMENT,2025,AUTO_0bf0bfba9fe313e1_ASSESS,25,,,True
8532,管井滤管外径选择下，若filter_pipe_outer_diameter为180.0mm，是否符合当前规则？,非案例题:讲义自动生成考核题被误标 question_type=case_study,no_question_text,LECTURE_NOTE_ASSESSMENT,2025,AUTO_e7150a52d9431df9_ASSESS,23,,,True
8533,进行深基坑土方开挖前下，若special_plan为1.0，是否符合当前规则？,非案例题:讲义自动生成考核题被误标 question_type=case_study,no_question_text,LECTURE_NOTE_ASSESSMENT,2025,AUTO_612af9dc61af4656_ASSESS,23,,,True
8534,人工配合挖掘作业下，若worker_distance为1.5m，是否符合当前规则？,非案例题:讲义自动生成考核题被误标 question_type=case_study,no_question_text,LECTURE_NOTE_ASSESSMENT,2025,AUTO_88f62cdc21f05076_ASSESS,21,,,True
8535,使用人工打夯下，若layer_thickness为220.0mm，是否符合当前规则？,非案例题:讲义自动生成考核题被误标 question_type=case_study,no_question_text,LECTURE_NOTE_ASSESSMENT,2025,AUTO_0d181532ca31ca2e_ASSESS,21,,,True
8536,选择回填土料下，若percentage为4.0%，是否符合当前规则？,非案例题:讲义自动生成考核题被误标 question_type=case_study,no_question_text,LECTURE_NOTE_ASSESSMENT,2025,AUTO_8999321e3f543df7_ASSESS,19,,,True
8537,换填地基上下两层接缝下，若joint_stagger_distance为450.0mm，是否符合当前规则？,非案例题:讲义自动生成考核题被误标 question_type=case_study,no_question_text,LECTURE_NOTE_ASSESSMENT,2025,AUTO_890cadcedea431bd_ASSESS,25,,,True
8538,选用素土或灰土土料下，若soil_particle_size为16.5mm，是否符合当前规则？,非案例题:讲义自动生成考核题被误标 question_type=case_study,no_question_text,LECTURE_NOTE_ASSESSMENT,2025,AUTO_b642bfc0ec3729ff_ASSESS,23,,,True
8539,使用粉细砂或石粉作为填料下，若gravel_content为0.15percent，是否符合当前规则？,非案例题:讲义自动生成考核题被误标 question_type=case_study,no_question_text,LECTURE_NOTE_ASSESSMENT,2025,AUTO_e24e6f29545f0c47_ASSESS,26,,,True
8540,预制桩进行起吊作业下，若混凝土强度为63.0%，是否符合当前规则？,非案例题:讲义自动生成考核题被误标 question_type=case_study,no_question_text,LECTURE_NOTE_ASSESSMENT,2025,AUTO_ad87a3d8f499e00d_ASSESS,28,,,True
8541,进行预制桩接桩施工时下，若joint_height_above_ground为0.25m，是否符合当前规则？,非案例题:讲义自动生成考核题被误标 question_type=case_study,no_question_text,LECTURE_NOTE_ASSESSMENT,2025,AUTO_50343a972dc960ba_ASSESS,24,,,True
8542,在密集群桩区进行静压桩施工下，若continuous_operation_limit为24.0h，是否符合当前规则？,非案例题:讲义自动生成考核题被误标 question_type=case_study,no_question_text,LECTURE_NOTE_ASSESSMENT,2025,AUTO_c66cc7bf2f4bb161_ASSESS,27,,,True
8543,正式施工前下，若test_pile_count为1.0根，是否符合当前规则？,非案例题:讲义自动生成考核题被误标 question_type=case_study,no_question_text,LECTURE_NOTE_ASSESSMENT,2025,AUTO_4de28eaab34f9cc8_ASSESS,19,,,True
8544,端承桩下，若sediment_thickness为55.0mm，是否符合当前规则？,非案例题:讲义自动生成考核题被误标 question_type=case_study,no_question_text,LECTURE_NOTE_ASSESSMENT,2025,AUTO_869e87f57eae5c6a_ASSESS,17,,,True
8545,钢筋笼就位后浇筑混凝土下，若waiting_time为5.0h，是否符合当前规则？,非案例题:讲义自动生成考核题被误标 question_type=case_study,no_question_text,LECTURE_NOTE_ASSESSMENT,2025,AUTO_ca7425008296caa1_ASSESS,24,,,True
8546,进行水下混凝土灌注时下，若slump为162.0mm，是否符合当前规则？,非案例题:讲义自动生成考核题被误标 question_type=case_study,no_question_text,LECTURE_NOTE_ASSESSMENT,2025,AUTO_713542d25fbb15ea_ASSESS,25,,,True
8547,拔管过程中下，若concrete_head_height为0.5m，是否符合当前规则？,非案例题:讲义自动生成考核题被误标 question_type=case_study,no_question_text,LECTURE_NOTE_ASSESSMENT,2025,AUTO_22f266e671cfa927_ASSESS,18,,,True
8548,桩净距小于2.5m下，若pile_clear_distance为3.5m，是否符合当前规则？,非案例题:讲义自动生成考核题被误标 question_type=case_study,no_question_text,LECTURE_NOTE_ASSESSMENT,2025,AUTO_a2cc04859ced2554_ASSESS,20,,,True
8549,砂土地基进行承载力检测下，若rest_period为6.0d，是否符合当前规则？,非案例题:讲义自动生成考核题被误标 question_type=case_study,no_question_text,LECTURE_NOTE_ASSESSMENT,2025,AUTO_8e7b98a7311c876f_ASSESS,24,,,True
8550,地基承载力检测抽样（常规情况）下，若sample_rate为0.5%，是否符合当前规则？,非案例题:讲义自动生成考核题被误标 question_type=case_study,no_question_text,LECTURE_NOTE_ASSESSMENT,2025,AUTO_372c506f2f0386d7_ASSESS,26,,,True
8551,采用静载试验检测下，若test_count为2.0roots，是否符合当前规则？,非案例题:讲义自动生成考核题被误标 question_type=case_study,no_question_text,LECTURE_NOTE_ASSESSMENT,2025,AUTO_52ee7a6adb34fe57_ASSESS,21,,,True
8552,验槽时基底保护层状态下，若protection_layer_thickness为110.0mm，是否符合当前规则？,非案例题:讲义自动生成考核题被误标 question_type=case_study,no_question_text,LECTURE_NOTE_ASSESSMENT,2025,AUTO_cf238267954e8bd6_ASSESS,25,,,True
8553,沉降或位移观测基准点等级为特等或一等下，若benchmark_count为3.0个，是否符合当前规则？,非案例题:讲义自动生成考核题被误标 question_type=case_study,no_question_text,LECTURE_NOTE_ASSESSMENT,2025,AUTO_d37a1f5ae3752cfe_ASSESS,32,,,True
8554,相邻地基在基坑降水或土方开挖期间下，若frequency_days为1.0天，是否符合当前规则？,非案例题:讲义自动生成考核题被误标 question_type=case_study,no_question_text,LECTURE_NOTE_ASSESSMENT,2025,AUTO_302a7c663ac69d97_ASSESS,30,,,True
8555,基坑开挖深度小于5m下，若excavation_depth为6.0m，是否符合当前规则？,非案例题:讲义自动生成考核题被误标 question_type=case_study,no_question_text,LECTURE_NOTE_ASSESSMENT,2025,AUTO_017126431e7d0b07_ASSESS,22,,,True
8556,楼梯一侧临空下，若stair_net_width为0.375m，是否符合当前规则？,非案例题:讲义自动生成考核题被误标 question_type=case_study,no_question_text,LECTURE_NOTE_ASSESSMENT,2025,AUTO_54ea53455c704005_ASSESS,21,,,True
8557,公共楼梯设计下，若people_flow_count为1.0股，是否符合当前规则？,非案例题:讲义自动生成考核题被误标 question_type=case_study,no_question_text,LECTURE_NOTE_ASSESSMENT,2025,AUTO_5b5cf1c48747d922_ASSESS,20,,,True
8558,高层公建或高层非住宅居住建筑下，若elevator_count为1.0台，是否符合当前规则？,非案例题:讲义自动生成考核题被误标 question_type=case_study,no_question_text,LECTURE_NOTE_ASSESSMENT,2025,AUTO_017228ea99ce7ac4_ASSESS,28,,,True
8559,常开防火门发生火灾时下，若auto_close为1.0，是否符合当前规则？,非案例题:讲义自动生成考核题被误标 question_type=case_study,no_question_text,LECTURE_NOTE_ASSESSMENT,2025,AUTO_bdc370dc8d3bdb53_ASSESS,23,,,True
8560,水性涂料施工环境温度下，若温度为4.0°C，是否符合当前规则？,非案例题:讲义自动生成考核题被误标 question_type=case_study,no_question_text,LECTURE_NOTE_ASSESSMENT,2025,AUTO_cf06c8aff3c4a7b1_ASSESS,25,,,True
8561,裱糊工程混凝土/抹灰基层下，若base_moisture为9.0%，是否符合当前规则？,非案例题:讲义自动生成考核题被误标 question_type=case_study,no_question_text,LECTURE_NOTE_ASSESSMENT,2025,AUTO_c09329dff9145bc1_ASSESS,24,,,True
8562,饰面砖接缝尺寸下，若joint_width为4.0mm，是否符合当前规则？,非案例题:讲义自动生成考核题被误标 question_type=case_study,no_question_text,LECTURE_NOTE_ASSESSMENT,2025,AUTO_eabe64ef19434f07_ASSESS,20,,,True
8563,结构部件进行安全等级划分时下，若safety_level为2.0Level，是否符合当前规则？,非案例题:讲义自动生成考核题被误标 question_type=case_study,no_question_text,LECTURE_NOTE_ASSESSMENT,2025,AUTO_34c7571f724bce1b_ASSESS,26,,,True
8564,裂缝控制等级为一级下，若tensile_stress为0.0MPa，是否符合当前规则？,非案例题:讲义自动生成考核题被误标 question_type=case_study,no_question_text,LECTURE_NOTE_ASSESSMENT,2025,AUTO_6ced5037fe09030d_ASSESS,22,,,True
8565,普通房屋建筑下，若design_life为50.0year，是否符合当前规则？,非案例题:讲义自动生成考核题被误标 question_type=case_study,no_question_text,LECTURE_NOTE_ASSESSMENT,2025,AUTO_4fd7899f45b96a1a_ASSESS,20,,,True
8566,大截面墩柱且加大保护层厚度下，若strength_reduction_grade为3.0grade，是否符合当前规则？,非案例题:讲义自动生成考核题被误标 question_type=case_study,no_question_text,LECTURE_NOTE_ASSESSMENT,2025,AUTO_a44e6eb8730123d2_ASSESS,26,,,True
8567,框剪结构设计下，若建筑高度为187.0m，是否符合当前规则？,非案例题:讲义自动生成考核题被误标 question_type=case_study,no_question_text,LECTURE_NOTE_ASSESSMENT,2025,AUTO_566b78b1e8f8b706_ASSESS,25,,,True
8568,采用拱式结构时下，若has_thrust为1.0，是否符合当前规则？,非案例题:讲义自动生成考核题被误标 question_type=case_study,no_question_text,LECTURE_NOTE_ASSESSMENT,2025,AUTO_6450dbd7f937a454_ASSESS,20,,,True
8569,采用混合结构（砖混结构）下，若stories为7.0层，是否符合当前规则？,非案例题:讲义自动生成考核题被误标 question_type=case_study,no_question_text,LECTURE_NOTE_ASSESSMENT,2025,AUTO_d184f24007b89dae_ASSESS,24,,,True
8570,采用框架-剪力墙结构体系下，若建筑高度为187.0m，是否符合当前规则？,非案例题:讲义自动生成考核题被误标 question_type=case_study,no_question_text,LECTURE_NOTE_ASSESSMENT,2025,AUTO_131300285bfac80e_ASSESS,30,,,True
8571,抗震烈度为9度的高层建筑下，若has_transfer_story为0.0，是否符合当前规则？,非案例题:讲义自动生成考核题被误标 question_type=case_study,no_question_text,LECTURE_NOTE_ASSESSMENT,2025,AUTO_cf1b2c336d7ec095_ASSESS,25,,,True
8572,受拉钢筋锚固下，若anchorage_length为180.0mm，是否符合当前规则？,非案例题:讲义自动生成考核题被误标 question_type=case_study,no_question_text,LECTURE_NOTE_ASSESSMENT,2025,AUTO_44e344c7fc5f5a91_ASSESS,21,,,True
8573,夹心墙外叶墙下，若material_strength为9.0MU，是否符合当前规则？,非案例题:讲义自动生成考核题被误标 question_type=case_study,no_question_text,LECTURE_NOTE_ASSESSMENT,2025,AUTO_3c79e05035805dcd_ASSESS,19,,,True
8574,预制砼板端板带浇筑下，若混凝土强度为22.5MPa，是否符合当前规则？,非案例题:讲义自动生成考核题被误标 question_type=case_study,no_question_text,LECTURE_NOTE_ASSESSMENT,2025,AUTO_71a328239f397aa1_ASSESS,28,,,True
8575,现浇钢筋混凝土楼板或屋面板伸进纵、横墙内下，若bearing_length为108.0mm，是否符合当前规则？,非案例题:讲义自动生成考核题被误标 question_type=case_study,no_question_text,LECTURE_NOTE_ASSESSMENT,2025,AUTO_a4213eb56875fec3_ASSESS,34,,,True
8576,大梁跨度大于6m下，若beam_span为5.0m，是否符合当前规则？,非案例题:讲义自动生成考核题被误标 question_type=case_study,no_question_text,LECTURE_NOTE_ASSESSMENT,2025,AUTO_6fdfc9eecd23cda5_ASSESS,20,,,True
8578,设置地震反应观测系统下，若高度为144.0m，是否符合当前规则？,非案例题:讲义自动生成考核题被误标 question_type=case_study,no_question_text,LECTURE_NOTE_ASSESSMENT,2025,AUTO_3856f3d15b4839f4_ASSESS,27,,,True
8579,特殊设防或重点设防类建筑的隔震支座出厂检验下，若sampling_rate为1.0，是否符合当前规则？,非案例题:讲义自动生成考核题被误标 question_type=case_study,no_question_text,LECTURE_NOTE_ASSESSMENT,2025,AUTO_735b328ee939fb23_ASSESS,34,,,True
8580,剪力墙洞口布置下，若wall_limb_width为180.0mm，是否符合当前规则？,非案例题:讲义自动生成考核题被误标 question_type=case_study,no_question_text,LECTURE_NOTE_ASSESSMENT,2025,AUTO_cca58f06765bf1ef_ASSESS,22,,,True
8581,钢材含碳量超过0.3%下，若含碳量为0.15%，是否符合当前规则？,非案例题:讲义自动生成考核题被误标 question_type=case_study,no_question_text,LECTURE_NOTE_ASSESSMENT,2025,AUTO_bf6a3782f2ca6262_ASSESS,26,,,True
8582,碳素钢含碳量小于0.25%下，若含碳量为1.25%，是否符合当前规则？,非案例题:讲义自动生成考核题被误标 question_type=case_study,no_question_text,LECTURE_NOTE_ASSESSMENT,2025,AUTO_fa9ac2cd8680ea12_ASSESS,28,,,True
8583,选用HPB300钢筋下，若yield_strength为270.0MPa，是否符合当前规则？,非案例题:讲义自动生成考核题被误标 question_type=case_study,no_question_text,LECTURE_NOTE_ASSESSMENT,2025,AUTO_38c6349de94a6320_ASSESS,22,,,True
8584,第一章工程设计考核题型分布下，若case_study_score为0.0points，是否符合当前规则？,非案例题:讲义自动生成考核题被误标 question_type=case_study,no_question_text,LECTURE_NOTE_ASSESSMENT,2025,AUTO_4b5d4c440ae8493a_ASSESS,26,,,True
8585,钢板厚度大于4mm下，若steel_plate_thickness为3.0mm，是否符合当前规则？,非案例题:讲义自动生成考核题被误标 question_type=case_study,no_question_text,LECTURE_NOTE_ASSESSMENT,2025,AUTO_02a15da3694e084b_ASSESS,20,,,True
8586,钢材为预应力筋（硬钢），无明显屈服点下，若residual_deformation为0.002strain，是否符合当前规则？,非案例题:讲义自动生成考核题被误标 question_type=case_study,no_question_text,LECTURE_NOTE_ASSESSMENT,2025,AUTO_2dba8623acc9db1e_ASSESS,30,,,True
8587,钢筋原材料，同厂家/规格/牌号/连续进场下，若batch_size为60.0t，是否符合当前规则？,非案例题:讲义自动生成考核题被误标 question_type=case_study,no_question_text,LECTURE_NOTE_ASSESSMENT,2025,AUTO_564748c0b59b3e13_ASSESS,30,,,True
8588,抗震钢筋(带E)下，若yield_ratio为0.25，是否符合当前规则？,非案例题:讲义自动生成考核题被误标 question_type=case_study,no_question_text,LECTURE_NOTE_ASSESSMENT,2025,AUTO_45de48464d63df74_ASSESS,19,,,True
8589,六大常用水泥初凝时间下，若initial_setting_time为40.5min，是否符合当前规则？,非案例题:讲义自动生成考核题被误标 question_type=case_study,no_question_text,LECTURE_NOTE_ASSESSMENT,2025,AUTO_eb18321ecbc0058e_ASSESS,24,,,True
8590,袋装水泥进场取样下，若batch_weight为220.0t，是否符合当前规则？,非案例题:讲义自动生成考核题被误标 question_type=case_study,no_question_text,LECTURE_NOTE_ASSESSMENT,2025,AUTO_86a5d003ac02b6bf_ASSESS,23,,,True
8591,住宅建筑，高度小于等于27m下，若建筑高度为29.7m，是否符合当前规则？,非案例题:讲义自动生成考核题被误标 question_type=case_study,no_question_text,LECTURE_NOTE_ASSESSMENT,2025,AUTO_79abd0c77b975f26_ASSESS,30,,,True
8592,混凝土抗冻等级达到F50及以上下，若frost_resistance_grade为45.0，是否符合当前规则？,非案例题:讲义自动生成考核题被误标 question_type=case_study,no_question_text,LECTURE_NOTE_ASSESSMENT,2025,AUTO_23cb0325ecad3c2a_ASSESS,28,,,True
8593,一般混凝土水泥强度选择下，若cement_strength_factor_min为0.5，是否符合当前规则？,非案例题:讲义自动生成考核题被误标 question_type=case_study,no_question_text,LECTURE_NOTE_ASSESSMENT,2025,AUTO_fd5756b9e2d041ed_ASSESS,24,,,True
8594,判断是否为针状颗粒下，若max_dimension_ratio为1.4times，是否符合当前规则？,非案例题:讲义自动生成考核题被误标 question_type=case_study,no_question_text,LECTURE_NOTE_ASSESSMENT,2025,AUTO_f13a76ccfbff9029_ASSESS,22,,,True
8595,岩石抗压强度比值要求下，若strength_ratio为0.5ratio，是否符合当前规则？,非案例题:讲义自动生成考核题被误标 question_type=case_study,no_question_text,LECTURE_NOTE_ASSESSMENT,2025,AUTO_81b97043ff0944a6_ASSESS,23,,,True
8596,砂的坚固性检验下，若test_cycles为5.0times，是否符合当前规则？,非案例题:讲义自动生成考核题被误标 question_type=case_study,no_question_text,LECTURE_NOTE_ASSESSMENT,2025,AUTO_c8c7048879acfa18_ASSESS,20,,,True
8597,施工气温低于5℃下，若construction_temperature为6.0℃，是否符合当前规则？,非案例题:讲义自动生成考核题被误标 question_type=case_study,no_question_text,LECTURE_NOTE_ASSESSMENT,2025,AUTO_f81830009b8ea4ba_ASSESS,20,,,True
8598,评定砖的强度等级下，若sample_size为10.0块，是否符合当前规则？,非案例题:讲义自动生成考核题被误标 question_type=case_study,no_question_text,LECTURE_NOTE_ASSESSMENT,2025,AUTO_00d51af9a3084709_ASSESS,23,,,True
8599,中空玻璃构造为6mm玻璃+9mm空气层下，若equivalent_thickness为100.0mm，是否符合当前规则？,非案例题:讲义自动生成考核题被误标 question_type=case_study,no_question_text,LECTURE_NOTE_ASSESSMENT,2025,AUTO_9240f07ff5879803_ASSESS,29,,,True
8600,住宅建筑高度大于54m下，若高度为48.6m，是否符合当前规则？,非案例题:讲义自动生成考核题被误标 question_type=case_study,no_question_text,LECTURE_NOTE_ASSESSMENT,2025,AUTO_071d9b9fe6a6ef0d_ASSESS,26,,,True
8601,选用膨胀型防火涂料(P)下，若coating_thickness为0.5mm，是否符合当前规则？,非案例题:讲义自动生成考核题被误标 question_type=case_study,no_question_text,LECTURE_NOTE_ASSESSMENT,2025,AUTO_66856934523d92d4_ASSESS,22,,,True
8602,材料导热系数小于0.23 W/(m·K)下，若导热系数为1.23W/(m·K)，是否符合当前规则？,非案例题:讲义自动生成考核题被误标 question_type=case_study,no_question_text,LECTURE_NOTE_ASSESSMENT,2025,AUTO_47528340db92f82d_ASSESS,29,,,True
8603,材料被定义为绝热材料下，若导热系数为1.23W/(m·K)，是否符合当前规则？,非案例题:讲义自动生成考核题被误标 question_type=case_study,no_question_text,LECTURE_NOTE_ASSESSMENT,2025,AUTO_afcf5c893db9be4d_ASSESS,28,,,True
8604,局部突出屋面用房总面积 ≤ 屋面面积的 1/4下，若is_included_in_height为0.0，是否符合当前规则？,非案例题:讲义自动生成考核题被误标 question_type=case_study,no_question_text,LECTURE_NOTE_ASSESSMENT,2025,AUTO_c5669cc801a5d134_ASSESS,31,,,True
8605,场所为地下室、局部夹层、公共走道、避难层或架空层下，若net_height为1.0m，是否符合当前规则？,非案例题:讲义自动生成考核题被误标 question_type=case_study,no_question_text,LECTURE_NOTE_ASSESSMENT,2025,AUTO_54309dcfd22973c9_ASSESS,34,,,True
8606,勒脚设计下，若plinth_height为630.0mm，是否符合当前规则？,非案例题:讲义自动生成考核题被误标 question_type=case_study,no_question_text,LECTURE_NOTE_ASSESSMENT,2025,AUTO_62be1c349ae5d17b_ASSESS,19,,,True
8607,女儿墙与屋面交接处下，若waterproofing_height为225.0mm，是否符合当前规则？,非案例题:讲义自动生成考核题被误标 question_type=case_study,no_question_text,LECTURE_NOTE_ASSESSMENT,2025,AUTO_5ce7808da75a862b_ASSESS,24,,,True
8608,室外疏散楼梯周边墙面下，若clearance_distance为3.0m，是否符合当前规则？,非案例题:讲义自动生成考核题被误标 question_type=case_study,no_question_text,LECTURE_NOTE_ASSESSMENT,2025,AUTO_a5823573769664b4_ASSESS,23,,,True
8609,施工温度不低于5℃，气温不高于30℃下，若温度为4.0℃，是否符合当前规则？,非案例题:讲义自动生成考核题被误标 question_type=case_study,no_question_text,LECTURE_NOTE_ASSESSMENT,2025,AUTO_4407c8fae9ceedaa_ASSESS,30,,,True
8610,地漏管道根部需要密封防水下，若pipe_root_sealed为1.0，是否符合当前规则？,非案例题:讲义自动生成考核题被误标 question_type=case_study,no_question_text,LECTURE_NOTE_ASSESSMENT,2025,AUTO_f8303d393a11beab_ASSESS,25,,,True
8611,防水砼施工缝不漏水但需处理下，若mortar_ratio为2.5ratio，是否符合当前规则？,非案例题:讲义自动生成考核题被误标 question_type=case_study,no_question_text,LECTURE_NOTE_ASSESSMENT,2025,AUTO_0576f4727f80f078_ASSESS,26,,,True
8612,提供型式检验报告时下，若validity_period为3.0year，是否符合当前规则？,非案例题:讲义自动生成考核题被误标 question_type=case_study,no_question_text,LECTURE_NOTE_ASSESSMENT,2025,AUTO_9027c033d4357087_ASSESS,22,,,True
8613,设计有隔汽层时下，若vapor_barrier_height为135.0mm，是否符合当前规则？,非案例题:讲义自动生成考核题被误标 question_type=case_study,no_question_text,LECTURE_NOTE_ASSESSMENT,2025,AUTO_396a89d4d5d26176_ASSESS,22,,,True
8614,倒置式屋面坡度大于3%下，若坡度为2.0%，是否符合当前规则？,非案例题:讲义自动生成考核题被误标 question_type=case_study,no_question_text,LECTURE_NOTE_ASSESSMENT,2025,AUTO_69b7654258fb0d50_ASSESS,25,,,True
8615,防火隔离带施工下，若fire_barrier_width为270.0mm，是否符合当前规则？,非案例题:讲义自动生成考核题被误标 question_type=case_study,no_question_text,LECTURE_NOTE_ASSESSMENT,2025,AUTO_3335bb8ebb57b2f0_ASSESS,22,,,True
8616,门窗节能材料、构件进场下，若doc_check_count为4.0items，是否符合当前规则？,非案例题:讲义自动生成考核题被误标 question_type=case_study,no_question_text,LECTURE_NOTE_ASSESSMENT,2025,AUTO_292cf85a5b49fd98_ASSESS,23,,,True
8617,外窗实体检验合并抽样下，若sampling_unit_area为30000.0m2，是否符合当前规则？,非案例题:讲义自动生成考核题被误标 question_type=case_study,no_question_text,LECTURE_NOTE_ASSESSMENT,2025,AUTO_94dcdea433985469_ASSESS,28,,,True
8618,进行装饰装修工程质量验收划分时下，若sub_division_count为12.0个，是否符合当前规则？,非案例题:讲义自动生成考核题被误标 question_type=case_study,no_question_text,LECTURE_NOTE_ASSESSMENT,2025,AUTO_8dec61898925683e_ASSESS,30,,,True
8619,抹灰总厚度大于等于35mm下，若plaster_total_thickness为31.5mm，是否符合当前规则？,非案例题:讲义自动生成考核题被误标 question_type=case_study,no_question_text,LECTURE_NOTE_ASSESSMENT,2025,AUTO_1a02837d3df22c66_ASSESS,25,,,True
8620,水性涂料施工环境下，若env_temperature为4.0°C，是否符合当前规则？,非案例题:讲义自动生成考核题被误标 question_type=case_study,no_question_text,LECTURE_NOTE_ASSESSMENT,2025,AUTO_7ee39bf722aa7c36_ASSESS,21,,,True
8621,内墙饰面板工程下，若installation_height为26.4m，是否符合当前规则？,非案例题:讲义自动生成考核题被误标 question_type=case_study,no_question_text,LECTURE_NOTE_ASSESSMENT,2025,AUTO_c6645c1ba006a77d_ASSESS,21,,,True
8622,隔墙高度超过3m时下，若wall_height为2.0m，是否符合当前规则？,非案例题:讲义自动生成考核题被误标 question_type=case_study,no_question_text,LECTURE_NOTE_ASSESSMENT,2025,AUTO_aa10356623240cf7_ASSESS,21,,,True
8623,GRC空心轻墙板施工下，若fiber_width为60.0mm，是否符合当前规则？,非案例题:讲义自动生成考核题被误标 question_type=case_study,no_question_text,LECTURE_NOTE_ASSESSMENT,2025,AUTO_d8103dac3d2a2f5b_ASSESS,21,,,True
8624,吊杆长度大于2.5m下，若hanger_length为1.5m，是否符合当前规则？,非案例题:讲义自动生成考核题被误标 question_type=case_study,no_question_text,LECTURE_NOTE_ASSESSMENT,2025,AUTO_09cc1ce28469abf5_ASSESS,21,,,True
8626,瓷砖铺贴完成后下，若curing_time为6.0days，是否符合当前规则？,非案例题:讲义自动生成考核题被误标 question_type=case_study,no_question_text,LECTURE_NOTE_ASSESSMENT,2025,AUTO_928d6978ac3f782b_ASSESS,20,,,True
8627,每个连接的抗剪力螺栓至少有2个下，若shear_bolts_per_connection为1.0，是否符合当前规则？,非案例题:讲义自动生成考核题被误标 question_type=case_study,no_question_text,LECTURE_NOTE_ASSESSMENT,2025,AUTO_f00ed87c62155b12_ASSESS,28,,,True
8628,外墙与幕墙的距离，上下层外墙上开口应设宽度≥1.2m的实体墙或挑出宽度≥1.0m、长度≥2开口宽度的防火挑檐下，若fire_protection_width为0.19999999999999996m，是否符合当前规则？,非案例题:讲义自动生成考核题被误标 question_type=case_study,no_question_text,LECTURE_NOTE_ASSESSMENT,2025,AUTO_148f7f7019d3e0da_ASSESS,74,,,True
8629,防护层厚度不应小于 10mm下，若protection_layer_thickness为9.0mm，是否符合当前规则？,非案例题:讲义自动生成考核题被误标 question_type=case_study,no_question_text,LECTURE_NOTE_ASSESSMENT,2025,AUTO_ffefb50643da12c7_ASSESS,24,,,True
8630,一般民用建筑抽检数量下，若sampling_rate为0.025，是否符合当前规则？,非案例题:讲义自动生成考核题被误标 question_type=case_study,no_question_text,LECTURE_NOTE_ASSESSMENT,2025,AUTO_35297970e86ca9b3_ASSESS,25,,,True
8631,屋面防水等级为一级下，若waterproof_layers为2.0，是否符合当前规则？,非案例题:讲义自动生成考核题被误标 question_type=case_study,no_question_text,LECTURE_NOTE_ASSESSMENT,2025,AUTO_24e815863c618bbf_ASSESS,22,,,True
8632,结构找坡层采用细石混凝土找坡下，若slope_percentage为2.0%，是否符合当前规则？,非案例题:讲义自动生成考核题被误标 question_type=case_study,no_question_text,LECTURE_NOTE_ASSESSMENT,2025,AUTO_281694f2ccfde563_ASSESS,27,,,True
8633,涂膜防水层施工下，若long_edge_overlap为45.0mm，是否符合当前规则？,非案例题:讲义自动生成考核题被误标 question_type=case_study,no_question_text,LECTURE_NOTE_ASSESSMENT,2025,AUTO_76dededb4ba25fc5_ASSESS,21,,,True
8634,屋面工程分项工程面积划分下，若roof_area为450.0㎡，是否符合当前规则？,非案例题:讲义自动生成考核题被误标 question_type=case_study,no_question_text,LECTURE_NOTE_ASSESSMENT,2025,AUTO_235c3fbcf90c3998_ASSESS,27,,,True
8635,石子最大粒径不超过40mm下，若max_aggregate_size为44.0mm，是否符合当前规则？,非案例题:讲义自动生成考核题被误标 question_type=case_study,no_question_text,LECTURE_NOTE_ASSESSMENT,2025,AUTO_23e941d7317605c3_ASSESS,25,,,True
8636,地基基础工程验收前通知质监站下，若notice_period为2.0working_days，是否符合当前规则？,非案例题:讲义自动生成考核题被误标 question_type=case_study,no_question_text,LECTURE_NOTE_ASSESSMENT,2025,AUTO_516ed2f2960887f6_ASSESS,27,,,True
8637,电子档案具备法律效力的电子印章或电子签名下，若paper_archive_transfer_required为0.0，是否符合当前规则？,非案例题:讲义自动生成考核题被误标 question_type=case_study,no_question_text,LECTURE_NOTE_ASSESSMENT,2025,AUTO_bd7c1ddab4fd4257_ASSESS,33,,,True
8638,工程档案保存期限无明确规定下，若min_preservation_period为4.0year，是否符合当前规则？,非案例题:讲义自动生成考核题被误标 question_type=case_study,no_question_text,LECTURE_NOTE_ASSESSMENT,2025,AUTO_0ae58ef627134386_ASSESS,26,,,True
8639,档案保存期限无明确规定下，若retention_period为4.0year，是否符合当前规则？,非案例题:讲义自动生成考核题被误标 question_type=case_study,no_question_text,LECTURE_NOTE_ASSESSMENT,2025,AUTO_27d414aed66e5319_ASSESS,24,,,True
8640,一级资质企业承包工程范围下，若合同额为2700.0万元，是否符合当前规则？,非案例题:讲义自动生成考核题被误标 question_type=case_study,no_question_text,LECTURE_NOTE_ASSESSMENT,2025,AUTO_f3884667fcfe207a_ASSESS,33,,,True
8641,进行分包单位管理下，若has_safety_agreement为1.0，是否符合当前规则？,非案例题:讲义自动生成考核题被误标 question_type=case_study,no_question_text,LECTURE_NOTE_ASSESSMENT,2025,AUTO_faeff1f20269276c_ASSESS,21,,,True
8642,附着式升降脚手架使用过程中，架体悬臂高度超过架体高度的2/5或超过6米下，若cantilever_height_ratio为0.2，是否符合当前规则？,非案例题:讲义自动生成考核题被误标 question_type=case_study,no_question_text,LECTURE_NOTE_ASSESSMENT,2025,AUTO_ba387d4c52ff100f_ASSESS,46,,,True
8643,高支撑架施工下，若horizontal_structure_layer_count为0.5道，是否符合当前规则？,非案例题:讲义自动生成考核题被误标 question_type=case_study,no_question_text,LECTURE_NOTE_ASSESSMENT,2025,AUTO_a6422f29db4f98f1_ASSESS,20,,,True
8644,模板安装高度超过3m下，若formwork_install_height为2.0m，是否符合当前规则？,非案例题:讲义自动生成考核题被误标 question_type=case_study,no_question_text,LECTURE_NOTE_ASSESSMENT,2025,AUTO_96f5fc7742f81d0e_ASSESS,22,,,True
8645,垫板尺寸设置下，若pad_board_length为1.0span，是否符合当前规则？,非案例题:讲义自动生成考核题被误标 question_type=case_study,no_question_text,LECTURE_NOTE_ASSESSMENT,2025,AUTO_ab554785cf6c7759_ASSESS,19,,,True
8646,主节点处各扣件中心点的相互距离下，若fastener_center_distance为165.0mm，是否符合当前规则？,非案例题:讲义自动生成考核题被误标 question_type=case_study,no_question_text,LECTURE_NOTE_ASSESSMENT,2025,AUTO_083e5f4bb909a284_ASSESS,30,,,True
8647,单、双排脚手架高度小于24m下，若scissors_brace_interval为16.5m，是否符合当前规则？,非案例题:讲义自动生成考核题被误标 question_type=case_study,no_question_text,LECTURE_NOTE_ASSESSMENT,2025,AUTO_e53d04d8e179d2f9_ASSESS,26,,,True
8648,高处作业定义下，若fall_height为1.0m，是否符合当前规则？,非案例题:讲义自动生成考核题被误标 question_type=case_study,no_question_text,LECTURE_NOTE_ASSESSMENT,2025,AUTO_2481e75db59560fc_ASSESS,19,,,True
8649,基坑临边防护栏杆高度超过1.2m下，若horizontal_spacing为660.0mm，是否符合当前规则？,非案例题:讲义自动生成考核题被误标 question_type=case_study,no_question_text,LECTURE_NOTE_ASSESSMENT,2025,AUTO_8246b8fd31c23a01_ASSESS,29,,,True
8650,悬挑式操作平台设计参数下，若cantilever_length为6.0m，是否符合当前规则？,非案例题:讲义自动生成考核题被误标 question_type=case_study,no_question_text,LECTURE_NOTE_ASSESSMENT,2025,AUTO_a05327a7844f9d17_ASSESS,24,,,True
8651,非机动车车辆通行下，若shed_clearance_height为2.0m，是否符合当前规则？,非案例题:讲义自动生成考核题被误标 question_type=case_study,no_question_text,LECTURE_NOTE_ASSESSMENT,2025,AUTO_2be5c81775ba992c_ASSESS,21,,,True
8652,无荷载情况下，塔身与地面的垂直度偏差下，若vertical_deviation为1.004ratio，是否符合当前规则？,非案例题:讲义自动生成考核题被误标 question_type=case_study,no_question_text,LECTURE_NOTE_ASSESSMENT,2025,AUTO_0da1adac3570295f_ASSESS,32,,,True
8653,无载荷情况下检查塔身垂直度下，若vertical_deviation为1.004ratio，是否符合当前规则？,非案例题:讲义自动生成考核题被误标 question_type=case_study,no_question_text,LECTURE_NOTE_ASSESSMENT,2025,AUTO_226059e2f804a371_ASSESS,28,,,True
8654,进行基坑工程安全检查评定时下，若item_count为6.0项，是否符合当前规则？,非案例题:讲义自动生成考核题被误标 question_type=case_study,no_question_text,LECTURE_NOTE_ASSESSMENT,2025,AUTO_3a7e96f278fe9c7e_ASSESS,27,,,True
8655,基坑开挖深度达到5米及以上下，若excavation_depth为4.0m，是否符合当前规则？,非案例题:讲义自动生成考核题被误标 question_type=case_study,no_question_text,LECTURE_NOTE_ASSESSMENT,2025,AUTO_50d4375b0b6a9608_ASSESS,26,,,True
8656,专家论证会专家资格要求下，若expert_count为4.0人，是否符合当前规则？,非案例题:讲义自动生成考核题被误标 question_type=case_study,no_question_text,LECTURE_NOTE_ASSESSMENT,2025,AUTO_1b0ee1cd81ec2c0b_ASSESS,25,,,True
8657,编制施工组织总设计时下，若content_items_count为6.0项，是否符合当前规则？,非案例题:讲义自动生成考核题被误标 question_type=case_study,no_question_text,LECTURE_NOTE_ASSESSMENT,2025,AUTO_8757ad6b2ad68238_ASSESS,24,,,True
8658,施工现场大门设置数量下，若site_gate_count为1.0个，是否符合当前规则？,非案例题:讲义自动生成考核题被误标 question_type=case_study,no_question_text,LECTURE_NOTE_ASSESSMENT,2025,AUTO_57ffb9f7bf9efb32_ASSESS,24,,,True
8659,设计单行道宽度下，若宽度为3.0m，是否符合当前规则？,非案例题:讲义自动生成考核题被误标 question_type=case_study,no_question_text,LECTURE_NOTE_ASSESSMENT,2025,AUTO_30f3dc3ba90a18f9_ASSESS,22,,,True
8660,设置职工宿舍下，若net_height为1.5m，是否符合当前规则？,非案例题:讲义自动生成考核题被误标 question_type=case_study,no_question_text,LECTURE_NOTE_ASSESSMENT,2025,AUTO_a2ad7821c1533393_ASSESS,19,,,True
8661,现场主要道路及材料加工地面下，若is_hardened为1.0，是否符合当前规则？,非案例题:讲义自动生成考核题被误标 question_type=case_study,no_question_text,LECTURE_NOTE_ASSESSMENT,2025,AUTO_e15ae6381307d55c_ASSESS,26,,,True
8662,市区主要路段设置围挡下，若fencing_height为1.5m，是否符合当前规则？,非案例题:讲义自动生成考核题被误标 question_type=case_study,no_question_text,LECTURE_NOTE_ASSESSMENT,2025,AUTO_0271e0df1da34c72_ASSESS,23,,,True
8663,食堂门扇下方防鼠设施下，若rat_proof_board_height为0.1m，是否符合当前规则？,非案例题:讲义自动生成考核题被误标 question_type=case_study,no_question_text,LECTURE_NOTE_ASSESSMENT,2025,AUTO_eaf01b3d65c7bf31_ASSESS,23,,,True
8664,工程开工前申报环保登记下，若days_before为13.5d，是否符合当前规则？,非案例题:讲义自动生成考核题被误标 question_type=case_study,no_question_text,LECTURE_NOTE_ASSESSMENT,2025,AUTO_3823fdbf4f4c2e7b_ASSESS,25,,,True
8665,市区内施工下，若registration_lead_time为13.5d，是否符合当前规则？,非案例题:讲义自动生成考核题被误标 question_type=case_study,no_question_text,LECTURE_NOTE_ASSESSMENT,2025,AUTO_5f09e550f6cded2c_ASSESS,19,,,True
8666,新建建筑施工现场建筑垃圾排放量控制目标（2025年底实现）下，若waste_emission_per_10k_sqm为330.0t/万m²，是否符合当前规则？,非案例题:讲义自动生成考核题被误标 question_type=case_study,no_question_text,LECTURE_NOTE_ASSESSMENT,2025,AUTO_d2aff228d19f75aa_ASSESS,45,,,True
8667,施工组织设计编制下，若fire_safety_plan为1.0，是否符合当前规则？,非案例题:讲义自动生成考核题被误标 question_type=case_study,no_question_text,LECTURE_NOTE_ASSESSMENT,2025,AUTO_ecb97130ba08f751_ASSESS,21,,,True
8668,临时搭设的建筑物区域内灭火器配置下，若extinguisher_count_per_100m2为1.0具，是否符合当前规则？,非案例题:讲义自动生成考核题被误标 question_type=case_study,no_question_text,LECTURE_NOTE_ASSESSMENT,2025,AUTO_4a3a55ae75c3a60d_ASSESS,34,,,True
8669,临时搭建的建筑物区域下，若extinguisher_count为1.0个/100m²，是否符合当前规则？,非案例题:讲义自动生成考核题被误标 question_type=case_study,no_question_text,LECTURE_NOTE_ASSESSMENT,2025,AUTO_62d1d6b1ce5034e7_ASSESS,27,,,True
8670,氧气瓶与乙炔瓶作业下，若distance_O2_C2H2为4.0m，是否符合当前规则？,非案例题:讲义自动生成考核题被误标 question_type=case_study,no_question_text,LECTURE_NOTE_ASSESSMENT,2025,AUTO_80b729c7e88dd48b_ASSESS,25,,,True
8671,体育场馆、会堂、公共展览馆、博物馆的展示厅下，若total_area为18000.0m²，是否符合当前规则？,非案例题:讲义自动生成考核题被误标 question_type=case_study,no_question_text,LECTURE_NOTE_ASSESSMENT,2025,AUTO_85966de044aa7ebb_ASSESS,35,,,True
8672,分配电箱与开关箱之间的距离下，若distance_dist_to_switch为33.0m，是否符合当前规则？,非案例题:讲义自动生成考核题被误标 question_type=case_study,no_question_text,LECTURE_NOTE_ASSESSMENT,2025,AUTO_194b1a800ed2ea2c_ASSESS,27,,,True
8673,临时室外消防给水干管下，若diameter为90.0mm，是否符合当前规则？,非案例题:讲义自动生成考核题被误标 question_type=case_study,no_question_text,LECTURE_NOTE_ASSESSMENT,2025,AUTO_cf815f12a26376ac_ASSESS,24,,,True
8674,施工部位属于关键部位、影响结构安全、涉及四新或隐蔽工程下，若set_control_point为1.0，是否符合当前规则？,非案例题:讲义自动生成考核题被误标 question_type=case_study,no_question_text,LECTURE_NOTE_ASSESSMENT,2025,AUTO_fdb9477eb1856955_ASSESS,38,,,True
8675,材料堆放下，若stacking_height为2.5m，是否符合当前规则？,非案例题:讲义自动生成考核题被误标 question_type=case_study,no_question_text,LECTURE_NOTE_ASSESSMENT,2025,AUTO_fa8dab08009591b8_ASSESS,17,,,True
8676,建筑层数大于等于20层下，若building_layers为18.0层，是否符合当前规则？,非案例题:讲义自动生成考核题被误标 question_type=case_study,no_question_text,LECTURE_NOTE_ASSESSMENT,2025,AUTO_0843f1f7a873a385_ASSESS,26,,,True
8677,使用龙门架、井架物料提升机时，建筑高度达到或超过25m下，若project_height为22.5m，是否符合当前规则？,非案例题:讲义自动生成考核题被误标 question_type=case_study,no_question_text,LECTURE_NOTE_ASSESSMENT,2025,AUTO_8c0eda760ea97fd0_ASSESS,38,,,True
8678,实施劳务实名制管理技术手段下，若wage_mgmt为1.0，是否符合当前规则？,非案例题:讲义自动生成考核题被误标 question_type=case_study,no_question_text,LECTURE_NOTE_ASSESSMENT,2025,AUTO_eb4e4f9a83b3fe61_ASSESS,26,,,True
8679,材料属于实行备案证明管理的范围（钢、混、砂、石、砌、胶、泥）下，若filing_certificate为1.0，是否符合当前规则？,非案例题:讲义自动生成考核题被误标 question_type=case_study,no_question_text,LECTURE_NOTE_ASSESSMENT,2025,AUTO_322cc00d244140b3_ASSESS,35,,,True
8680,混凝土试块检验(示例)下，若batch_volume为100.0m3，是否符合当前规则？,非案例题:讲义自动生成考核题被误标 question_type=case_study,no_question_text,LECTURE_NOTE_ASSESSMENT,2025,AUTO_49426287ad56e88f_ASSESS,25,,,True
8681,钢筋直径小于等于28mm下，若bundle_count为4.0根，是否符合当前规则？,非案例题:讲义自动生成考核题被误标 question_type=case_study,no_question_text,LECTURE_NOTE_ASSESSMENT,2025,AUTO_9a0ac298ebe6c777_ASSESS,24,,,True
8682,采用冷拉调直光圆钢筋(HPB)下，若cold_drawing_rate为1.04%，是否符合当前规则？,非案例题:讲义自动生成考核题被误标 question_type=case_study,no_question_text,LECTURE_NOTE_ASSESSMENT,2025,AUTO_43fd8296566af2ab_ASSESS,24,,,True
8683,柱纵向受力筋直径大于25mm下，若stirrup_range为100.0mm，是否符合当前规则？,非案例题:讲义自动生成考核题被误标 question_type=case_study,no_question_text,LECTURE_NOTE_ASSESSMENT,2025,AUTO_6ffc59581e38f53f_ASSESS,27,,,True
8684,确定每层柱首个钢筋接头位置的避让高度下，若exclusion_zone_height为450.0mm，是否符合当前规则？,非案例题:讲义自动生成考核题被误标 question_type=case_study,no_question_text,LECTURE_NOTE_ASSESSMENT,2025,AUTO_a91311dbc7cc4aff_ASSESS,33,,,True
8685,墙体垂直钢筋下料长度控制下，若max_length为4400.0mm，是否符合当前规则？,非案例题:讲义自动生成考核题被误标 question_type=case_study,no_question_text,LECTURE_NOTE_ASSESSMENT,2025,AUTO_16a95144b0bd90ac_ASSESS,28,,,True
8686,梁纵向钢筋双层排列时的间距控制下，若spacer_bar_diameter为22.5mm，是否符合当前规则？,非案例题:讲义自动生成考核题被误标 question_type=case_study,no_question_text,LECTURE_NOTE_ASSESSMENT,2025,AUTO_fab0adf7402649d5_ASSESS,29,,,True
8687,抗渗混凝土配合比设计下，若cementitious_material_per_m3为288.0kg，是否符合当前规则？,非案例题:讲义自动生成考核题被误标 question_type=case_study,no_question_text,LECTURE_NOTE_ASSESSMENT,2025,AUTO_6487c044ba589325_ASSESS,26,,,True
8688,垫层混凝土强度达到70%后下，若cushion_concrete_strength为63.0%，是否符合当前规则？,非案例题:讲义自动生成考核题被误标 question_type=case_study,no_question_text,LECTURE_NOTE_ASSESSMENT,2025,AUTO_27a115dc391e81db_ASSESS,26,,,True
8689,施工缝处继续浇筑混凝土下，若混凝土强度为0.19999999999999996N/mm²，是否符合当前规则？,非案例题:讲义自动生成考核题被误标 question_type=case_study,no_question_text,LECTURE_NOTE_ASSESSMENT,2025,AUTO_ffaa79724211a185_ASSESS,45,,,True
8690,冬季施工混凝土出机温度下，若outlet_temp为9.0℃，是否符合当前规则？,非案例题:讲义自动生成考核题被误标 question_type=case_study,no_question_text,LECTURE_NOTE_ASSESSMENT,2025,AUTO_11ac9f54f1fb64ad_ASSESS,24,,,True
8691,蓄热法测温频率下，若measure_interval_min为3.0h，是否符合当前规则？,非案例题:讲义自动生成考核题被误标 question_type=case_study,no_question_text,LECTURE_NOTE_ASSESSMENT,2025,AUTO_97cdf932164aa96b_ASSESS,20,,,True
8692,高温季节施工时下，若concrete_pour_temp为33.0℃，是否符合当前规则？,非案例题:讲义自动生成考核题被误标 question_type=case_study,no_question_text,LECTURE_NOTE_ASSESSMENT,2025,AUTO_df7b5628622e2faa_ASSESS,21,,,True
8693,柱锚固钢筋下端处理下，若hook_angle为90.0degree，是否符合当前规则？,非案例题:讲义自动生成考核题被误标 question_type=case_study,no_question_text,LECTURE_NOTE_ASSESSMENT,2025,AUTO_62cfadd499fa10cd_ASSESS,23,,,True
8694,大体积混凝土配合比设计下，若slump为198.0mm，是否符合当前规则？,非案例题:讲义自动生成考核题被误标 question_type=case_study,no_question_text,LECTURE_NOTE_ASSESSMENT,2025,AUTO_c8ea224cd2f4ac0b_ASSESS,26,,,True
8695,起吊预制构件时下，若cable_angle为40.5°，是否符合当前规则？,非案例题:讲义自动生成考核题被误标 question_type=case_study,no_question_text,LECTURE_NOTE_ASSESSMENT,2025,AUTO_99bdd7b9f835481c_ASSESS,21,,,True
8696,采用靠放架运输下，若tilt_angle为72.0°，是否符合当前规则？,非案例题:讲义自动生成考核题被误标 question_type=case_study,no_question_text,LECTURE_NOTE_ASSESSMENT,2025,AUTO_d44e26ad3f11365a_ASSESS,21,,,True
8697,存放预制板、叠合板、阳台板、空调板时下，若stacking_layers为7.0层，是否符合当前规则？,非案例题:讲义自动生成考核题被误标 question_type=case_study,no_question_text,LECTURE_NOTE_ASSESSMENT,2025,AUTO_bf93f7a2b0fd166f_ASSESS,29,,,True
8698,安装预制竖向构件（柱、墙）时设置临时支撑下，若support_count为1.0道，是否符合当前规则？,非案例题:讲义自动生成考核题被误标 question_type=case_study,no_question_text,LECTURE_NOTE_ASSESSMENT,2025,AUTO_901a2e8c5c46dd49_ASSESS,31,,,True
8699,多层剪力墙坐浆施工下，若mortar_thickness为22.0mm，是否符合当前规则？,非案例题:讲义自动生成考核题被误标 question_type=case_study,no_question_text,LECTURE_NOTE_ASSESSMENT,2025,AUTO_035db43f7467d63a_ASSESS,23,,,True
8700,竖向钢筋套筒采用连通腔灌浆下，若grouting_point_count为1.0point，是否符合当前规则？,非案例题:讲义自动生成考核题被误标 question_type=case_study,no_question_text,LECTURE_NOTE_ASSESSMENT,2025,AUTO_021996b8aacafd30_ASSESS,26,,,True
8701,坐浆料试件制作下，若spec_size为70.7mm，是否符合当前规则？,非案例题:讲义自动生成考核题被误标 question_type=case_study,no_question_text,LECTURE_NOTE_ASSESSMENT,2025,AUTO_3d0f0931ffaab324_ASSESS,21,,,True
8702,焊接作业环境温度低于-10℃下，若ambient_temperature为-9.0℃，是否符合当前规则？,非案例题:讲义自动生成考核题被误标 question_type=case_study,no_question_text,LECTURE_NOTE_ASSESSMENT,2025,AUTO_0df1c7ecfbc5e533_ASSESS,25,,,True
8703,普通螺栓拧紧后下，若exposed_threads为1.0扣，是否符合当前规则？,非案例题:讲义自动生成考核题被误标 question_type=case_study,no_question_text,LECTURE_NOTE_ASSESSMENT,2025,AUTO_742ed58247e05896_ASSESS,21,,,True
8704,高强螺栓孔径修整下，若reamed_diameter为2.2times_bolt_diameter，是否符合当前规则？,非案例题:讲义自动生成考核题被误标 question_type=case_study,no_question_text,LECTURE_NOTE_ASSESSMENT,2025,AUTO_58e22cdc40dc66bd_ASSESS,21,,,True
8705,窗间墙宽度小于1m下，若window_wall_width为2.0m，是否符合当前规则？,非案例题:讲义自动生成考核题被误标 question_type=case_study,no_question_text,LECTURE_NOTE_ASSESSMENT,2025,AUTO_a14548ad1525151d_ASSESS,21,,,True
8706,墙体留置临时施工洞口下，若opening_width为2.0m，是否符合当前规则？,非案例题:讲义自动生成考核题被误标 question_type=case_study,no_question_text,LECTURE_NOTE_ASSESSMENT,2025,AUTO_43d98fee09adadda_ASSESS,23,,,True
8707,马牙槎砌筑下，若step_height为330.0mm，是否符合当前规则？,非案例题:讲义自动生成考核题被误标 question_type=case_study,no_question_text,LECTURE_NOTE_ASSESSMENT,2025,AUTO_6fa4f7525d74bbf3_ASSESS,20,,,True
8708,拉结筋配置下，若diameter为6.0mm，是否符合当前规则？,非案例题:讲义自动生成考核题被误标 question_type=case_study,no_question_text,LECTURE_NOTE_ASSESSMENT,2025,AUTO_273709d7dfa619d5_ASSESS,18,,,True
8709,单排孔小砌块砌筑下，若lap_length_ratio为0.5length，是否符合当前规则？,非案例题:讲义自动生成考核题被误标 question_type=case_study,no_question_text,LECTURE_NOTE_ASSESSMENT,2025,AUTO_72d7561f905adcfc_ASSESS,21,,,True
8710,小砌块进场砌筑下，若min_age为25.2day，是否符合当前规则？,非案例题:讲义自动生成考核题被误标 question_type=case_study,no_question_text,LECTURE_NOTE_ASSESSMENT,2025,AUTO_85a121c3eaee643e_ASSESS,21,,,True
8711,正常气候条件下砌筑下，若daily_height_limit为1.4m，是否符合当前规则？,非案例题:讲义自动生成考核题被误标 question_type=case_study,no_question_text,LECTURE_NOTE_ASSESSMENT,2025,AUTO_d4a7c66f10ad64ef_ASSESS,22,,,True
8712,采用普通砂浆砌筑蒸压加气混凝土砌体下，若joint_width为15.0mm，是否符合当前规则？,非案例题:讲义自动生成考核题被误标 question_type=case_study,no_question_text,LECTURE_NOTE_ASSESSMENT,2025,AUTO_1721052849452dde_ASSESS,31,,,True
8713,在厨房、卫生间等潮湿环境砌筑轻骨料或加气块墙体下，若sill_height为150.0mm，是否符合当前规则？,非案例题:讲义自动生成考核题被误标 question_type=case_study,no_question_text,LECTURE_NOTE_ASSESSMENT,2025,AUTO_94ccdce548959163_ASSESS,37,,,True
8714,采用薄层砂浆砌筑法下，若watering为0.0，是否符合当前规则？,非案例题:讲义自动生成考核题被误标 question_type=case_study,no_question_text,LECTURE_NOTE_ASSESSMENT,2025,AUTO_ab70c443d7218e28_ASSESS,22,,,True
8715,现浇钢筋混凝土梁、板跨度≥4m且设计无要求下，若arch_height_ratio为0.0005ratio，是否符合当前规则？,非案例题:讲义自动生成考核题被误标 question_type=case_study,no_question_text,LECTURE_NOTE_ASSESSMENT,2025,AUTO_db323da666f62a34_ASSESS,34,,,True
8716,底模拆除-板(跨度≤2m)下，若concrete_strength_percentage为45.0%，是否符合当前规则？,非案例题:讲义自动生成考核题被误标 question_type=case_study,no_question_text,LECTURE_NOTE_ASSESSMENT,2025,AUTO_429857069c12f136_ASSESS,22,,,True
8717,组合铝合金模板一般工况施工下，若load_standard为2.5kN/m²，是否符合当前规则？,非案例题:讲义自动生成考核题被误标 question_type=case_study,no_question_text,LECTURE_NOTE_ASSESSMENT,2025,AUTO_fe53292f4e93578b_ASSESS,26,,,True
8718,作业脚手架超过2个作业层同时作业下，若total_load_standard为4.0kN/m²，是否符合当前规则？,非案例题:讲义自动生成考核题被误标 question_type=case_study,no_question_text,LECTURE_NOTE_ASSESSMENT,2025,AUTO_7b396ee410f7bd89_ASSESS,29,,,True
8719,连墙件布置间距下，若horizontal_spacing_spans为4.0span，是否符合当前规则？,非案例题:讲义自动生成考核题被误标 question_type=case_study,no_question_text,LECTURE_NOTE_ASSESSMENT,2025,AUTO_061d908bc5234a47_ASSESS,20,,,True
8787,【背景资料】 （无独立背景，为通用问题） 【问题】 2. 安全生产费用还应包括哪些内容？需要在施工组织设计中制定安全技术措施的高处作业项还有哪些？,REAL_EXAM 但正文过短(59字)，疑似碎片/空行,single_subquestion,REAL_EXAM,2018,AUTO_b3286dbd9962fc7b,10,,,True
8788,【背景资料】 （无独立背景，为通用问题） 【问题】 3. 指出项目检测试验计划管理中的不妥之处，并说明理由。施工检测试验计划内容还有哪些？,REAL_EXAM 但正文过短(54字)，疑似碎片/空行,single_subquestion,REAL_EXAM,2018,AUTO_e25e5d804bf161e2,10,,,True
8790,【背景资料】 图5：标准层临时消防设施布置示意图 - 立管DN100，1根 - 消防箱，1套 - 消防栓接口，4个 【问题】 5. 指出图5中的不妥之处，并说明理由。,REAL_EXAM 但正文过短(57字)，疑似碎片/空行,single_subquestion,REAL_EXAM,2018,AUTO_ffee9e8dbff69374,35,,,True
8923,【背景资料】（根据上下文推断）某建筑工地正在进行临时用电系统安装，涉及配电箱布置、电缆敷设及施工验收等环节。 【问题】临时用电安全规范中有哪些关键要求？,REAL_EXAM 但正文过短(65字)，疑似碎片/空行,no_question_text,REAL_EXAM,2021,AUTO_6cd75268e4ccc3ef,43,,,True
8924,【背景资料】（根据上下文推断）某项目在施工过程中面临绿色施工和突发公共卫生事件双重挑战，需落实相关管理措施。 【问题】绿色施工和疫情应对的关键措施有哪些？,REAL_EXAM 但正文过短(67字)，疑似碎片/空行,no_question_text,REAL_EXAM,2021,AUTO_d8fe6ba3d5e8acea,44,,,True
8925,【背景资料】（根据上下文推断）某建筑正在进行拆除作业，涉及脚手架和连墙件的拆除。 【问题】拆除作业的安全规范有哪些？,REAL_EXAM 但正文过短(48字)，疑似碎片/空行,no_question_text,REAL_EXAM,2021,AUTO_d3c6c9f642b385cb,30,,,True
8926,【背景资料】（根据上下文推断）某项目正在进行地基、钢筋、混凝土和节能构造的质量检测。 【问题】各类检测参数和抽检频次条件有哪些？,REAL_EXAM 但正文过短(53字)，疑似碎片/空行,no_question_text,REAL_EXAM,2021,AUTO_29ff523c4f024fa0,31,,,True
8927,【背景资料】（根据上下文推断）某项目正在实施建筑节能工程，涉及围护结构和保温材料的选用。 【问题】围护结构子分部工程包括哪些？墙体保温材料进场需复验哪些性能指标？,REAL_EXAM 但正文过短(70字)，疑似碎片/空行,no_question_text,REAL_EXAM,2021,AUTO_9ef89d3fd8dfcb2b,34,,,True
9170,【背景资料】 某新建高层住宅工程建筑面积 16000 m²，地下一层，地上十二层。,REAL_EXAM 但正文过短(31字)，疑似碎片/空行,single_subquestion,REAL_EXAM,2018,EXAM_1A434000_P0017_03_CASE_e0e54452,27,,,True
9181,【背景资料】 （无独立背景，为通用问题） 【问题】 2. 安全生产费用还应包括哪些内容？需要在施工组织设计中制定安全技术措施的高处作业项还有哪些？,REAL_EXAM 但正文过短(59字)，疑似碎片/空行,single_subquestion,REAL_EXAM,2018,EXAM_1A436000_P0023_01_CASE_1b057a42,10,,,True
9182,【背景资料】 （无独立背景，为通用问题） 【问题】 3. 指出项目检测试验计划管理中的不妥之处，并说明理由。施工检测试验计划内容还有哪些？,REAL_EXAM 但正文过短(54字)，疑似碎片/空行,single_subquestion,REAL_EXAM,2018,EXAM_1A436000_P0024_02_CASE_15c11f97,10,,,True
9183,【背景资料】 （无独立背景，为通用问题） 【问题】 4. 节能与能源利用管理中，应分别对哪些用电项设定控制指标？对控制指标定期管理的内容有哪些？,REAL_EXAM 但正文过短(57字)，疑似碎片/空行,single_subquestion,REAL_EXAM,2018,EXAM_1A436000_P0025_03_CASE_c94c2850,10,,,True
9184,【背景资料】 图5：标准层临时消防设施布置示意图 - 立管DN100，1根 - 消防箱，1套 - 消防栓接口，4个 【问题】 5. 指出图5中的不妥之处，并说明理由。,REAL_EXAM 但正文过短(57字)，疑似碎片/空行,single_subquestion,REAL_EXAM,2018,EXAM_1A436000_P0026_04_CASE_be4af57b,35,,,True
9575,【背景资料】某施工单位承接一工程，双方按《建设工程施工合同（示范文本）》（GF-2020-0216）签订了工程总承包合同。合同部分内容：质量为合格，工期6个月，按月度完成量的85%支付进度款,REAL_EXAM 但正文过短(77字)，疑似碎片/空行,single_subquestion,REAL_EXAM,2023,EXAM_1A435000_P0016_02_CASE_607323a1,73,,,True
13898,[题干缺失] 2015年案例5第1问,REAL_EXAM 但正文过短(15字)，疑似碎片/空行,single_subquestion,REAL_EXAM,2015,XW_2015_CASE_5_Q1,15,,,True
13899,[题干缺失] 2015年案例5第2问,REAL_EXAM 但正文过短(15字)，疑似碎片/空行,single_subquestion,REAL_EXAM,2015,XW_2015_CASE_5_Q2,15,,,True
13900,【背景资料】 【问题】8m 宽环形载重单车,REAL_EXAM 但正文过短(14字)，疑似碎片/空行,single_subquestion,REAL_EXAM,2015,XW_2015_CASE_5_Q3,0,,,True
13901,[题干缺失] 2015年案例5第4问,REAL_EXAM 但正文过短(15字)，疑似碎片/空行,single_subquestion,REAL_EXAM,2015,XW_2015_CASE_5_Q4,15,,,True
13902,[题干缺失] 2015年案例5第5问,REAL_EXAM 但正文过短(15字)，疑似碎片/空行,single_subquestion,REAL_EXAM,2015,XW_2015_CASE_5_Q5,15,,,True
17129,【背景资料】 某新建高层住宅工程建筑面积 16000 m²，地下一层，地上十二层。,REAL_EXAM 但正文过短(31字)，疑似碎片/空行,no_question_text,REAL_EXAM,2018,EXAM_2018_1A434000_1e1d97a8,27,,,False
17139,【背景资料】 （无独立背景，为通用问题） 【问题】 2. 安全生产费用还应包括哪些内容？需要在施工组织设计中制定安全技术措施的高处作业项还有哪些？,REAL_EXAM 但正文过短(59字)，疑似碎片/空行,single_subquestion,REAL_EXAM,2018,EXAM_2018_1A436000_6a0f4e92,10,,,True
17140,【背景资料】 （无独立背景，为通用问题） 【问题】 3. 指出项目检测试验计划管理中的不妥之处，并说明理由。施工检测试验计划内容还有哪些？,REAL_EXAM 但正文过短(54字)，疑似碎片/空行,single_subquestion,REAL_EXAM,2018,EXAM_2018_1A436000_10fa70c4,10,,,True
17141,【背景资料】 （无独立背景，为通用问题） 【问题】 4. 节能与能源利用管理中，应分别对哪些用电项设定控制指标？对控制指标定期管理的内容有哪些？,REAL_EXAM 但正文过短(57字)，疑似碎片/空行,single_subquestion,REAL_EXAM,2018,EXAM_2018_1A436000_cf6103db,10,,,True
17142,【背景资料】 图5：标准层临时消防设施布置示意图 - 立管DN100，1根 - 消防箱，1套 - 消防栓接口，4个 【问题】 5. 指出图5中的不妥之处，并说明理由。,REAL_EXAM 但正文过短(57字)，疑似碎片/空行,single_subquestion,REAL_EXAM,2018,EXAM_2018_1A436000_34d1941e,35,,,True
17375,【背景资料】某施工单位承接一工程，双方按《建设工程施工合同（示范文本）》（GF-2020-0216）签订了工程总承包合同。合同部分内容：质量为合格，工期6个月，按月度完成量的85%支付进度款,REAL_EXAM 但正文过短(77字)，疑似碎片/空行,no_question_text,REAL_EXAM,2023,EXAM_2023_1A435000_3613fac8,73,,,False
17421,【背景资料】 某,REAL_EXAM 但正文过短(5字)，疑似碎片/空行,no_question_text,REAL_EXAM,2024,EXAM_2024_1A430000_4b4ebe45,1,,,False
17475,下列荷载中，属于永久荷载的是（）。,REAL_EXAM 但正文过短(13字)，疑似碎片/空行,no_question_text,REAL_EXAM,,EVAL_SMOKE_004,13,,,True
17530,危大工程专项施工方案内容及专家论证的内容包括哪些？,非案例题:教材条目被误标 question_type=case_study,no_question_text,TEXTBOOK,,QTZ_1A420020_SMR_QTZ_a99a5ab67c40,24,,,True
17531,专家论证会的参会人员包括哪些？,非案例题:教材条目被误标 question_type=case_study,no_question_text,TEXTBOOK,,QTZ_1A420020_SMR_QTZ_2e75b58b8a39,14,,,True
17532,危大工程监测方案的内容包括哪些？,非案例题:教材条目被误标 question_type=case_study,no_question_text,TEXTBOOK,,QTZ_1A420020_SMR_QTZ_80f897f552d9,15,,,True
17533,危大工程验收人员包括哪些？,非案例题:教材条目被误标 question_type=case_study,no_question_text,TEXTBOOK,,QTZ_1A420020_SMR_QTZ_9861f7dcbdd9,12,,,False
17535,工程质量策划中应在哪些部位和环节设置质量控制点？,非案例题:教材条目被误标 question_type=case_study,no_question_text,TEXTBOOK,,QTZ_1A421010_SMR_QTZ_be4550543097,23,,,True
17536,单位工程完工后，各相关单位应按什么要求进行工程竣工验收？,非案例题:教材条目被误标 question_type=case_study,no_question_text,TEXTBOOK,,QTZ_1A421010_SMR_QTZ_ec9de3a130a8,26,,,True
17537,特殊建设工程的消防验收要求有哪些？,非案例题:教材条目被误标 question_type=case_study,no_question_text,TEXTBOOK,,QTZ_1A421010_SMR_QTZ_4d8acb9debf1,16,,,True
17539,哪些建筑物应在施工期间及使用期间进行沉降变形观测？,非案例题:教材条目被误标 question_type=case_study,no_question_text,TEXTBOOK,,QTZ_1A421020_SMR_QTZ_8dd886be5589,24,,,True
17540,防水材料的选用要求有哪些？,非案例题:教材条目被误标 question_type=case_study,no_question_text,TEXTBOOK,,QTZ_1A421020_SMR_QTZ_96bbc82b1265,12,,,True
17541,哪些构造层不能作为防水层？,非案例题:教材条目被误标 question_type=case_study,no_question_text,TEXTBOOK,,QTZ_1A421020_SMR_QTZ_c679a95ecfa1,12,,,True
17542,支护结构选型时，应综合考虑的因素有哪些？,非案例题:教材条目被误标 question_type=case_study,no_question_text,TEXTBOOK,,QTZ_1A421020_SMR_QTZ_1edefc3ffde1,18,,,True
17543,哪些混凝土结构应对结构性态与安全进行监测？,非案例题:教材条目被误标 question_type=case_study,no_question_text,TEXTBOOK,,QTZ_1A40530_SMR_QTZ_bc70d73d0af0,20,,,True
17544,哪些部位或环境中的填充墙不应使用轻骨料混凝土小型空心砌块或蒸压加气混凝土砌块砌体？,非案例题:教材条目被误标 question_type=case_study,no_question_text,TEXTBOOK,,QTZ_1A40530_SMR_QTZ_39f070fa4a15,40,,,True
17545,装配式混凝土结构连接节点及叠合构件浇筑混凝土前，哪些内容应进行隐蔽工程验收？,非案例题:教材条目被误标 question_type=case_study,no_question_text,TEXTBOOK,,QTZ_1A40530_SMR_QTZ_014cf773c6c3,36,,,True
17546,专业企业生产的预制构件进场时，对不做结构性能检验的预制构件，应采取的措施有哪些？,非案例题:教材条目被误标 question_type=case_study,no_question_text,TEXTBOOK,,QTZ_1A40530_SMR_QTZ_0a22cdcbaa66,37,,,True
17547,哪些外围护部品隐蔽项目要进行现场验收？,非案例题:教材条目被误标 question_type=case_study,no_question_text,TEXTBOOK,,QTZ_1A40530_SMR_QTZ_ece6fb369b06,18,,,True
17548,哪些外围护系统应根据工程实际情况进行现场试验和测试？,非案例题:教材条目被误标 question_type=case_study,no_question_text,TEXTBOOK,,QTZ_1A40530_SMR_QTZ_ff3797f5f0a7,25,,,True
17549,哪些外围护系统应在验收前完成试验和测试？,非案例题:教材条目被误标 question_type=case_study,no_question_text,TEXTBOOK,,QTZ_1A40530_SMR_QTZ_f9035f432733,19,,,True
17551,工程质量验收的要求有哪些？,非案例题:教材条目被误标 question_type=case_study,no_question_text,TEXTBOOK,,QTZ_1A40540_SMR_QTZ_b8f63dec2016,12,,,True
17553,建筑节能工程质量验收合格的要求有哪些？,非案例题:教材条目被误标 question_type=case_study,no_question_text,TEXTBOOK,,QTZ_1A40550_SMR_QTZ_826b93c5898b,18,,,True
17554,哪些建筑的外窗应进行气密性能实体检验？,非案例题:教材条目被误标 question_type=case_study,no_question_text,TEXTBOOK,,QTZ_1A40550_SMR_QTZ_977fe2c42a88,18,,,True
17555,屋面节能工程应对哪些部位进行隐蔽工程验收？,非案例题:教材条目被误标 question_type=case_study,no_question_text,TEXTBOOK,,QTZ_1A40550_SMR_QTZ_32c6f0a5f6af,20,,,True
17556,地面节能工程应对哪些部位进行隐蔽工程验收？,非案例题:教材条目被误标 question_type=case_study,no_question_text,TEXTBOOK,,QTZ_1A40550_SMR_QTZ_70b8d087d53b,20,,,True
17557,项目管理绩效评价的内容包括哪些？,非案例题:教材条目被误标 question_type=case_study,no_question_text,TEXTBOOK,,QTZ_1A40620_SMR_QTZ_03901df01793,15,,,True
17558,项目管理绩效评价的指标包括哪些？,非案例题:教材条目被误标 question_type=case_study,no_question_text,TEXTBOOK,,QTZ_1A40620_SMR_QTZ_7e609de536b9,15,,,True
17559,单位工程施工组织设计的基本内容包括？,非案例题:教材条目被误标 question_type=case_study,no_question_text,TEXTBOOK,,QTZ_1A40630_SMR_QTZ_392e86f3c473,17,,,True
17560,基坑工程专项施工方案编制时，施工工艺技术及验收主要有哪些内容？,非案例题:教材条目被误标 question_type=case_study,no_question_text,TEXTBOOK,,QTZ_1A40630_SMR_QTZ_5aa6a4822d9f,29,,,True
17561,模板支撑体系工程专项施工方案编制时，施工工艺技术主要有哪些内容？,非案例题:教材条目被误标 question_type=case_study,no_question_text,TEXTBOOK,,QTZ_1A40630_SMR_QTZ_2501077a3d8d,30,,,True
17562,脚手架工程专项施工方案编制时，施工工艺技术主要有哪些内容？,非案例题:教材条目被误标 question_type=case_study,no_question_text,TEXTBOOK,,QTZ_1A40630_SMR_QTZ_52f040e5f228,27,,,True
17563,施工总平面图按不同的施工阶段分为哪些？,非案例题:教材条目被误标 question_type=case_study,no_question_text,TEXTBOOK,,QTZ_1A40640_SMR_QTZ_3f876f01fe03,18,,,True
17564,施工总平面图应按什么绘制？图上标绘的内容有哪些？,非案例题:教材条目被误标 question_type=case_study,no_question_text,TEXTBOOK,,QTZ_1A40640_SMR_QTZ_01b3a9de53e4,22,,,True
17565,施工平面管理的目的包括？,非案例题:教材条目被误标 question_type=case_study,no_question_text,TEXTBOOK,,QTZ_1A40640_SMR_QTZ_461d58d7fe47,11,,,True
17566,施工平面管理的总体要求包括？,非案例题:教材条目被误标 question_type=case_study,no_question_text,TEXTBOOK,,QTZ_1A40640_SMR_QTZ_5df038676b4b,13,,,True
17568,钢结构在施工过程质量控制时主要检测试验参数有哪些？,非案例题:教材条目被误标 question_type=case_study,no_question_text,TEXTBOOK,,QTZ_1A40670_SMR_QTZ_d17dec6038d6,24,,,True
17569,建筑工程施工现场检测试验技术管理程序有哪些？,非案例题:教材条目被误标 question_type=case_study,no_question_text,TEXTBOOK,,QTZ_1A40670_SMR_QTZ_7f3c9e026e50,21,,,True
17570,建筑工程资料可分为哪五类文件？,非案例题:教材条目被误标 question_type=case_study,no_question_text,TEXTBOOK,,QTZ_1A40680_SMR_QTZ_f516a717ee0b,14,,,True
17571,建筑施工资料可分为哪八类文件？,非案例题:教材条目被误标 question_type=case_study,no_question_text,TEXTBOOK,,QTZ_1A40680_SMR_QTZ_d3a5b2eaf5ec,14,,,True
17572,工程竣工文件可分为哪四类文件？,非案例题:教材条目被误标 question_type=case_study,no_question_text,TEXTBOOK,,QTZ_1A40680_SMR_QTZ_2f4cfe6a7ef0,14,,,True
17573,施工资料组卷有哪些要求？,非案例题:教材条目被误标 question_type=case_study,no_question_text,TEXTBOOK,,QTZ_1A40680_SMR_QTZ_06267685dc0b,11,,,True
17574,工程资料的哪些内容应在合同中明确？,非案例题:教材条目被误标 question_type=case_study,no_question_text,TEXTBOOK,,QTZ_1A40680_SMR_QTZ_42c4d6a1f56a,16,,,True
17575,投标人在投标前做好招标文件分析工作的内容包括哪些？,非案例题:教材条目被误标 question_type=case_study,no_question_text,TEXTBOOK,,QTZ_1A40710_SMR_QTZ_9b5c7afad6c0,24,,,True
17576,投标文件应按招标文件格式及要求编写，对招标文件要求的哪些内容要做出实质性响应？,非案例题:教材条目被误标 question_type=case_study,no_question_text,TEXTBOOK,,QTZ_1A40710_SMR_QTZ_3187b5019ccc,37,,,True
17577,工程总承包合同管理的工作包括什么？,非案例题:教材条目被误标 question_type=case_study,no_question_text,TEXTBOOK,,QTZ_1A40720_SMR_QTZ_5e984e439d28,16,,,True
17578,工程总承包合同协议书包括什么？,非案例题:教材条目被误标 question_type=case_study,no_question_text,TEXTBOOK,,QTZ_1A40720_SMR_QTZ_07930bf8abb0,14,,,True
17579,工程总承包合同管理包括哪些内容？,非案例题:教材条目被误标 question_type=case_study,no_question_text,TEXTBOOK,,QTZ_1A40720_SMR_QTZ_4bf911665447,15,,,True
17580,项目部应建立的合同变更管理程序是？,非案例题:教材条目被误标 question_type=case_study,no_question_text,TEXTBOOK,,QTZ_1A40720_SMR_QTZ_c6659b277752,16,,,True
17581,合同管理人员应对合同文件定义范围内的哪些内容进行收集、整理和归档？,非案例题:教材条目被误标 question_type=case_study,no_question_text,TEXTBOOK,,QTZ_1A40720_SMR_QTZ_0a62b93d6532,31,,,True
17582,合同管理人员应做好合同文件的哪些工作？,非案例题:教材条目被误标 question_type=case_study,no_question_text,TEXTBOOK,,QTZ_1A40720_SMR_QTZ_dff6be3f6a93,18,,,True
17583,工程分包合同包括哪些合同？,非案例题:教材条目被误标 question_type=case_study,no_question_text,TEXTBOOK,,QTZ_1A40720_SMR_QTZ_d4d638e40fbb,12,,,True
17584,物资采购合同主要条款包括什么？,非案例题:教材条目被误标 question_type=case_study,no_question_text,TEXTBOOK,,QTZ_1A40720_SMR_QTZ_6f39fd161e3b,14,,,True
17585,设备供应合同签订时须注意的问题有哪些？,非案例题:教材条目被误标 question_type=case_study,no_question_text,TEXTBOOK,,QTZ_1A40720_SMR_QTZ_94b712cb3a9d,18,,,True
17586,计价风险不包括什么？,非案例题:教材条目被误标 question_type=case_study,no_question_text,TEXTBOOK,,QTZ_1A40720_SMR_QTZ_4c40143084c8,9,,,True
17587,投标报价编制的依据是什么？,非案例题:教材条目被误标 question_type=case_study,no_question_text,TEXTBOOK,,QTZ_1A40720_SMR_QTZ_8e3aff863527,12,,,True
17588,建设工程造价由哪八个部分构成？,非案例题:教材条目被误标 question_type=case_study,no_question_text,TEXTBOOK,,QTZ_1A40720_SMR_QTZ_c6cd5b417276,14,,,True
17589,流水施工的特点有哪些？,非案例题:教材条目被误标 question_type=case_study,no_question_text,TEXTBOOK,,QTZ_1A40810_SMR_QTZ_c3765d181fab,10,,,True
17590,网络计划技术的应用程序包括？,非案例题:教材条目被误标 question_type=case_study,no_question_text,TEXTBOOK,,QTZ_1A40810_SMR_QTZ_cabfad0e8ff6,13,,,True
17591,工期优化中，选择优化对象应考虑的因素有哪些？,非案例题:教材条目被误标 question_type=case_study,no_question_text,TEXTBOOK,,QTZ_1A40810_SMR_QTZ_cd9890b7da71,20,,,True
17592,施工总进度计划的内容包括？,非案例题:教材条目被误标 question_type=case_study,no_question_text,TEXTBOOK,,QTZ_1A40820_SMR_QTZ_8e948f9013a3,12,,,True
17593,施工总进度计划的编制步骤是什么？,非案例题:教材条目被误标 question_type=case_study,no_question_text,TEXTBOOK,,QTZ_1A40820_SMR_QTZ_93c87bb51184,15,,,True
17594,调整施工进度计划的步骤包括？,非案例题:教材条目被误标 question_type=case_study,no_question_text,TEXTBOOK,,QTZ_1A40820_SMR_QTZ_2b0b9e309acd,13,,,True
17595,施工企业质量计划监督检查的内容有哪些？,非案例题:教材条目被误标 question_type=case_study,no_question_text,TEXTBOOK,,QTZ_1A40910_SMR_QTZ_c5820f175d8d,18,,,True
17596,现场质量检查的内容包括什么？,非案例题:教材条目被误标 question_type=case_study,no_question_text,TEXTBOOK,,QTZ_1A40920_SMR_QTZ_48a523cb42d9,13,,,True
17597,基坑（槽）验槽，重点观察的部位有哪些？,非案例题:教材条目被误标 question_type=case_study,no_question_text,TEXTBOOK,,QTZ_1A40920_SMR_QTZ_7c50f9148f4d,15,,,True
17598,钢筋隐蔽工程验收的内容包括哪些？,非案例题:教材条目被误标 question_type=case_study,no_question_text,TEXTBOOK,,QTZ_1A40920_SMR_QTZ_f1de0671c3d0,15,,,True
17599,造成基坑边坡塌方原因及治理措施包括？--- 第136页 ---,非案例题:教材条目被误标 question_type=case_study,no_question_text,TEXTBOOK,,QTZ_1A40930_SMR_QTZ_9eafcacea1e8,22,,,True
17600,造成屋面防水卷材开裂的原因及防治包括？,非案例题:教材条目被误标 question_type=case_study,no_question_text,TEXTBOOK,,QTZ_1A40930_SMR_QTZ_08701db3fbea,18,,,True
17601,墙体节能施工的常见问题有哪些？,非案例题:教材条目被误标 question_type=case_study,no_question_text,TEXTBOOK,,QTZ_1A40930_SMR_QTZ_91ca97ae5c70,14,,,True
17604,地基与基础工程的子分部工程包括哪些？,非案例题:教材条目被误标 question_type=case_study,no_question_text,TEXTBOOK,,QTZ_1A40940_SMR_QTZ_1b5be5f450b3,17,,,True
17605,地基与基础工程验收的程序包括哪些？,非案例题:教材条目被误标 question_type=case_study,no_question_text,TEXTBOOK,,QTZ_1A40940_SMR_QTZ_fcb3fda786ea,16,,,True
17606,地基与基础工程验收应提交的资料包括哪些？,非案例题:教材条目被误标 question_type=case_study,no_question_text,TEXTBOOK,,QTZ_1A40940_SMR_QTZ_8fe1038e450f,19,,,True
17607,主体结构工程中，混凝土结构和砌体结构的子分部工程分别包括哪些分项工程？,非案例题:教材条目被误标 question_type=case_study,no_question_text,TEXTBOOK,,QTZ_1A40940_SMR_QTZ_b0fa02da9c09,33,,,True
17608,单位工程质量验收合格标准有哪些？,非案例题:教材条目被误标 question_type=case_study,no_question_text,TEXTBOOK,,QTZ_1A40940_SMR_QTZ_21094aee498e,15,,,True
17609,施工成本计划编制的主要依据包括哪些？,非案例题:教材条目被误标 question_type=case_study,no_question_text,TEXTBOOK,,QTZ_1A41010_SMR_QTZ_fd5057477ab9,17,,,True
17610,施工项目目标成本根据工程性质、类别或特点，可选择哪些方法进行分解？,非案例题:教材条目被误标 question_type=case_study,no_question_text,TEXTBOOK,,QTZ_1A41010_SMR_QTZ_0ceaef790bde,30,,,True
17612,根据项目成本管理制度，应确定项目成本考核的哪些事项？,非案例题:教材条目被误标 question_type=case_study,no_question_text,TEXTBOOK,,QTZ_1A41030_SMR_QTZ_0ffad484e01d,24,,,True
17613,施工成本考核中，企业对项目部的考核内容包括哪些？,非案例题:教材条目被误标 question_type=case_study,no_question_text,TEXTBOOK,,QTZ_1A41030_SMR_QTZ_0084a7ce862b,22,,,True
17614,施工企业对分包单位的安全生产管理要求包括？,非案例题:教材条目被误标 question_type=case_study,no_question_text,TEXTBOOK,,QTZ_1A41110_SMR_QTZ_d951433578a7,20,,,True
17615,项目专职安全生产管理人员应履行的主要安全生产职责包括？,非案例题:教材条目被误标 question_type=case_study,no_question_text,TEXTBOOK,,QTZ_1A41110_SMR_QTZ_c022722ef297,26,,,True
17616,施工企业根据施工管理和环境特征，组织各管理层制订应急救援预案的内容包括？,非案例题:教材条目被误标 question_type=case_study,no_question_text,TEXTBOOK,,QTZ_1A41110_SMR_QTZ_68acfdf506ed,34,,,True
17617,施工企业安全生产管理制度包括？,非案例题:教材条目被误标 question_type=case_study,no_question_text,TEXTBOOK,,QTZ_1A41110_SMR_QTZ_d95fe0edca07,14,,,True
17618,安全生产教育培训的对象包括？,非案例题:教材条目被误标 question_type=case_study,no_question_text,TEXTBOOK,,QTZ_1A41110_SMR_QTZ_0f2ebf145e06,13,,,True
17619,施工企业新上岗操作工人岗前教育培训的内容包括？,非案例题:教材条目被误标 question_type=case_study,no_question_text,TEXTBOOK,,QTZ_1A41110_SMR_QTZ_d041216259fd,22,,,True
17620,施工企业每年应按规定对所有从业人员进行安全生产继续教育培训的内容包括？,非案例题:教材条目被误标 question_type=case_study,no_question_text,TEXTBOOK,,QTZ_1A41110_SMR_QTZ_9249cda0ca1e,34,,,True
17621,重大危险源的风险分析评价包括？,非案例题:教材条目被误标 question_type=case_study,no_question_text,TEXTBOOK,,QTZ_1A41110_SMR_QTZ_939a76f04aec,14,,,True
17622,建筑工程施工安全检查的主要内容包括？,非案例题:教材条目被误标 question_type=case_study,no_question_text,TEXTBOOK,,QTZ_1A41120_SMR_QTZ_a82f499344c5,17,,,True
17623,"现场施工作业过程中的""三违""包括？",非案例题:教材条目被误标 question_type=case_study,no_question_text,TEXTBOOK,,QTZ_1A41120_SMR_QTZ_bac435fd446f,14,,,True
17624,建筑工程安全检查的方法包括哪些？,非案例题:教材条目被误标 question_type=case_study,no_question_text,TEXTBOOK,,QTZ_1A41120_SMR_QTZ_dd79a8deba17,15,,,True
17625,"建筑工程安全检查的方法中，""看""的主要内容包括？",非案例题:教材条目被误标 question_type=case_study,no_question_text,TEXTBOOK,,QTZ_1A41120_SMR_QTZ_127bd1593ed4,20,,,True
17626,基坑工程安全检查的保证项目分别包括？,非案例题:教材条目被误标 question_type=case_study,no_question_text,TEXTBOOK,,QTZ_1A41120_SMR_QTZ_ded584a4a7bd,17,,,True
17627,施工升降机安全检查的保证项目分别包括？,非案例题:教材条目被误标 question_type=case_study,no_question_text,TEXTBOOK,,QTZ_1A41120_SMR_QTZ_a7b7bae37f1c,18,,,True
17628,塔式起重机的安全检查的保证项目分别包括？,非案例题:教材条目被误标 question_type=case_study,no_question_text,TEXTBOOK,,QTZ_1A41120_SMR_QTZ_56dd1fcebe69,19,,,True
17629,基坑发生坍塌的主要迹象包括？,非案例题:教材条目被误标 question_type=case_study,no_question_text,TEXTBOOK,,QTZ_1A41130_SMR_QTZ_d0bf43b4c4cd,13,,,True
17630,基础工程施工安全控制的主要内容包括？,非案例题:教材条目被误标 question_type=case_study,no_question_text,TEXTBOOK,,QTZ_1A41130_SMR_QTZ_e350442084aa,17,,,True
17631,基坑（槽）开挖前的勘察内容包括？,非案例题:教材条目被误标 question_type=case_study,no_question_text,TEXTBOOK,,QTZ_1A41130_SMR_QTZ_c3a8cdf7b346,13,,,True
17632,脚手架地基应符合哪些规定？,非案例题:教材条目被误标 question_type=case_study,no_question_text,TEXTBOOK,,QTZ_1A41130_SMR_QTZ_c7681e5caa93,12,,,True
17633,脚手架搭设过程中检查的内容包括？,非案例题:教材条目被误标 question_type=case_study,no_question_text,TEXTBOOK,,QTZ_1A41130_SMR_QTZ_e08393e58422,15,,,True
17634,脚手架定期检查的主要内容包括？,非案例题:教材条目被误标 question_type=case_study,no_question_text,TEXTBOOK,,QTZ_1A41130_SMR_QTZ_1a6d92915b9f,14,,,True
17635,主体工程施工容易发生的安全事故类型包括？,非案例题:教材条目被误标 question_type=case_study,no_question_text,TEXTBOOK,,QTZ_1A41130_SMR_QTZ_04fd234a8cf6,19,,,True
17636,安全防护设施验收资料应包括的主要内容？,非案例题:教材条目被误标 question_type=case_study,no_question_text,TEXTBOOK,,QTZ_1A41130_SMR_QTZ_5049401f1e08,18,,,True
17637,建筑业相关职业伤害事故类型包括？,非案例题:教材条目被误标 question_type=case_study,no_question_text,TEXTBOOK,,QTZ_1A41140_SMR_QTZ_4dad54c94e3d,15,,,True
17642,工程项目成本、进度、质量、安全管理子系统，分别包括哪些主要功能？,非案例题:教材条目被误标 question_type=case_study,no_question_text,TEXTBOOK,,QTZ_1A41210_SMR_QTZ_e10b826ee91f,27,,,True
17643,根据《建筑基坑工程监测技术标准》GB50497—2019有关规定，现场监测的对象宜包括哪些？,非案例题:教材条目被误标 question_type=case_study,no_question_text,TEXTBOOK,,QTZ_1A41210_SMR_QTZ_067caf4bf275,39,,,True
17644,哪些作业能导致噪声致聋职业病？,非案例题:教材条目被误标 question_type=case_study,no_question_text,TEXTBOOK,,QTZ_1A41220_SMR_QTZ_5fd76bee1a7f,14,,,True
17645,对从事接触职业病危害作业的劳动者应该在什么时间做职业健康检查？,非案例题:教材条目被误标 question_type=case_study,no_question_text,TEXTBOOK,,QTZ_1A41220_SMR_QTZ_cf309ebb6231,30,,,True
17646,现场文明施工管理的主要内容包括？,非案例题:教材条目被误标 question_type=case_study,no_question_text,TEXTBOOK,,QTZ_1A41220_SMR_QTZ_4f059914a2c3,15,,,True
17647,现场文明施工管理的基本要求包括？,非案例题:教材条目被误标 question_type=case_study,no_question_text,TEXTBOOK,,QTZ_1A41220_SMR_QTZ_960266b697ee,15,,,True
17648,施工现场的哪些临时设施所用建筑材料应符合环保、消防要求？,非案例题:教材条目被误标 question_type=case_study,no_question_text,TEXTBOOK,,QTZ_1A41220_SMR_QTZ_39f883fd8f82,26,,,True
17650,土方机械化开挖应根据哪些内容选择挖土机械？,非案例题:教材条目被误标 question_type=case_study,no_question_text,TEXTBOOK,,QTZ_1A41320_SMR_QTZ_763d14d847b6,20,,,True
17651,施工机械设备选择的依据是？,非案例题:教材条目被误标 question_type=case_study,no_question_text,TEXTBOOK,,QTZ_1A41320_SMR_QTZ_4bb6e06b366e,12,,,True
17652,"项目机械设备的使用管理中，通过进场培训和定期的过程培训，使操作人员做到""四懂三会""，使维修人员做到""三懂四会""，分别指的是？",非案例题:教材条目被误标 question_type=case_study,no_question_text,TEXTBOOK,,QTZ_1A41320_SMR_QTZ_1412658c80d5,53,,,True
17653,分包单位的劳务人员在进场施工前，应将进场施工人员哪些内容报送总承包商备案？,非案例题:教材条目被误标 question_type=case_study,no_question_text,TEXTBOOK,,QTZ_1A41330_SMR_QTZ_05d4a5e7f27f,35,,,True
17654,劳务员要做好劳务管理工作资料的收集、整理、归档，包括哪些内容？,非案例题:教材条目被误标 question_type=case_study,no_question_text,TEXTBOOK,,QTZ_1A41330_SMR_QTZ_ce3c68b886e5,27,,,True
17967,按建筑物的用途通常可以将建筑物分为______、______和农业建筑。,非案例题:教材习题被误标 question_type=case_study,no_question_text,textbook_exercise,,,22,,,True
17968,高层民用建筑：建筑高度大于______m的住宅建筑和建筑高度大于______m，且不大于______m的非单层公共建筑。,非案例题:教材习题被误标 question_type=case_study,no_question_text,textbook_exercise,,,36,,,True
17969,超高层建筑：建筑高度大于______m的建筑。,非案例题:教材习题被误标 question_type=case_study,no_question_text,textbook_exercise,,,14,,,True
17970,建筑物由______体系、______体系和______体系组成。,非案例题:教材习题被误标 question_type=case_study,no_question_text,textbook_exercise,,,13,,,True
17971,______是有效控制城市发展的重要手段。,非案例题:教材习题被误标 question_type=case_study,no_question_text,textbook_exercise,,,14,,,True
17972,钢筋混凝土构件作为消能器的支撑构件时，其混凝土强度等级不应低于______。,非案例题:教材习题被误标 question_type=case_study,no_question_text,textbook_exercise,,,30,,,True
17973,对于钢结构，消能部件和主体结构构件的总体安装顺序宜采用平行安装法，平面上应从______向______开展，竖向应从______向______逐渐进行。,非案例题:教材习题被误标 question_type=case_study,no_question_text,textbook_exercise,,,48,,,True
17974,特殊设防类、重点设防类建筑，隔震层中的隔震支座，每种规格产品抽样数量应为______%。,非案例题:教材习题被误标 question_type=case_study,no_question_text,textbook_exercise,,,33,,,True
17975,标准设防类建筑，隔震层中的隔震支座，每种规格产品抽样数量不应少于总数的______%，有不合格试件时，应______%检测。,非案例题:教材习题被误标 question_type=case_study,no_question_text,textbook_exercise,,,43,,,True
17976,隔震层中的隔震支座，每项工程抽样总数不应少于______件，每种规格的产品抽样数量不应少于______件，当产品少于4件时，应全部进行检验。,非案例题:教材习题被误标 question_type=case_study,no_question_text,textbook_exercise,,,53,,,True
17994,疏散楼梯平台耐火极限不应低于______h，楼梯段的耐火极限不应低于______h。,非案例题:教材习题被误标 question_type=case_study,no_question_text,textbook_exercise,,,26,,,True
17995,医院病房室内疏散楼梯最小净宽度为______m，居住建筑室内疏散楼梯最小净宽度为______m。,非案例题:教材习题被误标 question_type=case_study,no_question_text,textbook_exercise,,,32,,,True
17996,公共楼梯每个梯段的踏步一般不超过______级，亦不应少于______级。,非案例题:教材习题被误标 question_type=case_study,no_question_text,textbook_exercise,,,23,,,True
17997,公共楼梯休息平台上部及下部过道处净高≥______m，梯段净高≥______m。,非案例题:教材习题被误标 question_type=case_study,no_question_text,textbook_exercise,,,22,,,True
17998,室内楼梯扶手高度自踏步前缘线量起不宜小于______m。,非案例题:教材习题被误标 question_type=case_study,no_question_text,textbook_exercise,,,20,,,True
18001,______性、______性、______性概括地称为结构的可靠性。,非案例题:教材习题被误标 question_type=case_study,no_question_text,textbook_exercise,,,14,,,True
18002,普通房屋的设计工作年限为______年，特别重要的建筑结构的设计工作年限为______年。,非案例题:教材习题被误标 question_type=case_study,no_question_text,textbook_exercise,,,31,,,True
18003,通常条件下，对悬臂梁位移影响最大的因素是______。,非案例题:教材习题被误标 question_type=case_study,no_question_text,textbook_exercise,,,19,,,True
18004,混凝土结构耐久性的环境类别| 环境类别 | 名称 | 劣化机理 ||---------|------|---------|| I | 一般环境 | ______引起钢筋锈蚀 || II | 冻融环境 | ______导致混凝土损伤 || III | 海洋氯化物环境 | _____,非案例题:教材习题被误标 question_type=case_study,no_question_text,textbook_exercise,,,92,,,True
18005,I-A类环境，设计工作年限50年的普通住宅工程，其结构混凝土的强度等级≥______，预应力混凝土楼板的混凝土最低强度等级≥______。预应力混凝土梁的混凝土最低强度等级≥______。,非案例题:教材习题被误标 question_type=case_study,no_question_text,textbook_exercise,,,65,,,True
18006,直接接触土体浇筑的构件，其混凝土最小保护层厚度是______mm。,非案例题:教材习题被误标 question_type=case_study,no_question_text,textbook_exercise,,,23,,,True
18007,框架结构的建筑平面布置______，侧向刚度较______，当层数较多时会产生过______侧移。,非案例题:教材习题被误标 question_type=case_study,no_question_text,textbook_exercise,,,28,,,True
18008,剪力墙结构的建筑平面布置______，侧向刚度______，水平荷载作用下侧移______。,非案例题:教材习题被误标 question_type=case_study,no_question_text,textbook_exercise,,,25,,,True
18009,______结构是抵抗水平荷载最有效的结构体系。,非案例题:教材习题被误标 question_type=case_study,no_question_text,textbook_exercise,,,17,,,True
18010,拱是一种有推力的结构，它的主要内力是______。,非案例题:教材习题被误标 question_type=case_study,no_question_text,textbook_exercise,,,17,,,True
18019,对受压钢筋，当充分利用其抗压强度并需锚固时，其锚固长度不应小于受拉钢筋锚固长度的______%。,非案例题:教材习题被误标 question_type=case_study,no_question_text,textbook_exercise,,,38,,,True
18023,预制剪力墙宜采用一字形，也可采用______形、______形或______形。,非案例题:教材习题被误标 question_type=case_study,no_question_text,textbook_exercise,,,19,,,True
18025,HRB400的钢筋理论屈服强度为______MPa。,非案例题:教材习题被误标 question_type=case_study,no_question_text,textbook_exercise,,,13,,,True
18026,强屈比=______/______≥______。,非案例题:教材习题被误标 question_type=case_study,no_question_text,textbook_exercise,,,3,,,True
18027,超屈比=______/______≤______。,非案例题:教材习题被误标 question_type=case_study,no_question_text,textbook_exercise,,,3,,,True
18028,最大力总延伸率实测值≥______%。,非案例题:教材习题被误标 question_type=case_study,no_question_text,textbook_exercise,,,10,,,True
18029,钢材的力学性能包括______性能、______性能、______性能等。,非案例题:教材习题被误标 question_type=case_study,no_question_text,textbook_exercise,,,16,,,True
18030,______是结构设计中钢材强度的取值依据。,非案例题:教材习题被误标 question_type=case_study,no_question_text,textbook_exercise,,,15,,,True
18031,______是评价钢材使用可靠性的一个参数，其值愈大，表示安全性越______。,非案例题:教材习题被误标 question_type=case_study,no_question_text,textbook_exercise,,,25,,,True
18032,钢材的塑性指标通常用______表示，其值越大，钢材的塑性越______。,非案例题:教材习题被误标 question_type=case_study,no_question_text,textbook_exercise,,,22,,,True
18033,硅酸盐水泥的代号为______；普通水泥的代号______；矿渣水泥的代号为______；火山灰水泥的代号为______；粉煤灰水泥的代号为______；复合水泥______。,非案例题:教材习题被误标 question_type=case_study,no_question_text,textbook_exercise,,,46,,,True
18034,水泥的技术要求包括______、______、______。,非案例题:教材习题被误标 question_type=case_study,no_question_text,textbook_exercise,,,9,,,True
18035,国家标准规定，六大常用水泥的初凝时间均不得短于______min，硅酸盐水泥的终凝时间不得长于______h，其他五类常用水泥的终凝时间不得长于______h。,非案例题:教材习题被误标 question_type=case_study,no_question_text,textbook_exercise,,,53,,,True
18036,采用______法来测定水泥的______天和______天的______强度和______强度，根据测定结果来确定该水泥的强度等级。,非案例题:教材习题被误标 question_type=case_study,no_question_text,textbook_exercise,,,35,,,True
18037,在普通气候环境中，优选______水泥。,非案例题:教材习题被误标 question_type=case_study,no_question_text,textbook_exercise,,,12,,,True
18038,在干燥环境中优选______水泥。,非案例题:教材习题被误标 question_type=case_study,no_question_text,textbook_exercise,,,10,,,True
18039,在厚大体积混凝土中，不宜使用______水泥。,非案例题:教材习题被误标 question_type=case_study,no_question_text,textbook_exercise,,,15,,,True
18040,在受侵蚀介质作用的混凝土中，不宜使用______水泥。,非案例题:教材习题被误标 question_type=case_study,no_question_text,textbook_exercise,,,19,,,True
18041,快硬、早强或高强（>C50）混凝土，优选______水泥。,非案例题:教材习题被误标 question_type=case_study,no_question_text,textbook_exercise,,,16,,,True
18042,和易性包括______、______、______三个方面。,非案例题:教材习题被误标 question_type=case_study,no_question_text,textbook_exercise,,,9,,,True
18043,施工现场常用坍落度试验来测定混凝土拌合物的坍落度或坍落扩展度，作为______性指标，坍落度或坍落扩展度愈大表示流动性愈______。,非案例题:教材习题被误标 question_type=case_study,no_question_text,textbook_exercise,,,52,,,True
18044,对坍落度值小于10mm的干硬性混凝土拌合物，则用维勃稠度试验测定其稠度作为______性指标，维勃稠度（s）值愈大表示流动性愈______。,非案例题:教材习题被误标 question_type=case_study,no_question_text,textbook_exercise,,,50,,,True
18045,______是影响混凝土和易性的最主要因素。,非案例题:教材习题被误标 question_type=case_study,no_question_text,textbook_exercise,,,15,,,True
18046,混凝土立方体抗压标准强度，制作______mm标准试块在______养护条件下，______d龄期。,非案例题:教材习题被误标 question_type=case_study,no_question_text,textbook_exercise,,,26,,,True
18047,混凝土抗渗性直接影响到混凝土的______性和______性。,非案例题:教材习题被误标 question_type=case_study,no_question_text,textbook_exercise,,,18,,,True
18048,混凝土抗渗性主要与其______、______、______有关。,非案例题:教材习题被误标 question_type=case_study,no_question_text,textbook_exercise,,,12,,,True
18049,改善混凝土拌合物流动性的外加剂包括______剂、______剂、______剂。,非案例题:教材习题被误标 question_type=case_study,no_question_text,textbook_exercise,,,20,,,True
18050,调节混凝土凝结时间、硬化性能的外加剂包括______剂、______剂、______剂等。,非案例题:教材习题被误标 question_type=case_study,no_question_text,textbook_exercise,,,23,,,True
18051,______多用于冬期施工或紧急抢修工程。,非案例题:教材习题被误标 question_type=case_study,no_question_text,textbook_exercise,,,14,,,True
18052,混凝土碳化使混凝土的碱度______，______混凝土对钢筋的保护作用，可能导致钢筋______。显著______混凝土的收缩，使混凝土抗压强度______，但可能产生细微裂缝，而使混凝土抗拉强度、抗折强度______。,非案例题:教材习题被误标 question_type=case_study,no_question_text,textbook_exercise,,,67,,,True
18053,引气剂可改善混凝土拌合物的______性，减少泌水离析，并能提高混凝土的______性和______性。同时，含气量的增加，混凝土弹性模量降低，对提高混凝土的______性有利。由于大量微气泡的存在，混凝土的抗压强度会有所______。,非案例题:教材习题被误标 question_type=case_study,no_question_text,textbook_exercise,,,79,,,True
18054,烧结多孔砖孔洞率≥______，主要用于承重部位，砌筑时孔洞______于受压面。,非案例题:教材习题被误标 question_type=case_study,no_question_text,textbook_exercise,,,25,,,True
18055,烧结多孔砌块孔洞率≥______，主要用于承重部位，砌筑时孔洞______于受压面。,非案例题:教材习题被误标 question_type=case_study,no_question_text,textbook_exercise,,,26,,,True
18056,烧结空心砖，孔洞率≥______，用于框架填充墙和自承重隔墙。,非案例题:教材习题被误标 question_type=case_study,no_question_text,textbook_exercise,,,21,,,True
18072,天然花岗石属于______性硬石材，天然大理石属于______性中硬石材。,非案例题:教材习题被误标 question_type=case_study,no_question_text,textbook_exercise,,,23,,,True
18073,影响木材物理力学性质和应用的最主要的含水率指标是______和______。,非案例题:教材习题被误标 question_type=case_study,no_question_text,textbook_exercise,,,25,,,True
18074,______可造成木材表面鼓凸。,非案例题:教材习题被误标 question_type=case_study,no_question_text,textbook_exercise,,,9,,,True
18075,______会使木材翘曲、开裂、接榫松动、拼缝不严。,非案例题:教材习题被误标 question_type=case_study,no_question_text,textbook_exercise,,,16,,,True
18076,木材变形在各方向上不同，顺纹方向最______，径向较______，弦向最______。,非案例题:教材习题被误标 question_type=case_study,no_question_text,textbook_exercise,,,22,,,True
18077,安全玻璃包括______玻璃、______玻璃、______玻璃。,非案例题:教材习题被误标 question_type=case_study,no_question_text,textbook_exercise,,,12,,,True
18080,有机防火堵料（可塑性）的特性是长期______硬化；可塑性______；______重复使用；遇火时______；优异______性。应用封堵各种______形状孔洞，需经常更换或增减电缆、管道的场合。,非案例题:教材习题被误标 question_type=case_study,no_question_text,textbook_exercise,,,55,,,True
18081,无机防火堵料（速固型）的特性是固化快速；耐火极限与力学强度______；______承受一定重量；又有一定的可折性；有较好的______性能。应用封堵后______场合。,非案例题:教材习题被误标 question_type=case_study,no_question_text,textbook_exercise,,,53,,,True
18082,防火包（耐火包、阻火包）应用封堵______孔洞场所。,非案例题:教材习题被误标 question_type=case_study,no_question_text,textbook_exercise,,,17,,,True
18083,导热系数越小，保温性能越好，其中液体、非金属、金属、气体的导热系数从大到小排序的是______、______、______、______。,非案例题:教材习题被误标 question_type=case_study,no_question_text,textbook_exercise,,,36,,,True
18084,材料吸湿受潮后，导热系数就会______。材料的导热系数随温度的升高而______。,非案例题:教材习题被误标 question_type=case_study,no_question_text,textbook_exercise,,,27,,,True
18085,当热流平行于纤维方向时保温性能______，当垂直纤维方向时阻热性能______。,非案例题:教材习题被误标 question_type=case_study,no_question_text,textbook_exercise,,,27,,,True
18088,水准仪主要测量______，经纬仪主要测量______。,非案例题:教材习题被误标 question_type=case_study,no_question_text,textbook_exercise,,,14,,,True
18089,建筑物施工高程控制网计算公式：______。,非案例题:教材习题被误标 question_type=case_study,no_question_text,textbook_exercise,,,14,,,True
18090,建筑变形测量精度等级分为______、______、______、______、______共五级。,非案例题:教材习题被误标 question_type=case_study,no_question_text,textbook_exercise,,,15,,,True
18091,变形测量的基准点分为______和______。,非案例题:教材习题被误标 question_type=case_study,no_question_text,textbook_exercise,,,11,,,True
18092,在不同时期测量：采用相同的______、______、______、______；测量等级为特等、一等时：尚宜采用______、______。,非案例题:教材习题被误标 question_type=case_study,no_question_text,textbook_exercise,,,26,,,True
18094,大中型的施工项目施工测量平面控制测量步骤包括哪些？,非案例题:教材习题被误标 question_type=case_study,no_question_text,textbook_exercise,,,24,,,True
18095,变形测量发现异常情况后，第三方测量单位应及时采取哪些措施？,非案例题:教材习题被误标 question_type=case_study,no_question_text,textbook_exercise,,,27,,,True
18098,排桩支护根据支撑情况可分为________式、________式、________式、________式支护结构。,非案例题:教材习题被误标 question_type=case_study,no_question_text,textbook_exercise,,,21,,,True
18099,土钉墙的坡比（高宽比）≤________，倾角________，间距________m。,非案例题:教材习题被误标 question_type=case_study,no_question_text,textbook_exercise,,,13,,,True
18100,基坑工程施工________，由________单位委托有资质的第三方监测单位实施现场监测，________单位编制监测方案，并经________方、________方、________方等认可。,非案例题:教材习题被误标 question_type=case_study,no_question_text,textbook_exercise,,,44,,,True
18101,降水常用的方法有________、________、________、________、________、________等。,非案例题:教材习题被误标 question_type=case_study,no_question_text,textbook_exercise,,,9,,,True
18102,填土应从场地________处开始，由________而________整个宽度分层铺填。每层虚铺厚度应根据________确定。,非案例题:教材习题被误标 question_type=case_study,no_question_text,textbook_exercise,,,30,,,True
18103,填土施工时，振动压实机的分层厚度________mm，每层压实________遍。,非案例题:教材习题被误标 question_type=case_study,no_question_text,textbook_exercise,,,20,,,True
18104,基坑验槽应由__________________________________组织，施工单位会同________、________、________、________等单位共同进行。,非案例题:教材习题被误标 question_type=case_study,no_question_text,textbook_exercise,,,21,,,True
18106,基坑工程每天应安排专人巡视检查，巡视检查的主要内容包括哪些？,非案例题:教材习题被误标 question_type=case_study,no_question_text,textbook_exercise,,,28,,,True
18107,基坑工程每日应安排专人巡视检查，巡视检查方法包括哪些？,非案例题:教材习题被误标 question_type=case_study,no_question_text,textbook_exercise,,,25,,,True
18108,基坑开挖时，应对哪些内容进行经常复测检查？,非案例题:教材习题被误标 question_type=case_study,no_question_text,textbook_exercise,,,19,,,True
18112,锤击沉桩法施工时，当预制桩混凝土强度达到________%后方可起吊，达到________%后方可运输，达到________%后方可打桩。,非案例题:教材习题被误标 question_type=case_study,no_question_text,textbook_exercise,,,38,,,True
18113,锤击沉桩法接桩接头宜高出地面________m，接桩方法分为________、________、________等。,非案例题:教材习题被误标 question_type=case_study,no_question_text,textbook_exercise,,,21,,,True
18114,锤击桩终止沉桩标准：终止沉桩应以桩端________控制为主，________控制为辅，当桩终端达到坚硬、硬塑黏性土、中密以上粉土、砂土、碎石土及风化岩时，可以________控制为主，桩端________控制为辅。当贯入度达到设计要求而桩端标高未达到时，应________时可予,非案例题:教材习题被误标 question_type=case_study,no_question_text,textbook_exercise,,,92,,,True
18115,泥浆护壁法钻孔灌注桩施工工艺流程：场地平整→桩位放线→开挖浆池、浆沟→护筒理设→钻机就位、孔位校正→成孔、泥浆循环、清除废浆、泥渣→________→________→________→________→浇筑水下混凝土→成桩。,非案例题:教材习题被误标 question_type=case_study,no_question_text,textbook_exercise,,,63,,,True
18116,泥浆护壁钻孔灌注桩清孔方法包括________清孔、________清孔、________清孔。,非案例题:教材习题被误标 question_type=case_study,no_question_text,textbook_exercise,,,21,,,True
18117,泥浆护壁钻孔灌注桩水下混凝土超灌高度应高于设计桩顶标高________m以上，充盈系数≥________。,非案例题:教材习题被误标 question_type=case_study,no_question_text,textbook_exercise,,,33,,,True
18118,桩基验收检测时，先进行________________检测，后进行________________检测。,非案例题:教材习题被误标 question_type=case_study,no_question_text,textbook_exercise,,,17,,,True
18119,混凝土基础设计使用年限达到100年的地下结构和构件，其迎水面的钢筋保护层厚度≥________mm；当无垫层时，≥________mm。,非案例题:教材习题被误标 question_type=case_study,no_question_text,textbook_exercise,,,42,,,True
18120,大体积基础：混凝土浇筑体最大温升值≤________℃，混凝土浇筑体里表温差不宜大于________℃，拆除保温覆盖混凝土体表面与大气温差≤________℃，混凝土的降温速率不宜大于________℃/d。,非案例题:教材习题被误标 question_type=case_study,no_question_text,textbook_exercise,,,59,,,True
18121,大体积混凝土浇筑体内监测点布置，应反映混凝土浇筑内________、________、________、________；测温点位置沿混凝土浇筑体厚度方向应至少布置________、________、________温度测点，测点间距不宜大于________mm；混凝土浇筑体表层,非案例题:教材习题被误标 question_type=case_study,no_question_text,textbook_exercise,,,109,,,True
18124,桩基验收检测的受检桩选择条件包括哪些？,非案例题:教材习题被误标 question_type=case_study,no_question_text,textbook_exercise,,,18,,,True
18125,混凝土输送和布料设备包括哪些？,非案例题:教材习题被误标 question_type=case_study,no_question_text,textbook_exercise,,,14,,,True
18126,大体积混凝土水平施工缝的位置及间歇时间，应根据哪些因素确定？,非案例题:教材习题被误标 question_type=case_study,no_question_text,textbook_exercise,,,28,,,True
18138,模板工程设计原则包括________性、________性、________性。,非案例题:教材习题被误标 question_type=case_study,no_question_text,textbook_exercise,,,13,,,True
18139,对跨度≥4m的现浇钢筋混凝土梁、板模板设计无要求时，按构件跨度________高度起拱。,非案例题:教材习题被误标 question_type=case_study,no_question_text,textbook_exercise,,,31,,,True
18140,当受拉钢筋直径大于________mm、受压钢筋直径大于________mm时，不宜采用绑扎搭接接头。,非案例题:教材习题被误标 question_type=case_study,no_question_text,textbook_exercise,,,28,,,True
18141,HPB300级光圆钢筋冷拉率不宜大于________%，HRB400、HRB500级带肋钢筋冷拉率不宜大于________%。,非案例题:教材习题被误标 question_type=case_study,no_question_text,textbook_exercise,,,33,,,True
18142,框架梁的上部钢筋接头位置宜设置在________跨度范围内，下部钢筋接头位置宜设置在________跨度范围内。板的上部钢筋接头位置宜设置在________跨度范围内，下部钢筋接头位置宜设置在________跨度范围内。,非案例题:教材习题被误标 question_type=case_study,no_question_text,textbook_exercise,,,74,,,True
18143,混凝土泵或泵车应尽可能靠近浇筑地点，浇筑时由________至________进行。,非案例题:教材习题被误标 question_type=case_study,no_question_text,textbook_exercise,,,24,,,True
18144,有主次梁楼板宜顺________梁方向浇筑，单向板宜沿板的________边方向浇筑。,非案例题:教材习题被误标 question_type=case_study,no_question_text,textbook_exercise,,,25,,,True
18145,填充后浇带，可采用________混凝土，强度等级比原结构强度________，并保持至少________d的湿润养护。,非案例题:教材习题被误标 question_type=case_study,no_question_text,textbook_exercise,,,31,,,True
18146,混凝土浇筑后应及时进行保湿养护，保湿养护可采用________、________、________等方式。,非案例题:教材习题被误标 question_type=case_study,no_question_text,textbook_exercise,,,25,,,True
18147,砌体墙上留置临时施工洞口净宽度不应大于________，其侧边距交接处墙面不应小于________。,非案例题:教材习题被误标 question_type=case_study,no_question_text,textbook_exercise,,,32,,,True
18148,马牙槎施工应先________________，然后________________，最后________________。,非案例题:教材习题被误标 question_type=case_study,no_question_text,textbook_exercise,,,11,,,True
18149,马牙槎应先________后________，每一马牙槎沿高度方向的尺寸≤________mm，墙与柱应沿高度方向每________mm设2φ6拉结筋。,非案例题:教材习题被误标 question_type=case_study,no_question_text,textbook_exercise,,,35,,,True
18150,正常施工条件下，砖砌体每日砌筑高度宜控制在________m。,非案例题:教材习题被误标 question_type=case_study,no_question_text,textbook_exercise,,,20,,,True
18151,砖柱不得采用________砌法。多孔砖的孔洞应________于受压面砌筑。,非案例题:教材习题被误标 question_type=case_study,no_question_text,textbook_exercise,,,21,,,True
18152,混凝土小型空心砌块应将生产时的底面朝________砌于墙上，应对孔错缝搭砌。单排孔小砌块搭接长度应为块体长度的________，多排孔小砌块搭接长度不宜小于小砌块长度________。,非案例题:教材习题被误标 question_type=case_study,no_question_text,textbook_exercise,,,65,,,True
18153,正常施工条件下，小砌块砌体每日砌筑高度宜控制在________m。,非案例题:教材习题被误标 question_type=case_study,no_question_text,textbook_exercise,,,22,,,True
18154,在厨房、卫生间、浴室等处采用轻骨料混凝土小型空心砌块、蒸压加气混凝土砌块砌筑墙体时，墙底部宜________________，其高度宜为________mm。,非案例题:教材习题被误标 question_type=case_study,no_question_text,textbook_exercise,,,47,,,True
18155,钢结构构件的连接方法有________、________、________。,非案例题:教材习题被误标 question_type=case_study,no_question_text,textbook_exercise,,,11,,,True
18156,高强度螺栓和焊接并用的连接节点，当设计文件无规定时，宜按先________后________的施工顺序。高强度螺栓连接副的初拧、复拧、终拧应在________h内完成。,非案例题:教材习题被误标 question_type=case_study,no_question_text,textbook_exercise,,,53,,,True
18157,装配式根据预制构件的重量、形状、尺寸、作业半径等要求选择吊具和起重设备。,非案例题:教材习题被误标 question_type=case_study,no_question_text,textbook_exercise,,,32,,,True
18158,装配式预制构件吊装应采用慢起、稳升、缓放的操作方式。,非案例题:教材习题被误标 question_type=case_study,no_question_text,textbook_exercise,,,23,,,True
18159,装配式预制构件起吊时，吊索水平夹角不宜小于60°，不应小于45°。,非案例题:教材习题被误标 question_type=case_study,no_question_text,textbook_exercise,,,28,,,True
18160,装配式外墙板宜采用立式运输，外饰面层应朝外，梁、板、楼梯、阳台宜采用水平运输。,非案例题:教材习题被误标 question_type=case_study,no_question_text,textbook_exercise,,,33,,,True
18161,装配式预制构件采用靠放架立式运输时，构件与地面倾斜角应大于80°，构件应对称靠放，每侧≤2层,非案例题:教材习题被误标 question_type=case_study,no_question_text,textbook_exercise,,,41,,,True
18162,装配式预制构件水平运输时，预制梁、柱构件叠放不宜超过3层，板类构件叠放不宜超过6层。,非案例题:教材习题被误标 question_type=case_study,no_question_text,textbook_exercise,,,38,,,True
18163,装配式结构中，对预制柱、墙板构件的上部斜支撑，其支撑点距离板底的距离不宜小于构件高度的2/3，且不应小于构件高度的1/2。,非案例题:教材习题被误标 question_type=case_study,no_question_text,textbook_exercise,,,54,,,True
18164,装配式混凝土结构预制构件安装后，预制墙板、柱等竖向构件对安装位置、安装标高、垂直度进行校核和调整。,非案例题:教材习题被误标 question_type=case_study,no_question_text,textbook_exercise,,,44,,,True
18165,装配式混凝土结构预制构件安装后，叠合构件、预制梁等水平构件对安装位置、安装标高进行校核和调整。,非案例题:教材习题被误标 question_type=case_study,no_question_text,textbook_exercise,,,43,,,True
18166,装配式混凝土结构预制构件安装后，相邻水平预制构件对平整度、高低差、拼缝尺寸进行校核和调整。,非案例题:教材习题被误标 question_type=case_study,no_question_text,textbook_exercise,,,41,,,True
18167,装配式预制柱宜按照角柱、边柱、中柱顺序进行安装，与现浇部分连接的柱宜先行安装。,非案例题:教材习题被误标 question_type=case_study,no_question_text,textbook_exercise,,,35,,,True
18168,装配式预制梁或叠合梁安装顺序应遵循先主梁后次梁，先低后高。,非案例题:教材习题被误标 question_type=case_study,no_question_text,textbook_exercise,,,27,,,True
18177,钢筋加工包括哪些工作？,非案例题:教材习题被误标 question_type=case_study,no_question_text,textbook_exercise,,,10,,,True
18178,钢筋可以在冷拉或调直过程中除锈，也可采用哪些除锈方法？,非案例题:教材习题被误标 question_type=case_study,no_question_text,textbook_exercise,,,25,,,True
18179,填充后浇带的要求有哪些？,非案例题:教材习题被误标 question_type=case_study,no_question_text,textbook_exercise,,,11,,,True
18180,混凝土浇筑后应及时进行保湿养护，保湿养护的方式包括哪些？,非案例题:教材习题被误标 question_type=case_study,no_question_text,textbook_exercise,,,26,,,True
18181,混凝土浇筑后应及时进行保湿养护，养护方式的确定因素包括哪些？,非案例题:教材习题被误标 question_type=case_study,no_question_text,textbook_exercise,,,28,,,True
18182,混凝土浇筑过程中，应经常观察哪些内容？,非案例题:教材习题被误标 question_type=case_study,no_question_text,textbook_exercise,,,17,,,True
18183,高强度螺栓连接处摩擦面的处理方法包括哪些？,非案例题:教材习题被误标 question_type=case_study,no_question_text,textbook_exercise,,,20,,,True
18184,根据结构特点和现场施工条件，大跨度空间钢结构的安装方法包括哪些？,非案例题:教材习题被误标 question_type=case_study,no_question_text,textbook_exercise,,,30,,,True
18185,装配式混凝土结构中，预制构件钢筋的连接方式包括哪些？,非案例题:教材习题被误标 question_type=case_study,no_question_text,textbook_exercise,,,24,,,True
18186,装配式采用钢筋套筒灌浆连接、钢筋浆锚搭接连接的预制构件就位前，应检查哪些内容？,非案例题:教材习题被误标 question_type=case_study,no_question_text,textbook_exercise,,,36,,,True
18187,装配式外墙板接缝防水施工中，密封材料嵌填的施工质量要求包括哪些？,非案例题:教材习题被误标 question_type=case_study,no_question_text,textbook_exercise,,,30,,,True
18188,脚手架永久荷载和可变荷载应分别包括哪些内容？,非案例题:教材习题被误标 question_type=case_study,no_question_text,textbook_exercise,,,21,,,True
18211,屋面工程防水设计工作年限不应低于________年。,非案例题:教材习题被误标 question_type=case_study,no_question_text,textbook_exercise,,,17,,,True
18212,结构找坡坡度≥________%，材料找坡________%，檐沟、天沟纵向找坡≥________%，找坡层最薄处厚度≥________mm。,非案例题:教材习题被误标 question_type=case_study,no_question_text,textbook_exercise,,,26,,,True
18213,屋面卷材平行屋脊的搭接缝应________流水方向铺贴，同一层相邻两幅卷材短边搭接缝错开不小于________mm，上下层卷材长边搭接缝应错开不小于幅宽的________。,非案例题:教材习题被误标 question_type=case_study,no_question_text,textbook_exercise,,,57,,,True
18214,屋面檐沟和天沟的防水层下应增设附加层，附加层伸入屋面的宽度≥________mm。,非案例题:教材习题被误标 question_type=case_study,no_question_text,textbook_exercise,,,28,,,True
18215,女儿墙泛水处的防水层下应增设附加层，附加层在平面和立面的宽度均≥________mm。,非案例题:教材习题被误标 question_type=case_study,no_question_text,textbook_exercise,,,30,,,True
18216,屋面采用喷涂硬泡聚氨酯保温层施工时，喷嘴与施工基面间距由________确定，一个作业面应________喷涂完成，每遍喷涂厚度≤________mm，喷涂后________min严禁上人。,非案例题:教材习题被误标 question_type=case_study,no_question_text,textbook_exercise,,,52,,,True
18217,屋面采用现浇泡沫混凝土保温层施工时，浇注出口离基层不宜超过________m，泵送时应采取________压泵送，每层浇筑厚度不宜超过________mm，终凝后养护时间≥________d。,非案例题:教材习题被误标 question_type=case_study,no_question_text,textbook_exercise,,,54,,,True
18218,地下防水混凝土抗渗等级不得小于________。其试配混凝土的抗渗等级应比设计要求提高________MPa。,非案例题:教材习题被误标 question_type=case_study,no_question_text,textbook_exercise,,,34,,,True
18219,地下防水混凝土砂含泥量不大于________%，泥块含量不大于________%。,非案例题:教材习题被误标 question_type=case_study,no_question_text,textbook_exercise,,,21,,,True
18220,地下防水混凝土应________连续浇筑，分层厚度≤________mm。并应采用机械振捣，避免________。,非案例题:教材习题被误标 question_type=case_study,no_question_text,textbook_exercise,,,26,,,True
18221,地下墙体水平施工缝应留在高出底板表面≥________mm的墙体上。,非案例题:教材习题被误标 question_type=case_study,no_question_text,textbook_exercise,,,22,,,True
18222,地下防水混凝土应在________及时养护，养护时间≥________d。,非案例题:教材习题被误标 question_type=case_study,no_question_text,textbook_exercise,,,17,,,True
18223,地下水泥砂浆防水层________，应及时进行养护，表面湿润养护时间不得少于________d。,非案例题:教材习题被误标 question_type=case_study,no_question_text,textbook_exercise,,,28,,,True
18229,建筑外墙整体防水设计应包括哪些内容？,非案例题:教材习题被误标 question_type=case_study,no_question_text,textbook_exercise,,,17,,,True
18230,建筑外墙节点构造防水设计应包括哪些交接部位？,非案例题:教材习题被误标 question_type=case_study,no_question_text,textbook_exercise,,,21,,,True
18240,玻璃幕墙开启窗的开启角度不宜大于________°。开启距离不宜大于________mm。,非案例题:教材习题被误标 question_type=case_study,no_question_text,textbook_exercise,,,24,,,True
18246,施工BIM模型内容包括________模型、________模型、________模型。,非案例题:教材习题被误标 question_type=case_study,no_question_text,textbook_exercise,,,14,,,True
18247,利用物联网技术，集成各类智能终端设备建立现场劳务工人信息化系统，实现________管理、________管理、________管理、________管理、________管理、________监管、________管理以及基于业务的各类统计分析等，提高项目现场劳务用工管理水平。,非案例题:教材习题被误标 question_type=case_study,no_question_text,textbook_exercise,,,74,,,True
18248,智能建造新技术中，绿色施工技术包括哪些内容？,非案例题:教材习题被误标 question_type=case_study,no_question_text,textbook_exercise,,,20,,,True
18249,绿色施工技术中，施工现场水收集综合利用技术包括哪些内容？,非案例题:教材习题被误标 question_type=case_study,no_question_text,textbook_exercise,,,26,,,True
18250,建筑垃圾减量化与资源化利用技术中，可回收的建筑垃圾包括哪些内容？,非案例题:教材习题被误标 question_type=case_study,no_question_text,textbook_exercise,,,30,,,True
18251,施工现场太阳能光伏发电照明技术，适用于施工现场哪些场所的临时照明？,非案例题:教材习题被误标 question_type=case_study,no_question_text,textbook_exercise,,,31,,,True
18252,绿色施工技术中，施工扬尘控制技术包括哪些内容？,非案例题:教材习题被误标 question_type=case_study,no_question_text,textbook_exercise,,,21,,,True
18253,绿色施工技术中，工具式定型化临时设施包括哪些内容？,非案例题:教材习题被误标 question_type=case_study,no_question_text,textbook_exercise,,,23,,,True
18254,智慧工地信息技术包括哪些内容？,非案例题:教材习题被误标 question_type=case_study,no_question_text,textbook_exercise,,,14,,,True
18255,智慧工地的电子商务采购平台主要包括哪些功能？,非案例题:教材习题被误标 question_type=case_study,no_question_text,textbook_exercise,,,21,,,True
18256,智慧工地的建筑垃圾监管技术中，建筑垃圾综合监管信息平台对施工现场信息化管理的环节包括哪些？,非案例题:教材习题被误标 question_type=case_study,no_question_text,textbook_exercise,,,43,,,True
18257,防水混凝土的冬期施工，混凝土养护应采用______、______、______、______等方法。,非案例题:教材习题被误标 question_type=case_study,no_question_text,textbook_exercise,,,21,,,True
18258,混凝土宜采用______色涂装的混凝土搅拌运输车运输。,非案例题:教材习题被误标 question_type=case_study,no_question_text,textbook_exercise,,,20,,,True
18261,建设单位应当自领取施工许可证之日起______个月内开工。因故不能按期开工的，应当在期满前向发证机关申请延期，并说明理由；延期以______次为限，每次不超过______个月。既不开工又不申请延期或者超过延期次数、时限的，施工许可证自行废止。,非案例题:教材习题被误标 question_type=case_study,no_question_text,textbook_exercise,,,94,,,True
18263,根据《建设工程安全生产管理条例》规定，建设单位应当向施工单位提供施工现场及毗邻区域内的哪些地下管线资料？,非案例题:教材习题被误标 question_type=case_study,no_question_text,textbook_exercise,,,48,,,True
18264,工程建设活动中的工程档案形式包括哪些？,非案例题:教材习题被误标 question_type=case_study,no_question_text,textbook_exercise,,,18,,,True
18267,连墙点的水平间距≤______跨，竖向间距≤______步，连墙点之上架体的悬臂高度≤______步。,非案例题:教材习题被误标 question_type=case_study,no_question_text,textbook_exercise,,,27,,,True
18268,支撑脚手架应设置竖向和水平剪刀撑，每道竖向剪刀撑的宽度应为______m，剪刀撑斜杆的倾角应在______之间。,非案例题:教材习题被误标 question_type=case_study,no_question_text,textbook_exercise,,,40,,,True
18269,危大工程实行分包并由分包单位编制专项施工方案的，专项施工方案应当由______审核签字并加盖单位公章。,非案例题:教材习题被误标 question_type=case_study,no_question_text,textbook_exercise,,,43,,,True
18270,对于超过一定规模的危大工程，实行施工总承包的，由______单位组织召开专家论证会。,非案例题:教材习题被误标 question_type=case_study,no_question_text,textbook_exercise,,,33,,,True
18271,专家应当从地方人民政府住房城乡建设主管部门建立的专家库中选取，符合专业要求且人数不得少于______名。,非案例题:教材习题被误标 question_type=case_study,no_question_text,textbook_exercise,,,44,,,True
18272,脚手架搭设达到设计高度或安装就位后，进行脚手架检查验收的内容包括哪些？,非案例题:教材习题被误标 question_type=case_study,no_question_text,textbook_exercise,,,33,,,True
18273,危大工程专项施工方案内容包括哪些？,非案例题:教材习题被误标 question_type=case_study,no_question_text,textbook_exercise,,,16,,,True
18274,根据《施工现场建筑垃圾减量化技术标准》JGJ/T 498-2024有关规定，施工现场建筑垃圾减量化工作应遵循哪些总体原则？,非案例题:教材习题被误标 question_type=case_study,no_question_text,textbook_exercise,,,50,,,True
18275,施工现场哪些临时设施宜采用重复利用率高的标准化临时设施？,非案例题:教材习题被误标 question_type=case_study,no_question_text,textbook_exercise,,,27,,,True
18276,根据《国务院关于调整完善工业产品生产许可证管理目录的决定》(国发〔2024〕11号），省级工业产品生产许可证主管部门对哪些产品品种实施工业产品生产许可证管理？,非案例题:教材习题被误标 question_type=case_study,no_question_text,textbook_exercise,,,71,,,True
18280,冬季非透光围护结构内表面温度的检验应在供暖系统正常运行后进行，检测持续时间≥______h。,非案例题:教材习题被误标 question_type=case_study,no_question_text,textbook_exercise,,,36,,,True
18281,夏季非透光围护结构内表面最高温度的检验应在围护结构施工完成______个月后进行，检测持续时间≥______h。,非案例题:教材习题被误标 question_type=case_study,no_question_text,textbook_exercise,,,40,,,True
18282,施工质量验收应包括______工程、______工程、______工程、______施工质量验收。,非案例题:教材习题被误标 question_type=case_study,no_question_text,textbook_exercise,,,21,,,True
18283,检验批的划分依据______、______、______。,非案例题:教材习题被误标 question_type=case_study,no_question_text,textbook_exercise,,,8,,,True
18284,分项工程的划分依据______、______、______、______。,非案例题:教材习题被误标 question_type=case_study,no_question_text,textbook_exercise,,,9,,,True
18285,分部工程的划分依据______、______。,非案例题:教材习题被误标 question_type=case_study,no_question_text,textbook_exercise,,,9,,,True
18286,民用建筑工程验收时，应抽检每个建筑单体有代表性的房间室内环境污染物浓度，抽检数量≥房间总数的______%，每个建筑单体不得少于______间。幼儿园、学校教室、学生宿舍、老年人照料房屋设施室内装饰装修验收时，室内空气中污染物的抽检量≥房间总数的______%，且不得少于____,非案例题:教材习题被误标 question_type=case_study,no_question_text,textbook_exercise,,,106,,,True
18287,室内环境污染物浓度检测时，房间使用面积在≥100，<500m²时，检测点数不少于______个。取各点检测结果的______值作为该房间的检测值。,非案例题:教材习题被误标 question_type=case_study,no_question_text,textbook_exercise,,,52,,,True
18288,当对采用自然通风的民用建筑室内环境中的甲醛、苯、氨、甲苯、二甲苯、TVOC浓度检测时，检测应在对外门窗关闭______h后进行。氡浓度的检测，应在房间的对外门窗关闭______h后进行。,非案例题:教材习题被误标 question_type=case_study,no_question_text,textbook_exercise,,,66,,,True
18291,根据《建筑与市政工程施工质量控制通用规范》的有关规定，施工过程中应建立质量管理标准化制度，制订质量管理标准化文件，文件中应明确哪些管理要求？,非案例题:教材习题被误标 question_type=case_study,no_question_text,textbook_exercise,,,64,,,True
18292,根据《建筑与市政工程施工质量控制通用规范》的有关规定，工程质量策划中应在哪些部位和环节设置质量控制点？,非案例题:教材习题被误标 question_type=case_study,no_question_text,textbook_exercise,,,47,,,True
18293,根据《建筑与市政工程施工质量控制通用规范》的有关规定，施工前对施工管理人员和作业人员进行技术交底的内容包括哪些？,非案例题:教材习题被误标 question_type=case_study,no_question_text,textbook_exercise,,,52,,,True
18294,民用建筑工程竣工验收时，室内环境污染物包括哪些？污染物对应的浓度限量值是多少？,非案例题:教材习题被误标 question_type=case_study,no_question_text,textbook_exercise,,,36,,,True
18295,室内环境污染物初次检测结果不合格时，通常应采取的处理措施有哪些？,非案例题:教材习题被误标 question_type=case_study,no_question_text,textbook_exercise,,,30,,,True
18301,哪些构造层不能作为一道防水层？,非案例题:教材习题被误标 question_type=case_study,no_question_text,textbook_exercise,,,14,,,True
18305,混凝土砌块砌体的灌孔混凝土最低强度等级≥______，且不应低于块体强度等级的______倍。,非案例题:教材习题被误标 question_type=case_study,no_question_text,textbook_exercise,,,32,,,True
18306,钢筋套筒灌浆连接及浆锚搭接连接的灌浆料强度：每工作班应制作______组且每层≥______组______的长方体试件，标养______d后进行抗压强度试验。,非案例题:教材习题被误标 question_type=case_study,no_question_text,textbook_exercise,,,50,,,True
18309,装配式混凝土结构钢筋采用套筒灌浆连接、浆锚搭接连接时，灌浆作业的质量要求有哪些？,非案例题:教材习题被误标 question_type=case_study,no_question_text,textbook_exercise,,,37,,,True
18310,装配式混凝土结构中，外围护部品应完成现场验收的隐蔽项目包括哪些？,非案例题:教材习题被误标 question_type=case_study,no_question_text,textbook_exercise,,,30,,,True
18311,装配式混凝土结构中，外围护系统应根据工程实际情况进行的现场试验和测试的内容包括哪些？,非案例题:教材习题被误标 question_type=case_study,no_question_text,textbook_exercise,,,40,,,True
18312,装配式混凝土结构中，外围护系统应在验收前完成哪些内容的性能试验和测试？,非案例题:教材习题被误标 question_type=case_study,no_question_text,textbook_exercise,,,33,,,True
18315,水落口周围直径______mm范围内坡度不应小于______，水落口周围的附加层铺设应符合设计要求；防水层和附加层伸入水落口杯内不应小于______mm，并应粘结牢固。,非案例题:教材习题被误标 question_type=case_study,no_question_text,textbook_exercise,,,58,,,True
18317,屋面隔离层可采用哪些材料？,非案例题:教材习题被误标 question_type=case_study,no_question_text,textbook_exercise,,,12,,,True
18318,根据《屋面工程质量验收规范》GB 50207-2012规定，卷材铺贴的方法包括哪些？,非案例题:教材习题被误标 question_type=case_study,no_question_text,textbook_exercise,,,34,,,True
18321,严寒和寒冷地区居住建筑平均节能率应为______；除严寒和寒冷地区外，其他气候区居住建筑平均节能率应为______；公共建筑平均节能率应为______。,非案例题:教材习题被误标 question_type=case_study,no_question_text,textbook_exercise,,,54,,,True
18322,绿色建筑评价总得分Q=______。,非案例题:教材习题被误标 question_type=case_study,no_question_text,textbook_exercise,,,9,,,True
18323,应采取措施减少固体废弃物产生，建筑垃圾产生量应控制在现浇钢筋混凝土结构不大于______t/万m²，装配式建筑不大于______t/万m²（不包括工程渣土、工程泥浆）。,非案例题:教材习题被误标 question_type=case_study,no_question_text,textbook_exercise,,,58,,,True
18324,建筑外墙节能构造的现场实体检验应包括墙体______。,非案例题:教材习题被误标 question_type=case_study,no_question_text,textbook_exercise,,,20,,,True
18325,绿色建筑评价指标体系包括______、______、______、______、______。,非案例题:教材习题被误标 question_type=case_study,no_question_text,textbook_exercise,,,12,,,True
18326,绿色建筑评价指标体系中，健康舒适的评分项包括______、______、______、______。,非案例题:教材习题被误标 question_type=case_study,no_question_text,textbook_exercise,,,21,,,True
18327,绿色建筑评价指标体系中，生活便利的评分项包括______、______、______。,非案例题:教材习题被误标 question_type=case_study,no_question_text,textbook_exercise,,,21,,,True
18328,绿色建筑评价指标体系中，资源节约的评分项包括______、______、______、______。,非案例题:教材习题被误标 question_type=case_study,no_question_text,textbook_exercise,,,21,,,True
18329,根据《绿色建造技术导则（试行）》(建办质〔2021〕9号）规定，绿色策划方案的内容包括绿色______策划、绿色______策划、绿色______策划。,非案例题:教材习题被误标 question_type=case_study,no_question_text,textbook_exercise,,,46,,,True
18331,外墙保温系统的型式检验报告应包括哪些内容？,非案例题:教材习题被误标 question_type=case_study,no_question_text,textbook_exercise,,,20,,,True
18332,墙体节能工程使用的保温隔热材料、粘结材料、增强网进场时，应复验的指标包括哪些？,非案例题:教材习题被误标 question_type=case_study,no_question_text,textbook_exercise,,,35,,,True
18333,屋面节能工程使用的隔热材料进场时，应复验的指标包括哪些？,非案例题:教材习题被误标 question_type=case_study,no_question_text,textbook_exercise,,,26,,,True
18334,地面节能工程使用的材料进场时，应复验的指标包括哪些？,非案例题:教材习题被误标 question_type=case_study,no_question_text,textbook_exercise,,,24,,,True
18335,墙体节能工程中，当保温层采用锚固件固定时，锚固件的哪些内容应符合设计和施工方案的要求？,非案例题:教材习题被误标 question_type=case_study,no_question_text,textbook_exercise,,,40,,,True
18336,屋面节能工程隐蔽验收的内容包括哪些？,非案例题:教材习题被误标 question_type=case_study,no_question_text,textbook_exercise,,,17,,,True
18337,地面节能工程隐蔽验收的内容包括哪些？,非案例题:教材习题被误标 question_type=case_study,no_question_text,textbook_exercise,,,17,,,True
18338,根据《绿色建造技术导则（试行）》(建办质〔2021〕9号）规定，为整体提升建造手段信息化水平，绿色建造宜结合实际需求，有效采用哪些相关技术？,非案例题:教材习题被误标 question_type=case_study,no_question_text,textbook_exercise,,,58,,,True
18339,根据《绿色建造技术导则（试行）》(建办质〔2021〕9号）规定，绿色策划方案的目标包括哪些？,非案例题:教材习题被误标 question_type=case_study,no_question_text,textbook_exercise,,,36,,,True
18340,根据《绿色建造技术导则（试行）》(建办质〔2021〕9号）规定，为策划适宜的绿色施工技术路径与措施，应对哪些方面进行总体分析？,非案例题:教材习题被误标 question_type=case_study,no_question_text,textbook_exercise,,,52,,,True
18341,绿色施工应通过信息化手段监测并分析施工现场的哪些污染物？,非案例题:教材习题被误标 question_type=case_study,no_question_text,textbook_exercise,,,27,,,True
18342,根据《建筑碳排放计算标准》GB/T 51366-2019规定，建筑运行阶段碳排放计算应包括哪些范围的碳排放量？,非案例题:教材习题被误标 question_type=case_study,no_question_text,textbook_exercise,,,45,,,True
18343,施工总承包资质分为______、______、______、______。,非案例题:教材习题被误标 question_type=case_study,no_question_text,textbook_exercise,,,9,,,True
18344,专业承包资质分为______、______、______。,非案例题:教材习题被误标 question_type=case_study,no_question_text,textbook_exercise,,,8,,,True
18347,项目管理绩效评价的结论宜分为______、______、______、______四个等级。,非案例题:教材习题被误标 question_type=case_study,no_question_text,textbook_exercise,,,18,,,True
18348,项目管理绩效评价的范围包括哪些？,非案例题:教材习题被误标 question_type=case_study,no_question_text,textbook_exercise,,,15,,,True
18350,施工组织设计按编制对象，可分为______、______、______。,非案例题:教材习题被误标 question_type=case_study,no_question_text,textbook_exercise,,,14,,,True
18351,施工组织设计的目标包括______、______、______、______、______、______。,非案例题:教材习题被误标 question_type=case_study,no_question_text,textbook_exercise,,,11,,,True
18352,施工组织总设计应由______审批；单位工程施工组织设计应由______审批；施工方案应由______审批。,非案例题:教材习题被误标 question_type=case_study,no_question_text,textbook_exercise,,,33,,,True
18353,施工组织设计应包括哪些基本内容？,非案例题:教材习题被误标 question_type=case_study,no_question_text,textbook_exercise,,,15,,,True
18354,基坑工程专项施工方案的施工保证措施中的技术措施包括哪些内容？,非案例题:教材习题被误标 question_type=case_study,no_question_text,textbook_exercise,,,29,,,True
18355,根据《危险性较大的分部分项工程专项方案编制指南》(建办质〔2021〕48号）规定，基坑工程专项施工方案的应急处置领导小组组成与职责、应急救援小组组成与职责应包括哪些？,非案例题:教材习题被误标 question_type=case_study,no_question_text,textbook_exercise,,,74,,,True
18356,根据《危险性较大的分部分项工程专项方案编制指南》(建办质〔2021〕48号）规定，基坑工程专项施工方案的相关施工图纸的内容包括哪些？,非案例题:教材习题被误标 question_type=case_study,no_question_text,textbook_exercise,,,58,,,True
18357,根据《危险性较大的分部分项工程专项方案编制指南》(建办质〔2021〕48号）规定，模板工程专项施工方案的相关施工图纸的内容包括哪些？,非案例题:教材习题被误标 question_type=case_study,no_question_text,textbook_exercise,,,58,,,True
18358,施工单位应当将危大工程的哪些资料纳入档案管理？,非案例题:教材习题被误标 question_type=case_study,no_question_text,textbook_exercise,,,22,,,True
18359,总平面布置图通常有______施工总平面布置图，______施工总平面布置图。,非案例题:教材习题被误标 question_type=case_study,no_question_text,textbook_exercise,,,25,,,True
18360,施工现场宜考虑设置______个以上大门。,非案例题:教材习题被误标 question_type=case_study,no_question_text,textbook_exercise,,,14,,,True
18361,施工现场的主要道路进行硬化处理的方式包括铺设______、______、______。,非案例题:教材习题被误标 question_type=case_study,no_question_text,textbook_exercise,,,22,,,True
18362,存放危险品类的仓库应远离现场单独设置，离在建工程距离不小于______m。,非案例题:教材习题被误标 question_type=case_study,no_question_text,textbook_exercise,,,28,,,True
18363,施工现场的主要道路应进行______处理，主干道两侧应有______措施。主干道宽度单行道不小于______m，双行道不小于______m。木材场两侧应有______宽通道。临时消防车道宜为环形，否则端头处应有______回车场，消防车道净宽度和净高度均不小于______m，载重,非案例题:教材习题被误标 question_type=case_study,no_question_text,textbook_exercise,,,96,,,True
18364,宿舍床铺不得超过______层，室内净高不得小于______m，通道宽度不得小于______m，每间宿舍人均面积不应小于______m²，且不得超过______人。,非案例题:教材习题被误标 question_type=case_study,no_question_text,textbook_exercise,,,43,,,True
18365,施工现场应实行______管理，市区主要路段围挡高度≥______m，一般路段围挡高≥______m。,非案例题:教材习题被误标 question_type=case_study,no_question_text,textbook_exercise,,,26,,,True
18366,施工总平面图按照______、______、______、______绘制。,非案例题:教材习题被误标 question_type=case_study,no_question_text,textbook_exercise,,,10,,,True
18367,施工总平面图是把设计的各类内容分类标绘在图上，并应标明______、______、______、______、______、必要的文字说明。,非案例题:教材习题被误标 question_type=case_study,no_question_text,textbook_exercise,,,33,,,True
18370,施工总平面图设计要点中，应布置的内容包括哪些？,非案例题:教材习题被误标 question_type=case_study,no_question_text,textbook_exercise,,,21,,,True
18371,施工现场大门设置时应考虑哪些因素？,非案例题:教材习题被误标 question_type=case_study,no_question_text,textbook_exercise,,,16,,,True
18372,施工现场施工升降机设置时应考虑哪些因素？,非案例题:教材习题被误标 question_type=case_study,no_question_text,textbook_exercise,,,19,,,True
18373,施工现场塔吊设置时应考虑哪些因素？,非案例题:教材习题被误标 question_type=case_study,no_question_text,textbook_exercise,,,16,,,True
18374,施工现场混凝土泵设置时应考虑哪些因素？,非案例题:教材习题被误标 question_type=case_study,no_question_text,textbook_exercise,,,18,,,True
18375,布置加工厂的总的指导思想是什么？,非案例题:教材习题被误标 question_type=case_study,no_question_text,textbook_exercise,,,15,,,True
18376,施工平面现场管理的目的包括哪些？,非案例题:教材习题被误标 question_type=case_study,no_question_text,textbook_exercise,,,15,,,True
18377,施工平面现场总体要求包括哪些？,非案例题:教材习题被误标 question_type=case_study,no_question_text,textbook_exercise,,,14,,,True
18378,"主要出入口明显处设置的""五牌一图""包括哪些？",非案例题:教材习题被误标 question_type=case_study,no_question_text,textbook_exercise,,,19,,,True
18379,工程施工可能对环境造成的影响有哪些污染？,非案例题:教材习题被误标 question_type=case_study,no_question_text,textbook_exercise,,,19,,,True
18381,施工现场临时用电设备在≥______台或设备总容量在≥______kW的，应编制用电组织设计。,非案例题:教材习题被误标 question_type=case_study,no_question_text,textbook_exercise,,,29,,,True
18382,临时用电组织设计由______组织编制，经相关部门审核及具有法人资格______批准后实施。使用前必须经______共同验收，合格后方可投入使用。,非案例题:教材习题被误标 question_type=case_study,no_question_text,textbook_exercise,,,51,,,True
18383,淡蓝色芯线必须用作______线，绿/黄双色芯用作______线，严禁混用。,非案例题:教材习题被误标 question_type=case_study,no_question_text,textbook_exercise,,,22,,,True
18384,总配电箱应设在______的区域，分配电箱应设在______的区域，分配电箱与开关箱的距离不得超过______m，开关箱与其控制的固定式用电设备的水平距离不宜超过______m。,非案例题:教材习题被误标 question_type=case_study,no_question_text,textbook_exercise,,,59,,,True
18385,固定式配电箱、开关箱的中心点与地面的垂直距离宜为______m，移动式配电箱、开关箱的中心点与地面的垂直距离宜为______m。,非案例题:教材习题被误标 question_type=case_study,no_question_text,textbook_exercise,,,46,,,True
18389,临时室外消防给水干管的直径不应小于DN______，消火栓间距不应大于______m；距拟建房屋不应小于______m且不宜大于______m，距路边不宜大于______m。,非案例题:教材习题被误标 question_type=case_study,no_question_text,textbook_exercise,,,47,,,True
18391,计算临时用水量时，包括哪些用水量内容？,非案例题:教材习题被误标 question_type=case_study,no_question_text,textbook_exercise,,,17,,,True
18392,施工现场供水系统包括哪些内容？,非案例题:教材习题被误标 question_type=case_study,no_question_text,textbook_exercise,,,14,,,True
18395,施工______________________应组织检查检测试验管理制度的执行情况。,非案例题:教材习题被误标 question_type=case_study,no_question_text,textbook_exercise,,,20,,,True
18396,检测试验计划应在工程施工________由施工__________________组织有关人员编制，并应报送______________单位进行审查和监督实施。,非案例题:教材习题被误标 question_type=case_study,no_question_text,textbook_exercise,,,38,,,True
18397,建筑工程施工现场检测试验技术管理的程序：__________、__________、__________、__________、__________、__________。,非案例题:教材习题被误标 question_type=case_study,no_question_text,textbook_exercise,,,19,,,True
18398,调整施工检测试验管理计划的变化因素包括哪些？,非案例题:教材习题被误标 question_type=case_study,no_question_text,textbook_exercise,,,21,,,True
18399,施工过程质量检测试验的主要检测参数包括哪些？,非案例题:教材习题被误标 question_type=case_study,no_question_text,textbook_exercise,,,21,,,True
18400,施工过程质量检测试验的抽检频次，应依据哪些因素确定？,非案例题:教材习题被误标 question_type=case_study,no_question_text,textbook_exercise,,,24,,,True
18401,建筑工程现场施工检测试验管理的制度包括哪些？,非案例题:教材习题被误标 question_type=case_study,no_question_text,textbook_exercise,,,21,,,True
18402,现场建立试验站时，一般应配备的仪器设备包括哪些？,非案例题:教材习题被误标 question_type=case_study,no_question_text,textbook_exercise,,,22,,,True
18403,施工现场按照单位工程分别建立哪些试样台账？,非案例题:教材习题被误标 question_type=case_study,no_question_text,textbook_exercise,,,20,,,True
18404,根据《建设工程质量检测管理办法》的规定，见证人员制作的见证记录包括哪些内容？,非案例题:教材习题被误标 question_type=case_study,no_question_text,textbook_exercise,,,34,,,True
18405,根据《建设工程质量检测管理办法》的规定，检测试样的要求包括哪些？,非案例题:教材习题被误标 question_type=case_study,no_question_text,textbook_exercise,,,28,,,True
18408,______________对相关部门及岗位进行资料管理方案交底。,非案例题:教材习题被误标 question_type=case_study,no_question_text,textbook_exercise,,,18,,,True
18409,项目部技术负责人组织编制的《项目工程资料管理方案》包括哪些内容？,非案例题:教材习题被误标 question_type=case_study,no_question_text,textbook_exercise,,,29,,,True
18412,投标人在投标报价中填写的工程量清单的__________、__________、__________、__________必须与招标人招标文件中提供的一致。,非案例题:教材习题被误标 question_type=case_study,no_question_text,textbook_exercise,,,34,,,True
18413,招标投标活动应当遵循的原则包括__________、__________、__________、__________。,非案例题:教材习题被误标 question_type=case_study,no_question_text,textbook_exercise,,,15,,,True
18415,投标人在投标前做好招标文件分析工作，明确招标工程中的哪些内容？,非案例题:教材习题被误标 question_type=case_study,no_question_text,textbook_exercise,,,29,,,True
18416,投标中做好工程所需的劳务、材料、构件、机械设备等市场调查的工作内容包括哪些？,非案例题:教材习题被误标 question_type=case_study,no_question_text,textbook_exercise,,,34,,,True
18417,投标文件中的综合单价，应依据哪些因素进行组价？,非案例题:教材习题被误标 question_type=case_study,no_question_text,textbook_exercise,,,21,,,True
18418,总包合同管理中，工程总承包单位不得是工程总承包项目的哪些单位？,非案例题:教材习题被误标 question_type=case_study,no_question_text,textbook_exercise,,,29,,,True
18423,工程总承包合同的管理原则包括__________原则、__________原则、__________原则、__________原则、__________原则、__________原则。,非案例题:教材习题被误标 question_type=case_study,no_question_text,textbook_exercise,,,26,,,True
18424,合同争议处理的方式包括__________、__________、__________、__________。,非案例题:教材习题被误标 question_type=case_study,no_question_text,textbook_exercise,,,11,,,True
18425,建筑安装工程定额编制的方法包括__________、__________、__________、__________。,非案例题:教材习题被误标 question_type=case_study,no_question_text,textbook_exercise,,,15,,,True
18426,不得作为竞争性费用的包括__________、__________、__________。,非案例题:教材习题被误标 question_type=case_study,no_question_text,textbook_exercise,,,12,,,True
18427,建设工程造价的特点包括__________、__________、__________、__________。,非案例题:教材习题被误标 question_type=case_study,no_question_text,textbook_exercise,,,11,,,True
18428,承包人向发包人提交竣工结算款支付申请包括__________、__________、__________。,非案例题:教材习题被误标 question_type=case_study,no_question_text,textbook_exercise,,,20,,,True
18429,常用的竣工结算调整方法包括__________、__________、__________。,非案例题:教材习题被误标 question_type=case_study,no_question_text,textbook_exercise,,,13,,,True
18430,施工索赔必须符合的基本条件包括__________性、__________性、__________性。,非案例题:教材习题被误标 question_type=case_study,no_question_text,textbook_exercise,,,18,,,True
18431,施工索赔证据应满足的基本要求包括__________、__________、__________、__________。,非案例题:教材习题被误标 question_type=case_study,no_question_text,textbook_exercise,,,16,,,True
18432,施工索赔的步骤包括__________、__________、__________、__________。,非案例题:教材习题被误标 question_type=case_study,no_question_text,textbook_exercise,,,9,,,True
18437,根据《建设项目工程总承包合同（示范文本）》GF-2020-0216，合同协议书包括哪些主要内容？,非案例题:教材习题被误标 question_type=case_study,no_question_text,textbook_exercise,,,38,,,True
18438,根据《建设工程施工合同（示范文本）》GF-2017-0201，合同协议书包括哪些主要内容？,非案例题:教材习题被误标 question_type=case_study,no_question_text,textbook_exercise,,,35,,,True
18439,根据《建设项目工程总承包合同（示范文本）》GF-2020-0216，工程总承包合同管理包括哪些合同？,非案例题:教材习题被误标 question_type=case_study,no_question_text,textbook_exercise,,,40,,,True
18440,根据《建设项目工程总承包合同（示范文本）》GF-2020-0216，工程总承包合同的管理工作包括哪些？,非案例题:教材习题被误标 question_type=case_study,no_question_text,textbook_exercise,,,41,,,True
18441,项目部应建立的合同变更管理程序是什么？,非案例题:教材习题被误标 question_type=case_study,no_question_text,textbook_exercise,,,18,,,True
18442,工程分包合同通常可以包括哪几种类型？,非案例题:教材习题被误标 question_type=case_study,no_question_text,textbook_exercise,,,17,,,True
18443,物资采购合同中的主要条款包括哪些内容？,非案例题:教材习题被误标 question_type=case_study,no_question_text,textbook_exercise,,,18,,,True
18444,物资采购合同中，物资供应合同的标的主要包括哪些内容？,非案例题:教材习题被误标 question_type=case_study,no_question_text,textbook_exercise,,,24,,,True
18445,物资采购合同中，物资约定的运输方式通常包括哪些？,非案例题:教材习题被误标 question_type=case_study,no_question_text,textbook_exercise,,,22,,,True
18446,在设备供应合同签订时，需要注意哪些问题？,非案例题:教材习题被误标 question_type=case_study,no_question_text,textbook_exercise,,,18,,,True
18447,建筑安装工程定额规定的内容包括哪些？,非案例题:教材习题被误标 question_type=case_study,no_question_text,textbook_exercise,,,17,,,True
18448,分部分项工程量清单中，措施项目费包括哪些内容？,非案例题:教材习题被误标 question_type=case_study,no_question_text,textbook_exercise,,,21,,,True
18449,工程量清单计价应用特点包括哪些？,非案例题:教材习题被误标 question_type=case_study,no_question_text,textbook_exercise,,,15,,,True
18450,工程量清单计价应用特点中，规范性的特点对哪些内容做出了统一的规定和标准？,非案例题:教材习题被误标 question_type=case_study,no_question_text,textbook_exercise,,,34,,,True
18451,根据工程项目不同的建设阶段，建设工程造价可以分为哪六类？,非案例题:教材习题被误标 question_type=case_study,no_question_text,textbook_exercise,,,26,,,True
18452,建筑安装工程费按费用构成要素分类，其中人工费的内容包括哪些？,非案例题:教材习题被误标 question_type=case_study,no_question_text,textbook_exercise,,,28,,,True
18453,建筑安装工程费按费用构成要素分类，其中材料费的内容包括哪些？,非案例题:教材习题被误标 question_type=case_study,no_question_text,textbook_exercise,,,28,,,True
18454,常用合同价款的约定方式及适用范围包括哪些？,非案例题:教材习题被误标 question_type=case_study,no_question_text,textbook_exercise,,,20,,,True
18458,工程施工组织实施的方式分三种：________施工、________施工、________施工。,非案例题:教材习题被误标 question_type=case_study,no_question_text,textbook_exercise,,,20,,,True
18459,流水施工参数包括：________参数、________参数、________参数。,非案例题:教材习题被误标 question_type=case_study,no_question_text,textbook_exercise,,,14,,,True
18460,时间参数主要包括：________、________、________。,非案例题:教材习题被误标 question_type=case_study,no_question_text,textbook_exercise,,,8,,,True
18461,常用的工程网络计划类型包括：________网络计划、________网络计划、________网络计划、________网络计划。,非案例题:教材习题被误标 question_type=case_study,no_question_text,textbook_exercise,,,29,,,True
18462,根据优化目标的不同，网络计划的优化相应分为__________优化、__________优化、__________优化三种。,非案例题:教材习题被误标 question_type=case_study,no_question_text,textbook_exercise,,,28,,,True
18464,工期优化选择优化对象应考虑哪些因素？,非案例题:教材习题被误标 question_type=case_study,no_question_text,textbook_exercise,,,17,,,True
18465,根据优化目标的不同，费用优化应考虑哪些方面？,非案例题:教材习题被误标 question_type=case_study,no_question_text,textbook_exercise,,,20,,,True
18466,根据优化目标的不同，资源优化的前提条件包括哪些？,非案例题:教材习题被误标 question_type=case_study,no_question_text,textbook_exercise,,,22,,,True
18470,施工总进度计划的内容包括哪些？,非案例题:教材习题被误标 question_type=case_study,no_question_text,textbook_exercise,,,14,,,True
18471,单位工程进度计划的内容包括哪些？,非案例题:教材习题被误标 question_type=case_study,no_question_text,textbook_exercise,,,15,,,True
18472,施工总进度计划中，编制说明的内容包括哪些？,非案例题:教材习题被误标 question_type=case_study,no_question_text,textbook_exercise,,,19,,,True
18473,施工总进度计划中，资源需要量及供应平衡表的内容包括哪些？,非案例题:教材习题被误标 question_type=case_study,no_question_text,textbook_exercise,,,26,,,True
18474,单位工程进度计划的编制步骤包括哪些？,非案例题:教材习题被误标 question_type=case_study,no_question_text,textbook_exercise,,,17,,,True
18475,施工进度计划实施监测的方法包括哪些？,非案例题:教材习题被误标 question_type=case_study,no_question_text,textbook_exercise,,,17,,,True
18476,项目进度计划实施监测后形成书面的进度报告，进度报告包括哪些内容？,非案例题:教材习题被误标 question_type=case_study,no_question_text,textbook_exercise,,,30,,,True
18477,施工进度计划调整的内容包括哪些？,非案例题:教材习题被误标 question_type=case_study,no_question_text,textbook_exercise,,,15,,,True
18478,调整施工进度计划的步骤包括哪些？,非案例题:教材习题被误标 question_type=case_study,no_question_text,textbook_exercise,,,15,,,True
18479,施工进度计划的调整的方法包括哪些？,非案例题:教材习题被误标 question_type=case_study,no_question_text,textbook_exercise,,,16,,,True
18482,项目质量计划编制的内容有哪些？,非案例题:教材习题被误标 question_type=case_study,no_question_text,textbook_exercise,,,14,,,True
18483,施工企业建立施工过程中的质量管理记录包括哪些内容？,非案例题:教材习题被误标 question_type=case_study,no_question_text,textbook_exercise,,,24,,,True
18485,设计等级为甲级或地质条件复杂时，应采用静载试验的方法对桩基承载力进行检验，检验桩数不应少于总桩数的______%，且不应少于______根，当总桩数少于50根时，不应少于______根。,非案例题:教材习题被误标 question_type=case_study,no_question_text,textbook_exercise,,,68,,,True
18486,工程桩的桩身完整性的抽检数量不应少于总桩数的______%，且不应少于______根。每根柱子承台下的桩抽检数量不应少于______根。,非案例题:教材习题被误标 question_type=case_study,no_question_text,textbook_exercise,,,46,,,True
18487,"屋面工程施工过程工序检查执行的""三检制度""包括______、______、______。",非案例题:教材习题被误标 question_type=case_study,no_question_text,textbook_exercise,,,21,,,True
18488,"装饰装修施工阶段，施工人员应认真做好""三检制度""包括______、______、______。",非案例题:教材习题被误标 question_type=case_study,no_question_text,textbook_exercise,,,23,,,True
18489,"装饰设计阶段确立图纸""三交底""的施工准备工作：a.______向______做详细的图纸工艺要求、质量要求交底；b.工序开始前______向______做详尽的图纸、施工方法、质量标准交底；c.作业开始前______向______做具体的操作方法、工具使用、质量要求的详细交底",非案例题:教材习题被误标 question_type=case_study,no_question_text,textbook_exercise,,,86,,,True
18491,施工现场质量检查检验的内容包括哪些？,非案例题:教材习题被误标 question_type=case_study,no_question_text,textbook_exercise,,,17,,,True
18492,在混凝土浇筑前进行钢筋隐蔽工程验收的内容包括哪些？,非案例题:教材习题被误标 question_type=case_study,no_question_text,textbook_exercise,,,24,,,True
18493,造成基坑边坡塌方原因包括哪些？,非案例题:教材习题被误标 question_type=case_study,no_question_text,textbook_exercise,,,14,,,True
18494,造成预制桩桩身断裂原因包括哪些？,非案例题:教材习题被误标 question_type=case_study,no_question_text,textbook_exercise,,,15,,,True
18495,造成泥浆护壁钻孔灌注桩塌孔的原因是什么？,非案例题:教材习题被误标 question_type=case_study,no_question_text,textbook_exercise,,,19,,,True
18496,造成混凝土结构中，钢筋错位的原因是什么？,非案例题:教材习题被误标 question_type=case_study,no_question_text,textbook_exercise,,,18,,,True
18497,造成混凝土结构中，混凝土强度等级达不到设计要求的原因是什么？,非案例题:教材习题被误标 question_type=case_study,no_question_text,textbook_exercise,,,28,,,True
18498,混凝土结构中，拆模后混凝土表面出现的质量缺陷通常包括哪些？,非案例题:教材习题被误标 question_type=case_study,no_question_text,textbook_exercise,,,27,,,True
18499,造成混凝土结构中，混凝土表面缺陷的原因是什么？,非案例题:教材习题被误标 question_type=case_study,no_question_text,textbook_exercise,,,21,,,True
18500,造成混凝土结构中，混凝土收缩裂缝的原因是什么？,非案例题:教材习题被误标 question_type=case_study,no_question_text,textbook_exercise,,,21,,,True
18501,造成混凝土结构中，混凝土构件外形尺寸、轴线位置偏差大的原因是什么？,非案例题:教材习题被误标 question_type=case_study,no_question_text,textbook_exercise,,,30,,,True
18502,造成地下防水混凝土施工缝渗漏水的原因是什么？,非案例题:教材习题被误标 question_type=case_study,no_question_text,textbook_exercise,,,21,,,True
18503,造成地下防水混凝土裂缝渗漏水的原因是什么？,非案例题:教材习题被误标 question_type=case_study,no_question_text,textbook_exercise,,,20,,,True
18504,装饰装修工程中，涂饰工程的质量缺陷包括哪些？,非案例题:教材习题被误标 question_type=case_study,no_question_text,textbook_exercise,,,20,,,True
18506,混凝土结构子分部工程包含的分项工程是______、______、______、______、______、______。,非案例题:教材习题被误标 question_type=case_study,no_question_text,textbook_exercise,,,18,,,True
18507,混凝土结构实体检验应由______单位组织施工单位实施，由______单位见证实施过程。,非案例题:教材习题被误标 question_type=case_study,no_question_text,textbook_exercise,,,30,,,True
18508,建筑地面工程包括的分项工程是______、______、______、______。,非案例题:教材习题被误标 question_type=case_study,no_question_text,textbook_exercise,,,14,,,True
18509,轻质隔墙工程包括的分项工程是______隔墙、______隔墙、______隔墙、______隔墙。,非案例题:教材习题被误标 question_type=case_study,no_question_text,textbook_exercise,,,22,,,True
18510,建筑装饰装修工程中，门窗子分部工程包括的分项工程有______安装、______安装、______安装、______安装、______安装。,非案例题:教材习题被误标 question_type=case_study,no_question_text,textbook_exercise,,,34,,,True
18511,建筑装饰装修工程中，饰面板子分部工程包括的分项工程有______安装、______安装、______安装、______安装。,非案例题:教材习题被误标 question_type=case_study,no_question_text,textbook_exercise,,,33,,,True
18512,幕墙工程包括的分项工程是______幕墙安装、______幕墙安装、______幕墙安装、______幕墙安装。,非案例题:教材习题被误标 question_type=case_study,no_question_text,textbook_exercise,,,28,,,True
18513,围护结构节能工程包括的分项工程是______节能工程、______节能工程、______节能工程、______节能工程、______节能工程、______节能工程。,非案例题:教材习题被误标 question_type=case_study,no_question_text,textbook_exercise,,,40,,,True
18514,单位工程完工后，______应组织各专业监理工程师对工程质量进行竣工预验收，施工单位______、______参加。,非案例题:教材习题被误标 question_type=case_study,no_question_text,textbook_exercise,,,36,,,True
18515,单位工程预验收通过后，由______单位向建设单位提交工程竣工报告，申请工程竣工验收。,非案例题:教材习题被误标 question_type=case_study,no_question_text,textbook_exercise,,,34,,,True
18516,建设单位收到工程竣工报告后，应由______组织，______、______、______、______单位项目负责人进行单位工程验收。,非案例题:教材习题被误标 question_type=case_study,no_question_text,textbook_exercise,,,32,,,True
18518,建设工程地基与基础工程验收人员包括哪些？,非案例题:教材习题被误标 question_type=case_study,no_question_text,textbook_exercise,,,19,,,True
18519,混凝土结构实体检验的内容包括哪些？,非案例题:教材习题被误标 question_type=case_study,no_question_text,textbook_exercise,,,16,,,True
18520,幕墙工程有关安全和功能的检测项目包括哪些？,非案例题:教材习题被误标 question_type=case_study,no_question_text,textbook_exercise,,,20,,,True
18526,施工项目成本计划应依据______性、______性、______性、______性、______性等原则进行编制。,非案例题:教材习题被误标 question_type=case_study,no_question_text,textbook_exercise,,,23,,,True
18527,施工成本按照施工项目成本划分，包括______成本、______成本、______成本、______成本。,非案例题:教材习题被误标 question_type=case_study,no_question_text,textbook_exercise,,,24,,,True
18528,全过程的施工成本管理包括哪些内容？,非案例题:教材习题被误标 question_type=case_study,no_question_text,textbook_exercise,,,16,,,True
18529,建筑工程成本分析方法中，基本分析方法包括______、______、______、______。,非案例题:教材习题被误标 question_type=case_study,no_question_text,textbook_exercise,,,19,,,True
18530,建筑工程成本分析方法中，综合分析包括______、______、______、______。,非案例题:教材习题被误标 question_type=case_study,no_question_text,textbook_exercise,,,17,,,True
18532,施工成本管理绩效的主要指标包括哪些？,非案例题:教材习题被误标 question_type=case_study,no_question_text,textbook_exercise,,,17,,,True
18533,施工成本管理绩效考核的内容包括哪些？,非案例题:教材习题被误标 question_type=case_study,no_question_text,textbook_exercise,,,17,,,True
18534,安全管理目标应包括______、______、______管理目标。,非案例题:教材习题被误标 question_type=case_study,no_question_text,textbook_exercise,,,13,,,True
18535,安全生产责任书的内容应包括______、______、______、______等。,非案例题:教材习题被误标 question_type=case_study,no_question_text,textbook_exercise,,,14,,,True
18536,安全教育培训中，三级安全教育包括______、______、______三个层次的安全教育。,非案例题:教材习题被误标 question_type=case_study,no_question_text,textbook_exercise,,,24,,,True
18537,危险源的类型包括______类、______类、______类、______类、______类、______类。,非案例题:教材习题被误标 question_type=case_study,no_question_text,textbook_exercise,,,14,,,True
18538,重大危险源控制系统组成包括事故应急救援预案、重大危险源的______、重大危险源的______、重大危险源的______。,非案例题:教材习题被误标 question_type=case_study,no_question_text,textbook_exercise,,,39,,,True
18539,施工企业安全生产管理制度包括哪些？,非案例题:教材习题被误标 question_type=case_study,no_question_text,textbook_exercise,,,16,,,True
18540,建筑施工安全教育和培训的类型包括哪些？,非案例题:教材习题被误标 question_type=case_study,no_question_text,textbook_exercise,,,18,,,True
18541,建筑施工安全教育和培训的对象包括哪些？,非案例题:教材习题被误标 question_type=case_study,no_question_text,textbook_exercise,,,18,,,True
18542,施工企业新上岗操作工人，岗前教育应培训哪些内容？,非案例题:教材习题被误标 question_type=case_study,no_question_text,textbook_exercise,,,22,,,True
18543,施工企业每年对所有从业人员进行安全生产继续教育，教育培训内容包括哪些？,非案例题:教材习题被误标 question_type=case_study,no_question_text,textbook_exercise,,,33,,,True
18544,施工安全管理中，施工企业对分包单位的安全生产管理应符合哪些要求？,非案例题:教材习题被误标 question_type=case_study,no_question_text,textbook_exercise,,,30,,,True
18545,施工安全管理中，施工企业的应急救援管理程序，应包括哪些内容？,非案例题:教材习题被误标 question_type=case_study,no_question_text,textbook_exercise,,,27,,,True
18546,危险源的辨识方法包括哪些？,非案例题:教材习题被误标 question_type=case_study,no_question_text,textbook_exercise,,,12,,,True
18547,重大危险源的风险分析评价，应包括哪些方面内容？,非案例题:教材习题被误标 question_type=case_study,no_question_text,textbook_exercise,,,21,,,True
18550,建筑施工安全检查评定划分为______、______、______三个等级。,非案例题:教材习题被误标 question_type=case_study,no_question_text,textbook_exercise,,,17,,,True
18551,施工安全检查评定为优良的条件：______。,非案例题:教材习题被误标 question_type=case_study,no_question_text,textbook_exercise,,,14,,,True
18552,施工安全检查评定为合格的条件：______。,非案例题:教材习题被误标 question_type=case_study,no_question_text,textbook_exercise,,,14,,,True
18553,施工安全检查评定为不合格的条件：______。,非案例题:教材习题被误标 question_type=case_study,no_question_text,textbook_exercise,,,15,,,True
18554,建筑工程施工现场安全检查的查操作行为（三违）指的是有无______、______、______的行为。,非案例题:教材习题被误标 question_type=case_study,no_question_text,textbook_exercise,,,28,,,True
18556,建筑工程施工安全检查时，应检查设备设施的哪些环节？,非案例题:教材习题被误标 question_type=case_study,no_question_text,textbook_exercise,,,23,,,True
18557,建筑工程施工劳动防护用品使用的安全检查包括哪些内容？,非案例题:教材习题被误标 question_type=case_study,no_question_text,textbook_exercise,,,25,,,True
18558,建筑施工安全检查的主要形式包括哪些？,非案例题:教材习题被误标 question_type=case_study,no_question_text,textbook_exercise,,,17,,,True
18559,经常性安全检查的方式包括哪些？,非案例题:教材习题被误标 question_type=case_study,no_question_text,textbook_exercise,,,14,,,True
18560,建筑工程施工安全检查应当明确哪些内容要求？,非案例题:教材习题被误标 question_type=case_study,no_question_text,textbook_exercise,,,20,,,True
18562,防护栏杆上杆距地面______m，立杆间距不应大于______m，挡脚板高度不应小于______mm。,非案例题:教材习题被误标 question_type=case_study,no_question_text,textbook_exercise,,,26,,,True
18563,移动式操作平台面积≤______m²，高度不得超过______m，高宽比≤______。,非案例题:教材习题被误标 question_type=case_study,no_question_text,textbook_exercise,,,18,,,True
18564,悬挑式操作平台台悬挑长度≤______m，应设置______个吊环，吊运时应使用______，不得使吊钩直接钩挂吊环。,非案例题:教材习题被误标 question_type=case_study,no_question_text,textbook_exercise,,,35,,,True
18565,当安全防护棚为非机动车辆通行时，棚底至地面高度不应小于______m；当安全防护棚为机动车辆通行时，棚底至地面高度不应小于______m。,非案例题:教材习题被误标 question_type=case_study,no_question_text,textbook_exercise,,,51,,,True
18566,起吊荷载达到塔吊额定起重量≥90%时，先吊离地面≤200~500mm，然后检查______、______、______。,非案例题:教材习题被误标 question_type=case_study,no_question_text,textbook_exercise,,,31,,,True
18567,危险物品与易燃易爆品的堆放距离≥______m，氧气瓶和乙炔瓶在室温下，两瓶之间的存放距离≥______m，使用时距离≥______m；气瓶距明火的距离至少______m。,非案例题:教材习题被误标 question_type=case_study,no_question_text,textbook_exercise,,,50,,,True
18571,基坑发生坍塌以前的主要迹象包括哪些？,非案例题:教材习题被误标 question_type=case_study,no_question_text,textbook_exercise,,,17,,,True
18572,基坑工程施工过程中，针对出现的渗漏水应采取哪些安全应急措施？,非案例题:教材习题被误标 question_type=case_study,no_question_text,textbook_exercise,,,28,,,True
18573,基坑工程施工过程中，针对支护结构位移过设计预警值时，应采取哪些安全应急措施？,非案例题:教材习题被误标 question_type=case_study,no_question_text,textbook_exercise,,,35,,,True
18574,基坑工程施工过程中，针对墙背土体沉陷应采取哪些安全应急措施？,非案例题:教材习题被误标 question_type=case_study,no_question_text,textbook_exercise,,,28,,,True
18575,脚手架在搭设过程中，应在哪些阶段进行检查？,非案例题:教材习题被误标 question_type=case_study,no_question_text,textbook_exercise,,,19,,,True
18576,脚手架定期检查的主要内容包括哪些？,非案例题:教材习题被误标 question_type=case_study,no_question_text,textbook_exercise,,,16,,,True
18577,主体结构工程施工中，现浇混凝土模板与支撑系统的安全隐患内容包括哪些？,非案例题:教材习题被误标 question_type=case_study,no_question_text,textbook_exercise,,,32,,,True
18578,主体结构工程施工中，混凝土浇筑的安全隐患内容包括哪些？,非案例题:教材习题被误标 question_type=case_study,no_question_text,textbook_exercise,,,25,,,True
18579,主体结构工程施工中，现浇混凝土工程的主要安全控制内容包括哪些？,非案例题:教材习题被误标 question_type=case_study,no_question_text,textbook_exercise,,,29,,,True
18580,主体结构工程施工中，装配式混凝土工程的主要安全控制内容包括哪些？,非案例题:教材习题被误标 question_type=case_study,no_question_text,textbook_exercise,,,30,,,True
18581,主体结构工程施工中，钢结构工程的主要安全控制内容包括哪些？,非案例题:教材习题被误标 question_type=case_study,no_question_text,textbook_exercise,,,27,,,True
18582,主体结构工程施工中，砌体结构安装的主要安全控制内容包括哪些？,非案例题:教材习题被误标 question_type=case_study,no_question_text,textbook_exercise,,,28,,,True
18583,建筑施工涉及哪些高处作业项时，需要在施工组织设计或施工方案中制定高处作业安全技术措施？,非案例题:教材习题被误标 question_type=case_study,no_question_text,textbook_exercise,,,41,,,True
18584,高处作业安全防护设施的验收内容包括哪些？,非案例题:教材习题被误标 question_type=case_study,no_question_text,textbook_exercise,,,19,,,True
18585,高处作业安全防护设施的验收资料包括哪些？,非案例题:教材习题被误标 question_type=case_study,no_question_text,textbook_exercise,,,19,,,True
18586,塔吊的拆装必须配备哪些人员？,非案例题:教材习题被误标 question_type=case_study,no_question_text,textbook_exercise,,,13,,,True
18587,塔吊的哪些安全保护装置，必须满足安全完整、灵敏可靠？,非案例题:教材习题被误标 question_type=case_study,no_question_text,textbook_exercise,,,23,,,True
18588,塔吊突然停电时，应采取哪些措施？,非案例题:教材习题被误标 question_type=case_study,no_question_text,textbook_exercise,,,14,,,True
18594,施工项目信息按内容属性分为______类、______类、______类、______类等管理信息。,非案例题:教材习题被误标 question_type=case_study,no_question_text,textbook_exercise,,,22,,,True
18595,施工项目信息按照管理目标分为______、______、______、______等管理信息。,非案例题:教材习题被误标 question_type=case_study,no_question_text,textbook_exercise,,,19,,,True
18596,施工项目信息按照生产要素分为______、______、______、______、______等管理信息。,非案例题:教材习题被误标 question_type=case_study,no_question_text,textbook_exercise,,,19,,,True
18597,根据《建筑与桥梁结构监测技术规范》GB 50982-2014有关规定，高层及高耸结构监测，在施工期间监测的项目包括______监测、______监测、______监测、______监测。,非案例题:教材习题被误标 question_type=case_study,no_question_text,textbook_exercise,,,57,,,True
18598,根据《建筑与桥梁结构监测技术规范》GB 50982-2014有关规定，大跨空间结构监测，在施工期间监测的项目包括______监测、______监测、______监测、______监测。,非案例题:教材习题被误标 question_type=case_study,no_question_text,textbook_exercise,,,56,,,True
18599,工程项目管理信息系统中应包括______管理子系统、______管理子系统、______管理子系统、______管理子系统、______管理子系统、______管理子系统、______管理子系统、______管理子系统。,非案例题:教材习题被误标 question_type=case_study,no_question_text,textbook_exercise,,,54,,,True
18600,建筑工程施工现场监管信息系统中，系统监管数据应包括______监管数据、______监管数据、______监管数据、______监管数据、______监管数据、______数据。,非案例题:教材习题被误标 question_type=case_study,no_question_text,textbook_exercise,,,46,,,True
18601,施工项目管理信息化在实施时，项目对外宣传的网页可显示本工程的哪些方面信息？,非案例题:教材习题被误标 question_type=case_study,no_question_text,textbook_exercise,,,35,,,True
18602,根据《建筑工程施工现场监管信息系统技术标准》JGJ/T 434-2018的有关规定，建筑工程施工现场监管信息系统组成包括哪些？,非案例题:教材习题被误标 question_type=case_study,no_question_text,textbook_exercise,,,52,,,True
18603,根据《建筑工程施工现场监管信息系统技术标准》JGJ/T 434-2018的有关规定，建筑工程施工现场监管信息系统组成中，业务应用层包括哪些子系统？,非案例题:教材习题被误标 question_type=case_study,no_question_text,textbook_exercise,,,61,,,True
18604,根据《建筑工程施工现场监管信息系统技术标准》JGJ/T 434-2018的有关规定，建筑工程施工现场监管信息系统组成中，用户层面包括哪些单位的相关业务人员？,非案例题:教材习题被误标 question_type=case_study,no_question_text,textbook_exercise,,,66,,,True
18605,根据《建筑工程施工现场监管信息系统技术标准》JGJ/T 434-2018的有关规定，建筑工程施工现场监管信息系统中，安全监管数据包括哪些内容？,非案例题:教材习题被误标 question_type=case_study,no_question_text,textbook_exercise,,,59,,,True
18606,根据《建筑工程施工现场监管信息系统技术标准》JGJ/T 434-2018的有关规定，建筑工程施工现场监管信息系统中，从业人员实名制监管数据包括哪些内容？,非案例题:教材习题被误标 question_type=case_study,no_question_text,textbook_exercise,,,64,,,True
18607,根据《建筑工程施工现场监管信息系统技术标准》JGJ/T 434-2018的有关规定，建筑工程施工现场监管信息系统中，主要的监管子系统包括哪些？,非案例题:教材习题被误标 question_type=case_study,no_question_text,textbook_exercise,,,59,,,True
18608,根据《建筑工程施工现场监管信息系统技术标准》JGJ/T 434-2018的有关规定，建筑工程施工现场监管信息系统中，质量监管子系统包括哪些功能内容？,非案例题:教材习题被误标 question_type=case_study,no_question_text,textbook_exercise,,,62,,,True
18609,根据《建筑工程施工现场监管信息系统技术标准》JGJ/T 434-2018的有关规定，建筑工程施工现场监管信息系统中，安全监管子系统包括哪些功能内容？,非案例题:教材习题被误标 question_type=case_study,no_question_text,textbook_exercise,,,62,,,True
18610,根据《建筑工程施工现场监管信息系统技术标准》JGJ/T 434-2018的有关规定，建筑工程施工现场监管信息系统中，环境监管子系统包括哪些功能内容？,非案例题:教材习题被误标 question_type=case_study,no_question_text,textbook_exercise,,,62,,,True
18611,根据《建筑工程施工现场监管信息系统技术标准》JGJ/T 434-2018的有关规定，建筑工程施工现场监管信息系统中，从业人员实名制子系统包括哪些功能内容？,非案例题:教材习题被误标 question_type=case_study,no_question_text,textbook_exercise,,,65,,,True
18612,根据《建筑基坑工程监测技术标准》GB 50497-2019有关规定，基坑工程监测范围应根据哪些因素确定？,非案例题:教材习题被误标 question_type=case_study,no_question_text,textbook_exercise,,,44,,,True
18613,根据《建筑基坑工程监测技术标准》GB 50497-2019有关规定，现场监测的对象宜包括哪些？,非案例题:教材习题被误标 question_type=case_study,no_question_text,textbook_exercise,,,39,,,True
18614,根据《建筑与桥梁结构监测技术规范》GB 50982-2014有关规定，施工期间宜重点监测的构件和节点包括哪些？,非案例题:教材习题被误标 question_type=case_study,no_question_text,textbook_exercise,,,47,,,True
18615,单位工程绿色施工评价应由______单位书面申请，在工程竣工前进行评价。,非案例题:教材习题被误标 question_type=case_study,no_question_text,textbook_exercise,,,28,,,True
18616,对从事接触职业病危害作业的劳动者，应当组织______、______、______的职业健康检查。,非案例题:教材习题被误标 question_type=case_study,no_question_text,textbook_exercise,,,27,,,True
18621,绿色施工评价框架体系的构成包括哪些？,非案例题:教材习题被误标 question_type=case_study,no_question_text,textbook_exercise,,,17,,,True
18622,节材与材料资源利用的技术要点包括哪些？,非案例题:教材习题被误标 question_type=case_study,no_question_text,textbook_exercise,,,18,,,True
18623,节水与水资源利用的技术要点包括哪些？,非案例题:教材习题被误标 question_type=case_study,no_question_text,textbook_exercise,,,17,,,True
18624,节能与能源利用的技术要点包括哪些？,非案例题:教材习题被误标 question_type=case_study,no_question_text,textbook_exercise,,,16,,,True
18625,节地与施工用地保护的技术要点包括哪些？,非案例题:教材习题被误标 question_type=case_study,no_question_text,textbook_exercise,,,18,,,True
18626,绿色施工创新技术都包括哪些技术？,非案例题:教材习题被误标 question_type=case_study,no_question_text,textbook_exercise,,,15,,,True
18627,现场常见工种配备的劳动防护用品分别包括哪些？,非案例题:教材习题被误标 question_type=case_study,no_question_text,textbook_exercise,,,21,,,True
18628,现场文明施工管理的主要内容包括哪些？,非案例题:教材习题被误标 question_type=case_study,no_question_text,textbook_exercise,,,17,,,True
18629,"为保证现场文明施工管理，建筑工程施工现场应当做到""文明施工六化""，指的是什么？",非案例题:教材习题被误标 question_type=case_study,no_question_text,textbook_exercise,,,34,,,True
18630,"为保证现场文明施工管理，努力营造良好的施工作业环境，建筑工程施工要做到""文明施工五不""，指的是什么？",非案例题:教材习题被误标 question_type=case_study,no_question_text,textbook_exercise,,,44,,,True
18631,为满足文明施工要求，现场设置的哪些临时设施所用建筑材料应符合环保、消防要求？,非案例题:教材习题被误标 question_type=case_study,no_question_text,textbook_exercise,,,35,,,True
18632,施工现场应设哪些安全文明施工宣传方式？,非案例题:教材习题被误标 question_type=case_study,no_question_text,textbook_exercise,,,18,,,True
18634,项目部应建立义务消防队，人数≥施工总人数的______%。,非案例题:教材习题被误标 question_type=case_study,no_question_text,textbook_exercise,,,19,,,True
18635,动火证当日开具，当日有效，如动火地点发生变化，则需______。,非案例题:教材习题被误标 question_type=case_study,no_question_text,textbook_exercise,,,22,,,True
18636,一级动火作业由______组织编制防火安全技术方案，填写动火申请表，报______审查批准后，方可动火。,非案例题:教材习题被误标 question_type=case_study,no_question_text,textbook_exercise,,,36,,,True
18637,二级动火作业由______组织拟定防火安全技术措施，填写动火申请表，报______审查批准后，方可动火。,非案例题:教材习题被误标 question_type=case_study,no_question_text,textbook_exercise,,,36,,,True
18638,三级动火作业由______填写动火申请表，经______审查批准后，方可动火。,非案例题:教材习题被误标 question_type=case_study,no_question_text,textbook_exercise,,,24,,,True
18639,危险品类仓库、危险物品之间的堆放距离≥______m，危险物品与易燃易爆品的堆放距离≥______m。,非案例题:教材习题被误标 question_type=case_study,no_question_text,textbook_exercise,,,32,,,True
18640,临时木料间、油漆间、木工机具间等，每______m²配备一只灭火器。,非案例题:教材习题被误标 question_type=case_study,no_question_text,textbook_exercise,,,22,,,True
18641,室外消火栓应沿消防车道或堆料场内交通道路的边缘设置，消火栓之间的距离≤______m；消防箱内消防水管长度≥______m。,非案例题:教材习题被误标 question_type=case_study,no_question_text,textbook_exercise,,,43,,,True
18642,仓库或堆料场内电缆应埋入地下，若有困难需设置架空电力线时，架空电力与露天易燃物堆垛水平距离≥电杆高度______倍。,非案例题:教材习题被误标 question_type=case_study,no_question_text,textbook_exercise,,,48,,,True
18643,仓库或堆料场所使用的照明灯具与易燃堆垛间至少应保持______m的距离。,非案例题:教材习题被误标 question_type=case_study,no_question_text,textbook_exercise,,,28,,,True
18648,根据施工现场防火要求，施工现场应明确划分哪些区域？,非案例题:教材习题被误标 question_type=case_study,no_question_text,textbook_exercise,,,23,,,True
18649,施工现场必须成立消防安全领导机构，建立健全各种消防安全职责，落实消防安全责任，其内容包括哪些？,非案例题:教材习题被误标 question_type=case_study,no_question_text,textbook_exercise,,,43,,,True
18650,施工现场的哪些场所不得使用明露高热的强光源？,非案例题:教材习题被误标 question_type=case_study,no_question_text,textbook_exercise,,,21,,,True
18651,施工现场哪些安全防护材料不得使用易燃、可燃材料？,非案例题:教材习题被误标 question_type=case_study,no_question_text,textbook_exercise,,,22,,,True
18652,施工现场大型临时设施总面积超过1200m²时，消防器材配备要求有哪些？,非案例题:教材习题被误标 question_type=case_study,no_question_text,textbook_exercise,,,31,,,True
18653,施工现场灭火器应设置在哪些明显部位？,非案例题:教材习题被误标 question_type=case_study,no_question_text,textbook_exercise,,,17,,,True
18655,不合格材料（半成品）需报请监理工程师见证退场，填写不合格材料（半成品）退场记录，退场记录需经______、______、______签字确认。,非案例题:教材习题被误标 question_type=case_study,no_question_text,textbook_exercise,,,44,,,True
18656,项目材料采购计划中，需要确定______、______、______。,非案例题:教材习题被误标 question_type=case_study,no_question_text,textbook_exercise,,,13,,,True
18657,项目材料的采购方式包括______采购、______采购、______采购。,非案例题:教材习题被误标 question_type=case_study,no_question_text,textbook_exercise,,,17,,,True
18658,项目材料的采购方式应依据______、______、______等因素确定。,非案例题:教材习题被误标 question_type=case_study,no_question_text,textbook_exercise,,,17,,,True
18659,使材料采购计划调整的常见因素包括______、______、______、______。,非案例题:教材习题被误标 question_type=case_study,no_question_text,textbook_exercise,,,16,,,True
18660,建筑材料质量控制的主要环节包括______、______、______、______。,非案例题:教材习题被误标 question_type=case_study,no_question_text,textbook_exercise,,,15,,,True
18661,材料采购控制中，供货单位的选择需考虑的因素包括______、______、______、______。,非案例题:教材习题被误标 question_type=case_study,no_question_text,textbook_exercise,,,22,,,True
18663,项目常用的材料计划包括哪些？,非案例题:教材习题被误标 question_type=case_study,no_question_text,textbook_exercise,,,13,,,True
18664,针对主要材料月度需用计划编制中，需要详细描述每项材料产品的哪些内容？,非案例题:教材习题被误标 question_type=case_study,no_question_text,textbook_exercise,,,32,,,True
18665,依据施工组织设计，周转料具需用计划按哪些内容编制？,非案例题:教材习题被误标 question_type=case_study,no_question_text,textbook_exercise,,,23,,,True
18666,周转物资的供应方式包括哪些？,非案例题:教材习题被误标 question_type=case_study,no_question_text,textbook_exercise,,,13,,,True
18667,不合格材料（半成品）需报请监理工程师见证退场，填写不合格材料（半成品）退场记录，退场记录包括哪些内容？,非案例题:教材习题被误标 question_type=case_study,no_question_text,textbook_exercise,,,44,,,True
18668,在我国各省市及地方建设行政管理部门，需要对哪些材料实行备案证明管理？,非案例题:教材习题被误标 question_type=case_study,no_question_text,textbook_exercise,,,32,,,True
18669,建筑材料与半成品质量控制中，材料质量验证记录的内容包括哪些？,非案例题:教材习题被误标 question_type=case_study,no_question_text,textbook_exercise,,,28,,,True
18672,施工项目机械设备的选择原则包括______性、______性、______性、______性、______性。,非案例题:教材习题被误标 question_type=case_study,no_question_text,textbook_exercise,,,20,,,True
18673,施工项目机械设备的选择方法包括______、______、______、______。,非案例题:教材习题被误标 question_type=case_study,no_question_text,textbook_exercise,,,15,,,True
18674,施工机械设备使用的成本费用中，固定费用包括______、______、______、______。,非案例题:教材习题被误标 question_type=case_study,no_question_text,textbook_exercise,,,20,,,True
18675,施工机械设备使用的成本费用中，可变费用包括______、______、______、______。,非案例题:教材习题被误标 question_type=case_study,no_question_text,textbook_exercise,,,20,,,True
18676,"项目机械设备的使用管理制度中，技术培训制度中使操作人员做到""四懂三会""，包括懂______、懂______、懂______、懂______，会______、会______、会______。",非案例题:教材习题被误标 question_type=case_study,no_question_text,textbook_exercise,,,41,,,True
18677,"项目机械设备的使用管理制度中，技术培训制度中使维修人员做到""三懂四会""，包括懂______、懂______、懂______，会______、会______、会______、会______。",非案例题:教材习题被误标 question_type=case_study,no_question_text,textbook_exercise,,,41,,,True
18679,施工机械设备的供应渠道包括哪些设备？,非案例题:教材习题被误标 question_type=case_study,no_question_text,textbook_exercise,,,17,,,True
18680,施工机械设备选择的依据包括哪些？,非案例题:教材习题被误标 question_type=case_study,no_question_text,textbook_exercise,,,15,,,True
18681,项目机械设备的使用管理制度包括哪些？,非案例题:教材习题被误标 question_type=case_study,no_question_text,textbook_exercise,,,17,,,True
18682,项目机械设备的使用管理制度中，交接班制度包括哪些内容？,非案例题:教材习题被误标 question_type=case_study,no_question_text,textbook_exercise,,,25,,,True
18683,项目机械设备的使用管理制度中，检查制度包括哪些内容？,非案例题:教材习题被误标 question_type=case_study,no_question_text,textbook_exercise,,,24,,,True
18684,土方机械化开挖应根据哪些因素合理选择挖土机械？,非案例题:教材习题被误标 question_type=case_study,no_question_text,textbook_exercise,,,22,,,True
18685,土方机械化施工常用机械有哪些？,非案例题:教材习题被误标 question_type=case_study,no_question_text,textbook_exercise,,,14,,,True
18686,确定劳动效率时，应该考虑哪些因素？,非案例题:教材习题被误标 question_type=case_study,no_question_text,textbook_exercise,,,15,,,True
18687,编制劳动力需求计划时，需要注意哪些因素之间的相互调节？,非案例题:教材习题被误标 question_type=case_study,no_question_text,textbook_exercise,,,25,,,True
18688,劳动力配置计划的编制方法中，可以按照哪些方法定员？,非案例题:教材习题被误标 question_type=case_study,no_question_text,textbook_exercise,,,23,,,True
18689,劳务用工企业应该与工人签订劳动合同，合同中应明确哪些内容？,非案例题:教材习题被误标 question_type=case_study,no_question_text,textbook_exercise,,,27,,,True
18690,总分包企业项目部建立的建筑劳务用工档案，要按月归集哪些文件资料？,非案例题:教材习题被误标 question_type=case_study,no_question_text,textbook_exercise,,,30,,,True
18691,劳务分包单位资源信息筛选时，包括哪些筛选要点？,非案例题:教材习题被误标 question_type=case_study,no_question_text,textbook_exercise,,,21,,,True
18692,对劳务分包单位资格预审时，资格预审的内容包括哪些？,非案例题:教材习题被误标 question_type=case_study,no_question_text,textbook_exercise,,,23,,,True
18693,对劳务分包管理中，实地考察的内容包括哪些？,非案例题:教材习题被误标 question_type=case_study,no_question_text,textbook_exercise,,,19,,,True
18694,分包单位的劳务人员在进场施工前，应将进场施工人员的哪些内容及时报送总承包商备案？,非案例题:教材习题被误标 question_type=case_study,no_question_text,textbook_exercise,,,38,,,True
18695,劳务员要做好劳务管理工作内业资料的收集、整理、归档，具体内容包括哪些？,非案例题:教材习题被误标 question_type=case_study,no_question_text,textbook_exercise,,,31,,,True
18696,劳务实名制管理的技术手段包括哪些？,非案例题:教材习题被误标 question_type=case_study,no_question_text,textbook_exercise,,,16,,,True
